id,forecast_log_id,date,store_id,product_id,predicted,actual,created_at,absolute_error
1,fe9e0b55-3601-4032-aecd-2578784f6335,2025-07-01,STR001,SKU1001,47,52.0,2025-11-04 11:16:19.423183,5.0
2,fe9e0b55-3601-4032-aecd-2578784f6335,2025-07-01,STR001,SKU1002,101,108.0,2025-11-04 11:16:19.423183,7.0
3,fe9e0b55-3601-4032-aecd-2578784f6335,2025-07-01,STR001,SKU1003,49,59.0,2025-11-04 11:16:19.423183,10.0
4,fe9e0b55-3601-4032-aecd-2578784f6335,2025-07-01,STR001,SKU1004,53,52.0,2025-11-04 11:16:19.423183,1.0
5,fe9e0b55-3601-4032-aecd-2578784f6335,2025-07-01,STR001,SKU1005,52,64.0,2025-11-04 11:16:19.423183,12.0
6,fe9e0b55-3601-4032-aecd-2578784f6335,2025-07-01,STR002,SKU1001,6,7.0,2025-11-04 11:16:19.423183,1.0
7,fe9e0b55-3601-4032-aecd-2578784f6335,2025-07-01,STR002,SKU1002,16,15.0,2025-11-04 11:16:19.423183,1.0
8,fe9e0b55-3601-4032-aecd-2578784f6335,2025-07-01,STR002,SKU1003,10,11.0,2025-11-04 11:16:19.423183,1.0
9,fe9e0b55-3601-4032-aecd-2578784f6335,2025-07-01,STR002,SKU1004,20,20.0,2025-11-04 11:16:19.423183,0.0
10,fe9e0b55-3601-4032-aecd-2578784f6335,2025-07-01,STR002,SKU1005,12,11.0,2025-11-04 11:16:19.423183,1.0
11,fe9e0b55-3601-4032-aecd-2578784f6335,2025-07-01,STR003,SKU1001,12,14.0,2025-11-04 11:16:19.423183,2.0
12,fe9e0b55-3601-4032-aecd-2578784f6335,2025-07-01,STR003,SKU1002,23,22.0,2025-11-04 11:16:19.423183,1.0
13,fe9e0b55-3601-4032-aecd-2578784f6335,2025-07-01,STR003,SKU1003,15,19.0,2025-11-04 11:16:19.423183,4.0
14,fe9e0b55-3601-4032-aecd-2578784f6335,2025-07-01,STR003,SKU1004,29,28.0,2025-11-04 11:16:19.423183,1.0
15,fe9e0b55-3601-4032-aecd-2578784f6335,2025-07-01,STR003,SKU1005,18,21.0,2025-11-04 11:16:19.423183,3.0
16,fe9e0b55-3601-4032-aecd-2578784f6335,2025-07-01,STR004,SKU1001,133,113.0,2025-11-04 11:16:19.423183,20.0
17,fe9e0b55-3601-4032-aecd-2578784f6335,2025-07-01,STR004,SKU1002,60,53.0,2025-11-04 11:16:19.423183,7.0
18,fe9e0b55-3601-4032-aecd-2578784f6335,2025-07-01,STR004,SKU1003,93,102.0,2025-11-04 11:16:19.423183,9.0
19,fe9e0b55-3601-4032-aecd-2578784f6335,2025-07-01,STR004,SKU1004,71,68.0,2025-11-04 11:16:19.423183,3.0
20,fe9e0b55-3601-4032-aecd-2578784f6335,2025-07-01,STR004,SKU1005,87,86.0,2025-11-04 11:16:19.423183,1.0
21,fe9e0b55-3601-4032-aecd-2578784f6335,2025-07-01,STR005,SKU1001,20,21.0,2025-11-04 11:16:19.423183,1.0
22,fe9e0b55-3601-4032-aecd-2578784f6335,2025-07-01,STR005,SKU1002,17,19.0,2025-11-04 11:16:19.423183,2.0
23,fe9e0b55-3601-4032-aecd-2578784f6335,2025-07-01,STR005,SKU1003,6,7.0,2025-11-04 11:16:19.423183,1.0
24,fe9e0b55-3601-4032-aecd-2578784f6335,2025-07-01,STR005,SKU1004,7,7.0,2025-11-04 11:16:19.423183,0.0
25,fe9e0b55-3601-4032-aecd-2578784f6335,2025-07-01,STR005,SKU1005,23,22.0,2025-11-04 11:16:19.423183,1.0
26,fe9e0b55-3601-4032-aecd-2578784f6335,2025-07-01,STR006,SKU1001,254,261.0,2025-11-04 11:16:19.423183,7.0
27,fe9e0b55-3601-4032-aecd-2578784f6335,2025-07-01,STR006,SKU1002,219,187.0,2025-11-04 11:16:19.423183,32.0
28,fe9e0b55-3601-4032-aecd-2578784f6335,2025-07-01,STR006,SKU1003,228,277.0,2025-11-04 11:16:19.423183,49.0
29,fe9e0b55-3601-4032-aecd-2578784f6335,2025-07-01,STR006,SKU1004,275,229.0,2025-11-04 11:16:19.423183,46.0
30,fe9e0b55-3601-4032-aecd-2578784f6335,2025-07-01,STR006,SKU1005,139,155.0,2025-11-04 11:16:19.423183,16.0
31,fe9e0b55-3601-4032-aecd-2578784f6335,2025-07-01,STR007,SKU1001,304,262.0,2025-11-04 11:16:19.423183,42.0
32,fe9e0b55-3601-4032-aecd-2578784f6335,2025-07-01,STR007,SKU1002,171,163.0,2025-11-04 11:16:19.423183,8.0
33,fe9e0b55-3601-4032-aecd-2578784f6335,2025-07-01,STR007,SKU1003,145,158.0,2025-11-04 11:16:19.423183,13.0
34,fe9e0b55-3601-4032-aecd-2578784f6335,2025-07-01,STR007,SKU1004,244,239.0,2025-11-04 11:16:19.423183,5.0
35,fe9e0b55-3601-4032-aecd-2578784f6335,2025-07-01,STR007,SKU1005,211,184.0,2025-11-04 11:16:19.423183,27.0
36,fe9e0b55-3601-4032-aecd-2578784f6335,2025-07-01,STR008,SKU1001,100,89.0,2025-11-04 11:16:19.423183,11.0
37,fe9e0b55-3601-4032-aecd-2578784f6335,2025-07-01,STR008,SKU1002,127,109.0,2025-11-04 11:16:19.423183,18.0
38,fe9e0b55-3601-4032-aecd-2578784f6335,2025-07-01,STR008,SKU1003,98,96.0,2025-11-04 11:16:19.423183,2.0
39,fe9e0b55-3601-4032-aecd-2578784f6335,2025-07-01,STR008,SKU1004,51,62.0,2025-11-04 11:16:19.423183,11.0
40,fe9e0b55-3601-4032-aecd-2578784f6335,2025-07-01,STR008,SKU1005,68,81.0,2025-11-04 11:16:19.423183,13.0
41,fe9e0b55-3601-4032-aecd-2578784f6335,2025-07-01,STR009,SKU1001,76,71.0,2025-11-04 11:16:19.423183,5.0
42,fe9e0b55-3601-4032-aecd-2578784f6335,2025-07-01,STR009,SKU1002,68,65.0,2025-11-04 11:16:19.423183,3.0
43,fe9e0b55-3601-4032-aecd-2578784f6335,2025-07-01,STR009,SKU1003,67,75.0,2025-11-04 11:16:19.423183,8.0
44,fe9e0b55-3601-4032-aecd-2578784f6335,2025-07-01,STR009,SKU1004,80,74.0,2025-11-04 11:16:19.423183,6.0
45,fe9e0b55-3601-4032-aecd-2578784f6335,2025-07-01,STR009,SKU1005,87,95.0,2025-11-04 11:16:19.423183,8.0
46,fe9e0b55-3601-4032-aecd-2578784f6335,2025-07-01,STR010,SKU1001,67,70.0,2025-11-04 11:16:19.423183,3.0
47,fe9e0b55-3601-4032-aecd-2578784f6335,2025-07-01,STR010,SKU1002,108,105.0,2025-11-04 11:16:19.423183,3.0
48,fe9e0b55-3601-4032-aecd-2578784f6335,2025-07-01,STR010,SKU1003,43,53.0,2025-11-04 11:16:19.423183,10.0
49,fe9e0b55-3601-4032-aecd-2578784f6335,2025-07-01,STR010,SKU1004,66,77.0,2025-11-04 11:16:19.423183,11.0
50,fe9e0b55-3601-4032-aecd-2578784f6335,2025-07-01,STR010,SKU1005,66,55.0,2025-11-04 11:16:19.423183,11.0
51,fe9e0b55-3601-4032-aecd-2578784f6335,2025-07-02,STR001,SKU1001,93,85.0,2025-11-04 11:16:19.423183,8.0
52,fe9e0b55-3601-4032-aecd-2578784f6335,2025-07-02,STR001,SKU1002,112,106.0,2025-11-04 11:16:19.423183,6.0
53,fe9e0b55-3601-4032-aecd-2578784f6335,2025-07-02,STR001,SKU1003,62,65.0,2025-11-04 11:16:19.423183,3.0
54,fe9e0b55-3601-4032-aecd-2578784f6335,2025-07-02,STR001,SKU1004,80,85.0,2025-11-04 11:16:19.423183,5.0
55,fe9e0b55-3601-4032-aecd-2578784f6335,2025-07-02,STR001,SKU1005,98,106.0,2025-11-04 11:16:19.423183,8.0
56,fe9e0b55-3601-4032-aecd-2578784f6335,2025-07-02,STR002,SKU1001,21,20.0,2025-11-04 11:16:19.423183,1.0
57,fe9e0b55-3601-4032-aecd-2578784f6335,2025-07-02,STR002,SKU1002,23,25.0,2025-11-04 11:16:19.423183,2.0
58,fe9e0b55-3601-4032-aecd-2578784f6335,2025-07-02,STR002,SKU1003,7,7.0,2025-11-04 11:16:19.423183,0.0
59,fe9e0b55-3601-4032-aecd-2578784f6335,2025-07-02,STR002,SKU1004,22,19.0,2025-11-04 11:16:19.423183,3.0
60,fe9e0b55-3601-4032-aecd-2578784f6335,2025-07-02,STR002,SKU1005,15,18.0,2025-11-04 11:16:19.423183,3.0
61,fe9e0b55-3601-4032-aecd-2578784f6335,2025-07-02,STR003,SKU1001,22,20.0,2025-11-04 11:16:19.423183,2.0
62,fe9e0b55-3601-4032-aecd-2578784f6335,2025-07-02,STR003,SKU1002,9,8.0,2025-11-04 11:16:19.423183,1.0
63,fe9e0b55-3601-4032-aecd-2578784f6335,2025-07-02,STR003,SKU1003,25,24.0,2025-11-04 11:16:19.423183,1.0
64,fe9e0b55-3601-4032-aecd-2578784f6335,2025-07-02,STR003,SKU1004,18,15.0,2025-11-04 11:16:19.423183,3.0
65,fe9e0b55-3601-4032-aecd-2578784f6335,2025-07-02,STR003,SKU1005,26,27.0,2025-11-04 11:16:19.423183,1.0
66,fe9e0b55-3601-4032-aecd-2578784f6335,2025-07-02,STR004,SKU1001,69,74.0,2025-11-04 11:16:19.423183,5.0
67,fe9e0b55-3601-4032-aecd-2578784f6335,2025-07-02,STR004,SKU1002,87,91.0,2025-11-04 11:16:19.423183,4.0
68,fe9e0b55-3601-4032-aecd-2578784f6335,2025-07-02,STR004,SKU1003,72,80.0,2025-11-04 11:16:19.423183,8.0
69,fe9e0b55-3601-4032-aecd-2578784f6335,2025-07-02,STR004,SKU1004,98,94.0,2025-11-04 11:16:19.423183,4.0
70,fe9e0b55-3601-4032-aecd-2578784f6335,2025-07-02,STR004,SKU1005,83,89.0,2025-11-04 11:16:19.423183,6.0
71,fe9e0b55-3601-4032-aecd-2578784f6335,2025-07-02,STR005,SKU1001,11,10.0,2025-11-04 11:16:19.423183,1.0
72,fe9e0b55-3601-4032-aecd-2578784f6335,2025-07-02,STR005,SKU1002,28,26.0,2025-11-04 11:16:19.423183,2.0
73,fe9e0b55-3601-4032-aecd-2578784f6335,2025-07-02,STR005,SKU1003,12,11.0,2025-11-04 11:16:19.423183,1.0
74,fe9e0b55-3601-4032-aecd-2578784f6335,2025-07-02,STR005,SKU1004,31,28.0,2025-11-04 11:16:19.423183,3.0
75,fe9e0b55-3601-4032-aecd-2578784f6335,2025-07-02,STR005,SKU1005,21,22.0,2025-11-04 11:16:19.423183,1.0
76,fe9e0b55-3601-4032-aecd-2578784f6335,2025-07-02,STR006,SKU1001,232,211.0,2025-11-04 11:16:19.423183,21.0
77,fe9e0b55-3601-4032-aecd-2578784f6335,2025-07-02,STR006,SKU1002,273,261.0,2025-11-04 11:16:19.423183,12.0
78,fe9e0b55-3601-4032-aecd-2578784f6335,2025-07-02,STR006,SKU1003,150,181.0,2025-11-04 11:16:19.423183,31.0
79,fe9e0b55-3601-4032-aecd-2578784f6335,2025-07-02,STR006,SKU1004,239,203.0,2025-11-04 11:16:19.423183,36.0
80,fe9e0b55-3601-4032-aecd-2578784f6335,2025-07-02,STR006,SKU1005,287,273.0,2025-11-04 11:16:19.423183,14.0
81,fe9e0b55-3601-4032-aecd-2578784f6335,2025-07-02,STR007,SKU1001,240,299.0,2025-11-04 11:16:19.423183,59.0
82,fe9e0b55-3601-4032-aecd-2578784f6335,2025-07-02,STR007,SKU1002,226,217.0,2025-11-04 11:16:19.423183,9.0
83,fe9e0b55-3601-4032-aecd-2578784f6335,2025-07-02,STR007,SKU1003,262,294.0,2025-11-04 11:16:19.423183,32.0
84,fe9e0b55-3601-4032-aecd-2578784f6335,2025-07-02,STR007,SKU1004,156,159.0,2025-11-04 11:16:19.423183,3.0
85,fe9e0b55-3601-4032-aecd-2578784f6335,2025-07-02,STR007,SKU1005,226,230.0,2025-11-04 11:16:19.423183,4.0
86,fe9e0b55-3601-4032-aecd-2578784f6335,2025-07-02,STR008,SKU1001,100,85.0,2025-11-04 11:16:19.423183,15.0
87,fe9e0b55-3601-4032-aecd-2578784f6335,2025-07-02,STR008,SKU1002,131,117.0,2025-11-04 11:16:19.423183,14.0
88,fe9e0b55-3601-4032-aecd-2578784f6335,2025-07-02,STR008,SKU1003,104,105.0,2025-11-04 11:16:19.423183,1.0
89,fe9e0b55-3601-4032-aecd-2578784f6335,2025-07-02,STR008,SKU1004,63,54.0,2025-11-04 11:16:19.423183,9.0
90,fe9e0b55-3601-4032-aecd-2578784f6335,2025-07-02,STR008,SKU1005,141,119.0,2025-11-04 11:16:19.423183,22.0
91,fe9e0b55-3601-4032-aecd-2578784f6335,2025-07-02,STR009,SKU1001,98,85.0,2025-11-04 11:16:19.423183,13.0
92,fe9e0b55-3601-4032-aecd-2578784f6335,2025-07-02,STR009,SKU1002,87,89.0,2025-11-04 11:16:19.423183,2.0
93,fe9e0b55-3601-4032-aecd-2578784f6335,2025-07-02,STR009,SKU1003,60,52.0,2025-11-04 11:16:19.423183,8.0
94,fe9e0b55-3601-4032-aecd-2578784f6335,2025-07-02,STR009,SKU1004,125,107.0,2025-11-04 11:16:19.423183,18.0
95,fe9e0b55-3601-4032-aecd-2578784f6335,2025-07-02,STR009,SKU1005,91,95.0,2025-11-04 11:16:19.423183,4.0
96,fe9e0b55-3601-4032-aecd-2578784f6335,2025-07-02,STR010,SKU1001,62,69.0,2025-11-04 11:16:19.423183,7.0
97,fe9e0b55-3601-4032-aecd-2578784f6335,2025-07-02,STR010,SKU1002,57,58.0,2025-11-04 11:16:19.423183,1.0
98,fe9e0b55-3601-4032-aecd-2578784f6335,2025-07-02,STR010,SKU1003,117,98.0,2025-11-04 11:16:19.423183,19.0
99,fe9e0b55-3601-4032-aecd-2578784f6335,2025-07-02,STR010,SKU1004,131,112.0,2025-11-04 11:16:19.423183,19.0
100,fe9e0b55-3601-4032-aecd-2578784f6335,2025-07-02,STR010,SKU1005,42,50.0,2025-11-04 11:16:19.423183,8.0
101,fe9e0b55-3601-4032-aecd-2578784f6335,2025-07-03,STR001,SKU1001,50,58.0,2025-11-04 11:16:19.423183,8.0
102,fe9e0b55-3601-4032-aecd-2578784f6335,2025-07-03,STR001,SKU1002,84,75.0,2025-11-04 11:16:19.423183,9.0
103,fe9e0b55-3601-4032-aecd-2578784f6335,2025-07-03,STR001,SKU1003,84,84.0,2025-11-04 11:16:19.423183,0.0
104,fe9e0b55-3601-4032-aecd-2578784f6335,2025-07-03,STR001,SKU1004,75,83.0,2025-11-04 11:16:19.423183,8.0
105,fe9e0b55-3601-4032-aecd-2578784f6335,2025-07-03,STR001,SKU1005,67,62.0,2025-11-04 11:16:19.423183,5.0
106,fe9e0b55-3601-4032-aecd-2578784f6335,2025-07-03,STR002,SKU1001,25,22.0,2025-11-04 11:16:19.423183,3.0
107,fe9e0b55-3601-4032-aecd-2578784f6335,2025-07-03,STR002,SKU1002,24,23.0,2025-11-04 11:16:19.423183,1.0
108,fe9e0b55-3601-4032-aecd-2578784f6335,2025-07-03,STR002,SKU1003,5,5.0,2025-11-04 11:16:19.423183,0.0
109,fe9e0b55-3601-4032-aecd-2578784f6335,2025-07-03,STR002,SKU1004,20,25.0,2025-11-04 11:16:19.423183,5.0
110,fe9e0b55-3601-4032-aecd-2578784f6335,2025-07-03,STR002,SKU1005,5,6.0,2025-11-04 11:16:19.423183,1.0
111,fe9e0b55-3601-4032-aecd-2578784f6335,2025-07-03,STR003,SKU1001,5,6.0,2025-11-04 11:16:19.423183,1.0
112,fe9e0b55-3601-4032-aecd-2578784f6335,2025-07-03,STR003,SKU1002,13,13.0,2025-11-04 11:16:19.423183,0.0
113,fe9e0b55-3601-4032-aecd-2578784f6335,2025-07-03,STR003,SKU1003,6,5.0,2025-11-04 11:16:19.423183,1.0
114,fe9e0b55-3601-4032-aecd-2578784f6335,2025-07-03,STR003,SKU1004,18,18.0,2025-11-04 11:16:19.423183,0.0
115,fe9e0b55-3601-4032-aecd-2578784f6335,2025-07-03,STR003,SKU1005,24,21.0,2025-11-04 11:16:19.423183,3.0
116,fe9e0b55-3601-4032-aecd-2578784f6335,2025-07-03,STR004,SKU1001,103,108.0,2025-11-04 11:16:19.423183,5.0
117,fe9e0b55-3601-4032-aecd-2578784f6335,2025-07-03,STR004,SKU1002,69,64.0,2025-11-04 11:16:19.423183,5.0
118,fe9e0b55-3601-4032-aecd-2578784f6335,2025-07-03,STR004,SKU1003,101,87.0,2025-11-04 11:16:19.423183,14.0
119,fe9e0b55-3601-4032-aecd-2578784f6335,2025-07-03,STR004,SKU1004,61,54.0,2025-11-04 11:16:19.423183,7.0
120,fe9e0b55-3601-4032-aecd-2578784f6335,2025-07-03,STR004,SKU1005,114,112.0,2025-11-04 11:16:19.423183,2.0
121,fe9e0b55-3601-4032-aecd-2578784f6335,2025-07-03,STR005,SKU1001,7,6.0,2025-11-04 11:16:19.423183,1.0
122,fe9e0b55-3601-4032-aecd-2578784f6335,2025-07-03,STR005,SKU1002,15,19.0,2025-11-04 11:16:19.423183,4.0
123,fe9e0b55-3601-4032-aecd-2578784f6335,2025-07-03,STR005,SKU1003,10,10.0,2025-11-04 11:16:19.423183,0.0
124,fe9e0b55-3601-4032-aecd-2578784f6335,2025-07-03,STR005,SKU1004,8,9.0,2025-11-04 11:16:19.423183,1.0
125,fe9e0b55-3601-4032-aecd-2578784f6335,2025-07-03,STR005,SKU1005,5,5.0,2025-11-04 11:16:19.423183,0.0
126,fe9e0b55-3601-4032-aecd-2578784f6335,2025-07-03,STR006,SKU1001,181,169.0,2025-11-04 11:16:19.423183,12.0
127,fe9e0b55-3601-4032-aecd-2578784f6335,2025-07-03,STR006,SKU1002,186,224.0,2025-11-04 11:16:19.423183,38.0
128,fe9e0b55-3601-4032-aecd-2578784f6335,2025-07-03,STR006,SKU1003,179,216.0,2025-11-04 11:16:19.423183,37.0
129,fe9e0b55-3601-4032-aecd-2578784f6335,2025-07-03,STR006,SKU1004,234,198.0,2025-11-04 11:16:19.423183,36.0
130,fe9e0b55-3601-4032-aecd-2578784f6335,2025-07-03,STR006,SKU1005,159,169.0,2025-11-04 11:16:19.423183,10.0
131,fe9e0b55-3601-4032-aecd-2578784f6335,2025-07-03,STR007,SKU1001,308,293.0,2025-11-04 11:16:19.423183,15.0
132,fe9e0b55-3601-4032-aecd-2578784f6335,2025-07-03,STR007,SKU1002,280,253.0,2025-11-04 11:16:19.423183,27.0
133,fe9e0b55-3601-4032-aecd-2578784f6335,2025-07-03,STR007,SKU1003,146,155.0,2025-11-04 11:16:19.423183,9.0
134,fe9e0b55-3601-4032-aecd-2578784f6335,2025-07-03,STR007,SKU1004,327,283.0,2025-11-04 11:16:19.423183,44.0
135,fe9e0b55-3601-4032-aecd-2578784f6335,2025-07-03,STR007,SKU1005,206,196.0,2025-11-04 11:16:19.423183,10.0
136,fe9e0b55-3601-4032-aecd-2578784f6335,2025-07-03,STR008,SKU1001,74,85.0,2025-11-04 11:16:19.423183,11.0
137,fe9e0b55-3601-4032-aecd-2578784f6335,2025-07-03,STR008,SKU1002,96,106.0,2025-11-04 11:16:19.423183,10.0
138,fe9e0b55-3601-4032-aecd-2578784f6335,2025-07-03,STR008,SKU1003,135,116.0,2025-11-04 11:16:19.423183,19.0
139,fe9e0b55-3601-4032-aecd-2578784f6335,2025-07-03,STR008,SKU1004,58,56.0,2025-11-04 11:16:19.423183,2.0
140,fe9e0b55-3601-4032-aecd-2578784f6335,2025-07-03,STR008,SKU1005,93,84.0,2025-11-04 11:16:19.423183,9.0
141,fe9e0b55-3601-4032-aecd-2578784f6335,2025-07-03,STR009,SKU1001,61,55.0,2025-11-04 11:16:19.423183,6.0
142,fe9e0b55-3601-4032-aecd-2578784f6335,2025-07-03,STR009,SKU1002,120,103.0,2025-11-04 11:16:19.423183,17.0
143,fe9e0b55-3601-4032-aecd-2578784f6335,2025-07-03,STR009,SKU1003,50,55.0,2025-11-04 11:16:19.423183,5.0
144,fe9e0b55-3601-4032-aecd-2578784f6335,2025-07-03,STR009,SKU1004,95,96.0,2025-11-04 11:16:19.423183,1.0
145,fe9e0b55-3601-4032-aecd-2578784f6335,2025-07-03,STR009,SKU1005,92,86.0,2025-11-04 11:16:19.423183,6.0
146,fe9e0b55-3601-4032-aecd-2578784f6335,2025-07-03,STR010,SKU1001,75,83.0,2025-11-04 11:16:19.423183,8.0
147,fe9e0b55-3601-4032-aecd-2578784f6335,2025-07-03,STR010,SKU1002,89,82.0,2025-11-04 11:16:19.423183,7.0
148,fe9e0b55-3601-4032-aecd-2578784f6335,2025-07-03,STR010,SKU1003,74,79.0,2025-11-04 11:16:19.423183,5.0
149,fe9e0b55-3601-4032-aecd-2578784f6335,2025-07-03,STR010,SKU1004,63,72.0,2025-11-04 11:16:19.423183,9.0
150,fe9e0b55-3601-4032-aecd-2578784f6335,2025-07-03,STR010,SKU1005,102,94.0,2025-11-04 11:16:19.423183,8.0
151,fe9e0b55-3601-4032-aecd-2578784f6335,2025-07-04,STR001,SKU1001,81,76.0,2025-11-04 11:16:19.423183,5.0
152,fe9e0b55-3601-4032-aecd-2578784f6335,2025-07-04,STR001,SKU1002,67,80.0,2025-11-04 11:16:19.423183,13.0
153,fe9e0b55-3601-4032-aecd-2578784f6335,2025-07-04,STR001,SKU1003,74,66.0,2025-11-04 11:16:19.423183,8.0
154,fe9e0b55-3601-4032-aecd-2578784f6335,2025-07-04,STR001,SKU1004,105,95.0,2025-11-04 11:16:19.423183,10.0
155,fe9e0b55-3601-4032-aecd-2578784f6335,2025-07-04,STR001,SKU1005,95,114.0,2025-11-04 11:16:19.423183,19.0
156,fe9e0b55-3601-4032-aecd-2578784f6335,2025-07-04,STR002,SKU1001,15,15.0,2025-11-04 11:16:19.423183,0.0
157,fe9e0b55-3601-4032-aecd-2578784f6335,2025-07-04,STR002,SKU1002,23,23.0,2025-11-04 11:16:19.423183,0.0
158,fe9e0b55-3601-4032-aecd-2578784f6335,2025-07-04,STR002,SKU1003,19,21.0,2025-11-04 11:16:19.423183,2.0
159,fe9e0b55-3601-4032-aecd-2578784f6335,2025-07-04,STR002,SKU1004,12,12.0,2025-11-04 11:16:19.423183,0.0
160,fe9e0b55-3601-4032-aecd-2578784f6335,2025-07-04,STR002,SKU1005,6,6.0,2025-11-04 11:16:19.423183,0.0
161,fe9e0b55-3601-4032-aecd-2578784f6335,2025-07-04,STR003,SKU1001,7,8.0,2025-11-04 11:16:19.423183,1.0
162,fe9e0b55-3601-4032-aecd-2578784f6335,2025-07-04,STR003,SKU1002,30,28.0,2025-11-04 11:16:19.423183,2.0
163,fe9e0b55-3601-4032-aecd-2578784f6335,2025-07-04,STR003,SKU1003,21,22.0,2025-11-04 11:16:19.423183,1.0
164,fe9e0b55-3601-4032-aecd-2578784f6335,2025-07-04,STR003,SKU1004,11,10.0,2025-11-04 11:16:19.423183,1.0
165,fe9e0b55-3601-4032-aecd-2578784f6335,2025-07-04,STR003,SKU1005,25,23.0,2025-11-04 11:16:19.423183,2.0
166,fe9e0b55-3601-4032-aecd-2578784f6335,2025-07-04,STR004,SKU1001,102,102.0,2025-11-04 11:16:19.423183,0.0
167,fe9e0b55-3601-4032-aecd-2578784f6335,2025-07-04,STR004,SKU1002,81,85.0,2025-11-04 11:16:19.423183,4.0
168,fe9e0b55-3601-4032-aecd-2578784f6335,2025-07-04,STR004,SKU1003,91,102.0,2025-11-04 11:16:19.423183,11.0
169,fe9e0b55-3601-4032-aecd-2578784f6335,2025-07-04,STR004,SKU1004,72,70.0,2025-11-04 11:16:19.423183,2.0
170,fe9e0b55-3601-4032-aecd-2578784f6335,2025-07-04,STR004,SKU1005,61,69.0,2025-11-04 11:16:19.423183,8.0
171,fe9e0b55-3601-4032-aecd-2578784f6335,2025-07-04,STR005,SKU1001,10,9.0,2025-11-04 11:16:19.423183,1.0
172,fe9e0b55-3601-4032-aecd-2578784f6335,2025-07-04,STR005,SKU1002,30,27.0,2025-11-04 11:16:19.423183,3.0
173,fe9e0b55-3601-4032-aecd-2578784f6335,2025-07-04,STR005,SKU1003,11,12.0,2025-11-04 11:16:19.423183,1.0
174,fe9e0b55-3601-4032-aecd-2578784f6335,2025-07-04,STR005,SKU1004,9,8.0,2025-11-04 11:16:19.423183,1.0
175,fe9e0b55-3601-4032-aecd-2578784f6335,2025-07-04,STR005,SKU1005,22,26.0,2025-11-04 11:16:19.423183,4.0
176,fe9e0b55-3601-4032-aecd-2578784f6335,2025-07-04,STR006,SKU1001,204,209.0,2025-11-04 11:16:19.423183,5.0
177,fe9e0b55-3601-4032-aecd-2578784f6335,2025-07-04,STR006,SKU1002,338,288.0,2025-11-04 11:16:19.423183,50.0
178,fe9e0b55-3601-4032-aecd-2578784f6335,2025-07-04,STR006,SKU1003,184,212.0,2025-11-04 11:16:19.423183,28.0
179,fe9e0b55-3601-4032-aecd-2578784f6335,2025-07-04,STR006,SKU1004,298,298.0,2025-11-04 11:16:19.423183,0.0
180,fe9e0b55-3601-4032-aecd-2578784f6335,2025-07-04,STR006,SKU1005,253,272.0,2025-11-04 11:16:19.423183,19.0
181,fe9e0b55-3601-4032-aecd-2578784f6335,2025-07-04,STR007,SKU1001,142,172.0,2025-11-04 11:16:19.423183,30.0
182,fe9e0b55-3601-4032-aecd-2578784f6335,2025-07-04,STR007,SKU1002,230,241.0,2025-11-04 11:16:19.423183,11.0
183,fe9e0b55-3601-4032-aecd-2578784f6335,2025-07-04,STR007,SKU1003,290,283.0,2025-11-04 11:16:19.423183,7.0
184,fe9e0b55-3601-4032-aecd-2578784f6335,2025-07-04,STR007,SKU1004,229,283.0,2025-11-04 11:16:19.423183,54.0
185,fe9e0b55-3601-4032-aecd-2578784f6335,2025-07-04,STR007,SKU1005,150,152.0,2025-11-04 11:16:19.423183,2.0
186,fe9e0b55-3601-4032-aecd-2578784f6335,2025-07-04,STR008,SKU1001,74,72.0,2025-11-04 11:16:19.423183,2.0
187,fe9e0b55-3601-4032-aecd-2578784f6335,2025-07-04,STR008,SKU1002,64,68.0,2025-11-04 11:16:19.423183,4.0
188,fe9e0b55-3601-4032-aecd-2578784f6335,2025-07-04,STR008,SKU1003,109,104.0,2025-11-04 11:16:19.423183,5.0
189,fe9e0b55-3601-4032-aecd-2578784f6335,2025-07-04,STR008,SKU1004,103,110.0,2025-11-04 11:16:19.423183,7.0
190,fe9e0b55-3601-4032-aecd-2578784f6335,2025-07-04,STR008,SKU1005,126,115.0,2025-11-04 11:16:19.423183,11.0
191,fe9e0b55-3601-4032-aecd-2578784f6335,2025-07-04,STR009,SKU1001,78,85.0,2025-11-04 11:16:19.423183,7.0
192,fe9e0b55-3601-4032-aecd-2578784f6335,2025-07-04,STR009,SKU1002,101,119.0,2025-11-04 11:16:19.423183,18.0
193,fe9e0b55-3601-4032-aecd-2578784f6335,2025-07-04,STR009,SKU1003,60,62.0,2025-11-04 11:16:19.423183,2.0
194,fe9e0b55-3601-4032-aecd-2578784f6335,2025-07-04,STR009,SKU1004,84,83.0,2025-11-04 11:16:19.423183,1.0
195,fe9e0b55-3601-4032-aecd-2578784f6335,2025-07-04,STR009,SKU1005,84,85.0,2025-11-04 11:16:19.423183,1.0
196,fe9e0b55-3601-4032-aecd-2578784f6335,2025-07-04,STR010,SKU1001,103,105.0,2025-11-04 11:16:19.423183,2.0
197,fe9e0b55-3601-4032-aecd-2578784f6335,2025-07-04,STR010,SKU1002,88,89.0,2025-11-04 11:16:19.423183,1.0
198,fe9e0b55-3601-4032-aecd-2578784f6335,2025-07-04,STR010,SKU1003,110,103.0,2025-11-04 11:16:19.423183,7.0
199,fe9e0b55-3601-4032-aecd-2578784f6335,2025-07-04,STR010,SKU1004,98,113.0,2025-11-04 11:16:19.423183,15.0
200,fe9e0b55-3601-4032-aecd-2578784f6335,2025-07-04,STR010,SKU1005,64,65.0,2025-11-04 11:16:19.423183,1.0
201,fe9e0b55-3601-4032-aecd-2578784f6335,2025-07-05,STR001,SKU1001,73,61.0,2025-11-04 11:16:19.423183,12.0
202,fe9e0b55-3601-4032-aecd-2578784f6335,2025-07-05,STR001,SKU1002,63,75.0,2025-11-04 11:16:19.423183,12.0
203,fe9e0b55-3601-4032-aecd-2578784f6335,2025-07-05,STR001,SKU1003,122,118.0,2025-11-04 11:16:19.423183,4.0
204,fe9e0b55-3601-4032-aecd-2578784f6335,2025-07-05,STR001,SKU1004,117,102.0,2025-11-04 11:16:19.423183,15.0
205,fe9e0b55-3601-4032-aecd-2578784f6335,2025-07-05,STR001,SKU1005,80,96.0,2025-11-04 11:16:19.423183,16.0
206,fe9e0b55-3601-4032-aecd-2578784f6335,2025-07-05,STR002,SKU1001,9,8.0,2025-11-04 11:16:19.423183,1.0
207,fe9e0b55-3601-4032-aecd-2578784f6335,2025-07-05,STR002,SKU1002,26,26.0,2025-11-04 11:16:19.423183,0.0
208,fe9e0b55-3601-4032-aecd-2578784f6335,2025-07-05,STR002,SKU1003,16,17.0,2025-11-04 11:16:19.423183,1.0
209,fe9e0b55-3601-4032-aecd-2578784f6335,2025-07-05,STR002,SKU1004,9,11.0,2025-11-04 11:16:19.423183,2.0
210,fe9e0b55-3601-4032-aecd-2578784f6335,2025-07-05,STR002,SKU1005,26,26.0,2025-11-04 11:16:19.423183,0.0
211,fe9e0b55-3601-4032-aecd-2578784f6335,2025-07-05,STR003,SKU1001,5,6.0,2025-11-04 11:16:19.423183,1.0
212,fe9e0b55-3601-4032-aecd-2578784f6335,2025-07-05,STR003,SKU1002,5,5.0,2025-11-04 11:16:19.423183,0.0
213,fe9e0b55-3601-4032-aecd-2578784f6335,2025-07-05,STR003,SKU1003,6,6.0,2025-11-04 11:16:19.423183,0.0
214,fe9e0b55-3601-4032-aecd-2578784f6335,2025-07-05,STR003,SKU1004,9,10.0,2025-11-04 11:16:19.423183,1.0
215,fe9e0b55-3601-4032-aecd-2578784f6335,2025-07-05,STR003,SKU1005,19,23.0,2025-11-04 11:16:19.423183,4.0
216,fe9e0b55-3601-4032-aecd-2578784f6335,2025-07-05,STR004,SKU1001,82,99.0,2025-11-04 11:16:19.423183,17.0
217,fe9e0b55-3601-4032-aecd-2578784f6335,2025-07-05,STR004,SKU1002,55,54.0,2025-11-04 11:16:19.423183,1.0
218,fe9e0b55-3601-4032-aecd-2578784f6335,2025-07-05,STR004,SKU1003,101,93.0,2025-11-04 11:16:19.423183,8.0
219,fe9e0b55-3601-4032-aecd-2578784f6335,2025-07-05,STR004,SKU1004,87,81.0,2025-11-04 11:16:19.423183,6.0
220,fe9e0b55-3601-4032-aecd-2578784f6335,2025-07-05,STR004,SKU1005,52,54.0,2025-11-04 11:16:19.423183,2.0
221,fe9e0b55-3601-4032-aecd-2578784f6335,2025-07-05,STR005,SKU1001,6,8.0,2025-11-04 11:16:19.423183,2.0
222,fe9e0b55-3601-4032-aecd-2578784f6335,2025-07-05,STR005,SKU1002,13,15.0,2025-11-04 11:16:19.423183,2.0
223,fe9e0b55-3601-4032-aecd-2578784f6335,2025-07-05,STR005,SKU1003,30,27.0,2025-11-04 11:16:19.423183,3.0
224,fe9e0b55-3601-4032-aecd-2578784f6335,2025-07-05,STR005,SKU1004,22,18.0,2025-11-04 11:16:19.423183,4.0
225,fe9e0b55-3601-4032-aecd-2578784f6335,2025-07-05,STR005,SKU1005,16,16.0,2025-11-04 11:16:19.423183,0.0
226,fe9e0b55-3601-4032-aecd-2578784f6335,2025-07-05,STR006,SKU1001,250,270.0,2025-11-04 11:16:19.423183,20.0
227,fe9e0b55-3601-4032-aecd-2578784f6335,2025-07-05,STR006,SKU1002,267,223.0,2025-11-04 11:16:19.423183,44.0
228,fe9e0b55-3601-4032-aecd-2578784f6335,2025-07-05,STR006,SKU1003,235,282.0,2025-11-04 11:16:19.423183,47.0
229,fe9e0b55-3601-4032-aecd-2578784f6335,2025-07-05,STR006,SKU1004,179,173.0,2025-11-04 11:16:19.423183,6.0
230,fe9e0b55-3601-4032-aecd-2578784f6335,2025-07-05,STR006,SKU1005,157,177.0,2025-11-04 11:16:19.423183,20.0
231,fe9e0b55-3601-4032-aecd-2578784f6335,2025-07-05,STR007,SKU1001,260,276.0,2025-11-04 11:16:19.423183,16.0
232,fe9e0b55-3601-4032-aecd-2578784f6335,2025-07-05,STR007,SKU1002,266,243.0,2025-11-04 11:16:19.423183,23.0
233,fe9e0b55-3601-4032-aecd-2578784f6335,2025-07-05,STR007,SKU1003,237,228.0,2025-11-04 11:16:19.423183,9.0
234,fe9e0b55-3601-4032-aecd-2578784f6335,2025-07-05,STR007,SKU1004,226,205.0,2025-11-04 11:16:19.423183,21.0
235,fe9e0b55-3601-4032-aecd-2578784f6335,2025-07-05,STR007,SKU1005,158,188.0,2025-11-04 11:16:19.423183,30.0
236,fe9e0b55-3601-4032-aecd-2578784f6335,2025-07-05,STR008,SKU1001,99,99.0,2025-11-04 11:16:19.423183,0.0
237,fe9e0b55-3601-4032-aecd-2578784f6335,2025-07-05,STR008,SKU1002,74,82.0,2025-11-04 11:16:19.423183,8.0
238,fe9e0b55-3601-4032-aecd-2578784f6335,2025-07-05,STR008,SKU1003,62,53.0,2025-11-04 11:16:19.423183,9.0
239,fe9e0b55-3601-4032-aecd-2578784f6335,2025-07-05,STR008,SKU1004,78,94.0,2025-11-04 11:16:19.423183,16.0
240,fe9e0b55-3601-4032-aecd-2578784f6335,2025-07-05,STR008,SKU1005,94,110.0,2025-11-04 11:16:19.423183,16.0
241,fe9e0b55-3601-4032-aecd-2578784f6335,2025-07-05,STR009,SKU1001,96,94.0,2025-11-04 11:16:19.423183,2.0
242,fe9e0b55-3601-4032-aecd-2578784f6335,2025-07-05,STR009,SKU1002,88,84.0,2025-11-04 11:16:19.423183,4.0
243,fe9e0b55-3601-4032-aecd-2578784f6335,2025-07-05,STR009,SKU1003,80,88.0,2025-11-04 11:16:19.423183,8.0
244,fe9e0b55-3601-4032-aecd-2578784f6335,2025-07-05,STR009,SKU1004,51,53.0,2025-11-04 11:16:19.423183,2.0
245,fe9e0b55-3601-4032-aecd-2578784f6335,2025-07-05,STR009,SKU1005,48,58.0,2025-11-04 11:16:19.423183,10.0
246,fe9e0b55-3601-4032-aecd-2578784f6335,2025-07-05,STR010,SKU1001,54,67.0,2025-11-04 11:16:19.423183,13.0
247,fe9e0b55-3601-4032-aecd-2578784f6335,2025-07-05,STR010,SKU1002,56,68.0,2025-11-04 11:16:19.423183,12.0
248,fe9e0b55-3601-4032-aecd-2578784f6335,2025-07-05,STR010,SKU1003,62,55.0,2025-11-04 11:16:19.423183,7.0
249,fe9e0b55-3601-4032-aecd-2578784f6335,2025-07-05,STR010,SKU1004,137,118.0,2025-11-04 11:16:19.423183,19.0
250,fe9e0b55-3601-4032-aecd-2578784f6335,2025-07-05,STR010,SKU1005,94,90.0,2025-11-04 11:16:19.423183,4.0
251,fe9e0b55-3601-4032-aecd-2578784f6335,2025-07-06,STR001,SKU1001,77,88.0,2025-11-04 11:16:19.423183,11.0
252,fe9e0b55-3601-4032-aecd-2578784f6335,2025-07-06,STR001,SKU1002,115,104.0,2025-11-04 11:16:19.423183,11.0
253,fe9e0b55-3601-4032-aecd-2578784f6335,2025-07-06,STR001,SKU1003,119,113.0,2025-11-04 11:16:19.423183,6.0
254,fe9e0b55-3601-4032-aecd-2578784f6335,2025-07-06,STR001,SKU1004,68,57.0,2025-11-04 11:16:19.423183,11.0
255,fe9e0b55-3601-4032-aecd-2578784f6335,2025-07-06,STR001,SKU1005,81,74.0,2025-11-04 11:16:19.423183,7.0
256,fe9e0b55-3601-4032-aecd-2578784f6335,2025-07-06,STR002,SKU1001,11,13.0,2025-11-04 11:16:19.423183,2.0
257,fe9e0b55-3601-4032-aecd-2578784f6335,2025-07-06,STR002,SKU1002,16,16.0,2025-11-04 11:16:19.423183,0.0
258,fe9e0b55-3601-4032-aecd-2578784f6335,2025-07-06,STR002,SKU1003,16,15.0,2025-11-04 11:16:19.423183,1.0
259,fe9e0b55-3601-4032-aecd-2578784f6335,2025-07-06,STR002,SKU1004,18,16.0,2025-11-04 11:16:19.423183,2.0
260,fe9e0b55-3601-4032-aecd-2578784f6335,2025-07-06,STR002,SKU1005,24,27.0,2025-11-04 11:16:19.423183,3.0
261,fe9e0b55-3601-4032-aecd-2578784f6335,2025-07-06,STR003,SKU1001,12,15.0,2025-11-04 11:16:19.423183,3.0
262,fe9e0b55-3601-4032-aecd-2578784f6335,2025-07-06,STR003,SKU1002,22,22.0,2025-11-04 11:16:19.423183,0.0
263,fe9e0b55-3601-4032-aecd-2578784f6335,2025-07-06,STR003,SKU1003,15,17.0,2025-11-04 11:16:19.423183,2.0
264,fe9e0b55-3601-4032-aecd-2578784f6335,2025-07-06,STR003,SKU1004,8,9.0,2025-11-04 11:16:19.423183,1.0
265,fe9e0b55-3601-4032-aecd-2578784f6335,2025-07-06,STR003,SKU1005,23,20.0,2025-11-04 11:16:19.423183,3.0
266,fe9e0b55-3601-4032-aecd-2578784f6335,2025-07-06,STR004,SKU1001,56,68.0,2025-11-04 11:16:19.423183,12.0
267,fe9e0b55-3601-4032-aecd-2578784f6335,2025-07-06,STR004,SKU1002,90,107.0,2025-11-04 11:16:19.423183,17.0
268,fe9e0b55-3601-4032-aecd-2578784f6335,2025-07-06,STR004,SKU1003,60,70.0,2025-11-04 11:16:19.423183,10.0
269,fe9e0b55-3601-4032-aecd-2578784f6335,2025-07-06,STR004,SKU1004,61,58.0,2025-11-04 11:16:19.423183,3.0
270,fe9e0b55-3601-4032-aecd-2578784f6335,2025-07-06,STR004,SKU1005,51,60.0,2025-11-04 11:16:19.423183,9.0
271,fe9e0b55-3601-4032-aecd-2578784f6335,2025-07-06,STR005,SKU1001,22,22.0,2025-11-04 11:16:19.423183,0.0
272,fe9e0b55-3601-4032-aecd-2578784f6335,2025-07-06,STR005,SKU1002,14,12.0,2025-11-04 11:16:19.423183,2.0
273,fe9e0b55-3601-4032-aecd-2578784f6335,2025-07-06,STR005,SKU1003,25,24.0,2025-11-04 11:16:19.423183,1.0
274,fe9e0b55-3601-4032-aecd-2578784f6335,2025-07-06,STR005,SKU1004,29,25.0,2025-11-04 11:16:19.423183,4.0
275,fe9e0b55-3601-4032-aecd-2578784f6335,2025-07-06,STR005,SKU1005,21,21.0,2025-11-04 11:16:19.423183,0.0
276,fe9e0b55-3601-4032-aecd-2578784f6335,2025-07-06,STR006,SKU1001,290,265.0,2025-11-04 11:16:19.423183,25.0
277,fe9e0b55-3601-4032-aecd-2578784f6335,2025-07-06,STR006,SKU1002,263,231.0,2025-11-04 11:16:19.423183,32.0
278,fe9e0b55-3601-4032-aecd-2578784f6335,2025-07-06,STR006,SKU1003,262,243.0,2025-11-04 11:16:19.423183,19.0
279,fe9e0b55-3601-4032-aecd-2578784f6335,2025-07-06,STR006,SKU1004,250,276.0,2025-11-04 11:16:19.423183,26.0
280,fe9e0b55-3601-4032-aecd-2578784f6335,2025-07-06,STR006,SKU1005,261,255.0,2025-11-04 11:16:19.423183,6.0
281,fe9e0b55-3601-4032-aecd-2578784f6335,2025-07-06,STR007,SKU1001,179,159.0,2025-11-04 11:16:19.423183,20.0
282,fe9e0b55-3601-4032-aecd-2578784f6335,2025-07-06,STR007,SKU1002,165,204.0,2025-11-04 11:16:19.423183,39.0
283,fe9e0b55-3601-4032-aecd-2578784f6335,2025-07-06,STR007,SKU1003,274,275.0,2025-11-04 11:16:19.423183,1.0
284,fe9e0b55-3601-4032-aecd-2578784f6335,2025-07-06,STR007,SKU1004,195,235.0,2025-11-04 11:16:19.423183,40.0
285,fe9e0b55-3601-4032-aecd-2578784f6335,2025-07-06,STR007,SKU1005,169,150.0,2025-11-04 11:16:19.423183,19.0
286,fe9e0b55-3601-4032-aecd-2578784f6335,2025-07-06,STR008,SKU1001,97,99.0,2025-11-04 11:16:19.423183,2.0
287,fe9e0b55-3601-4032-aecd-2578784f6335,2025-07-06,STR008,SKU1002,76,74.0,2025-11-04 11:16:19.423183,2.0
288,fe9e0b55-3601-4032-aecd-2578784f6335,2025-07-06,STR008,SKU1003,104,97.0,2025-11-04 11:16:19.423183,7.0
289,fe9e0b55-3601-4032-aecd-2578784f6335,2025-07-06,STR008,SKU1004,95,110.0,2025-11-04 11:16:19.423183,15.0
290,fe9e0b55-3601-4032-aecd-2578784f6335,2025-07-06,STR008,SKU1005,106,114.0,2025-11-04 11:16:19.423183,8.0
291,fe9e0b55-3601-4032-aecd-2578784f6335,2025-07-06,STR009,SKU1001,51,50.0,2025-11-04 11:16:19.423183,1.0
292,fe9e0b55-3601-4032-aecd-2578784f6335,2025-07-06,STR009,SKU1002,86,73.0,2025-11-04 11:16:19.423183,13.0
293,fe9e0b55-3601-4032-aecd-2578784f6335,2025-07-06,STR009,SKU1003,111,113.0,2025-11-04 11:16:19.423183,2.0
294,fe9e0b55-3601-4032-aecd-2578784f6335,2025-07-06,STR009,SKU1004,95,100.0,2025-11-04 11:16:19.423183,5.0
295,fe9e0b55-3601-4032-aecd-2578784f6335,2025-07-06,STR009,SKU1005,61,61.0,2025-11-04 11:16:19.423183,0.0
296,fe9e0b55-3601-4032-aecd-2578784f6335,2025-07-06,STR010,SKU1001,47,51.0,2025-11-04 11:16:19.423183,4.0
297,fe9e0b55-3601-4032-aecd-2578784f6335,2025-07-06,STR010,SKU1002,84,80.0,2025-11-04 11:16:19.423183,4.0
298,fe9e0b55-3601-4032-aecd-2578784f6335,2025-07-06,STR010,SKU1003,119,101.0,2025-11-04 11:16:19.423183,18.0
299,fe9e0b55-3601-4032-aecd-2578784f6335,2025-07-06,STR010,SKU1004,63,59.0,2025-11-04 11:16:19.423183,4.0
300,fe9e0b55-3601-4032-aecd-2578784f6335,2025-07-06,STR010,SKU1005,107,92.0,2025-11-04 11:16:19.423183,15.0
301,fe9e0b55-3601-4032-aecd-2578784f6335,2025-07-07,STR001,SKU1001,73,61.0,2025-11-04 11:16:19.423183,12.0
302,fe9e0b55-3601-4032-aecd-2578784f6335,2025-07-07,STR001,SKU1002,124,104.0,2025-11-04 11:16:19.423183,20.0
303,fe9e0b55-3601-4032-aecd-2578784f6335,2025-07-07,STR001,SKU1003,105,88.0,2025-11-04 11:16:19.423183,17.0
304,fe9e0b55-3601-4032-aecd-2578784f6335,2025-07-07,STR001,SKU1004,65,56.0,2025-11-04 11:16:19.423183,9.0
305,fe9e0b55-3601-4032-aecd-2578784f6335,2025-07-07,STR001,SKU1005,70,70.0,2025-11-04 11:16:19.423183,0.0
306,fe9e0b55-3601-4032-aecd-2578784f6335,2025-07-07,STR002,SKU1001,11,12.0,2025-11-04 11:16:19.423183,1.0
307,fe9e0b55-3601-4032-aecd-2578784f6335,2025-07-07,STR002,SKU1002,22,25.0,2025-11-04 11:16:19.423183,3.0
308,fe9e0b55-3601-4032-aecd-2578784f6335,2025-07-07,STR002,SKU1003,17,20.0,2025-11-04 11:16:19.423183,3.0
309,fe9e0b55-3601-4032-aecd-2578784f6335,2025-07-07,STR002,SKU1004,27,23.0,2025-11-04 11:16:19.423183,4.0
310,fe9e0b55-3601-4032-aecd-2578784f6335,2025-07-07,STR002,SKU1005,13,16.0,2025-11-04 11:16:19.423183,3.0
311,fe9e0b55-3601-4032-aecd-2578784f6335,2025-07-07,STR003,SKU1001,14,16.0,2025-11-04 11:16:19.423183,2.0
312,fe9e0b55-3601-4032-aecd-2578784f6335,2025-07-07,STR003,SKU1002,7,8.0,2025-11-04 11:16:19.423183,1.0
313,fe9e0b55-3601-4032-aecd-2578784f6335,2025-07-07,STR003,SKU1003,14,12.0,2025-11-04 11:16:19.423183,2.0
314,fe9e0b55-3601-4032-aecd-2578784f6335,2025-07-07,STR003,SKU1004,23,26.0,2025-11-04 11:16:19.423183,3.0
315,fe9e0b55-3601-4032-aecd-2578784f6335,2025-07-07,STR003,SKU1005,16,16.0,2025-11-04 11:16:19.423183,0.0
316,fe9e0b55-3601-4032-aecd-2578784f6335,2025-07-07,STR004,SKU1001,71,66.0,2025-11-04 11:16:19.423183,5.0
317,fe9e0b55-3601-4032-aecd-2578784f6335,2025-07-07,STR004,SKU1002,123,111.0,2025-11-04 11:16:19.423183,12.0
318,fe9e0b55-3601-4032-aecd-2578784f6335,2025-07-07,STR004,SKU1003,117,105.0,2025-11-04 11:16:19.423183,12.0
319,fe9e0b55-3601-4032-aecd-2578784f6335,2025-07-07,STR004,SKU1004,63,64.0,2025-11-04 11:16:19.423183,1.0
320,fe9e0b55-3601-4032-aecd-2578784f6335,2025-07-07,STR004,SKU1005,73,80.0,2025-11-04 11:16:19.423183,7.0
321,fe9e0b55-3601-4032-aecd-2578784f6335,2025-07-07,STR005,SKU1001,18,15.0,2025-11-04 11:16:19.423183,3.0
322,fe9e0b55-3601-4032-aecd-2578784f6335,2025-07-07,STR005,SKU1002,21,21.0,2025-11-04 11:16:19.423183,0.0
323,fe9e0b55-3601-4032-aecd-2578784f6335,2025-07-07,STR005,SKU1003,9,8.0,2025-11-04 11:16:19.423183,1.0
324,fe9e0b55-3601-4032-aecd-2578784f6335,2025-07-07,STR005,SKU1004,9,11.0,2025-11-04 11:16:19.423183,2.0
325,fe9e0b55-3601-4032-aecd-2578784f6335,2025-07-07,STR005,SKU1005,5,6.0,2025-11-04 11:16:19.423183,1.0
326,fe9e0b55-3601-4032-aecd-2578784f6335,2025-07-07,STR006,SKU1001,196,165.0,2025-11-04 11:16:19.423183,31.0
327,fe9e0b55-3601-4032-aecd-2578784f6335,2025-07-07,STR006,SKU1002,302,268.0,2025-11-04 11:16:19.423183,34.0
328,fe9e0b55-3601-4032-aecd-2578784f6335,2025-07-07,STR006,SKU1003,301,261.0,2025-11-04 11:16:19.423183,40.0
329,fe9e0b55-3601-4032-aecd-2578784f6335,2025-07-07,STR006,SKU1004,254,221.0,2025-11-04 11:16:19.423183,33.0
330,fe9e0b55-3601-4032-aecd-2578784f6335,2025-07-07,STR006,SKU1005,205,176.0,2025-11-04 11:16:19.423183,29.0
331,fe9e0b55-3601-4032-aecd-2578784f6335,2025-07-07,STR007,SKU1001,184,161.0,2025-11-04 11:16:19.423183,23.0
332,fe9e0b55-3601-4032-aecd-2578784f6335,2025-07-07,STR007,SKU1002,211,216.0,2025-11-04 11:16:19.423183,5.0
333,fe9e0b55-3601-4032-aecd-2578784f6335,2025-07-07,STR007,SKU1003,267,233.0,2025-11-04 11:16:19.423183,34.0
334,fe9e0b55-3601-4032-aecd-2578784f6335,2025-07-07,STR007,SKU1004,181,182.0,2025-11-04 11:16:19.423183,1.0
335,fe9e0b55-3601-4032-aecd-2578784f6335,2025-07-07,STR007,SKU1005,279,247.0,2025-11-04 11:16:19.423183,32.0
336,fe9e0b55-3601-4032-aecd-2578784f6335,2025-07-07,STR008,SKU1001,124,106.0,2025-11-04 11:16:19.423183,18.0
337,fe9e0b55-3601-4032-aecd-2578784f6335,2025-07-07,STR008,SKU1002,61,54.0,2025-11-04 11:16:19.423183,7.0
338,fe9e0b55-3601-4032-aecd-2578784f6335,2025-07-07,STR008,SKU1003,86,86.0,2025-11-04 11:16:19.423183,0.0
339,fe9e0b55-3601-4032-aecd-2578784f6335,2025-07-07,STR008,SKU1004,74,63.0,2025-11-04 11:16:19.423183,11.0
340,fe9e0b55-3601-4032-aecd-2578784f6335,2025-07-07,STR008,SKU1005,102,109.0,2025-11-04 11:16:19.423183,7.0
341,fe9e0b55-3601-4032-aecd-2578784f6335,2025-07-07,STR009,SKU1001,96,92.0,2025-11-04 11:16:19.423183,4.0
342,fe9e0b55-3601-4032-aecd-2578784f6335,2025-07-07,STR009,SKU1002,63,62.0,2025-11-04 11:16:19.423183,1.0
343,fe9e0b55-3601-4032-aecd-2578784f6335,2025-07-07,STR009,SKU1003,56,51.0,2025-11-04 11:16:19.423183,5.0
344,fe9e0b55-3601-4032-aecd-2578784f6335,2025-07-07,STR009,SKU1004,79,95.0,2025-11-04 11:16:19.423183,16.0
345,fe9e0b55-3601-4032-aecd-2578784f6335,2025-07-07,STR009,SKU1005,111,110.0,2025-11-04 11:16:19.423183,1.0
346,fe9e0b55-3601-4032-aecd-2578784f6335,2025-07-07,STR010,SKU1001,76,69.0,2025-11-04 11:16:19.423183,7.0
347,fe9e0b55-3601-4032-aecd-2578784f6335,2025-07-07,STR010,SKU1002,59,57.0,2025-11-04 11:16:19.423183,2.0
348,fe9e0b55-3601-4032-aecd-2578784f6335,2025-07-07,STR010,SKU1003,116,105.0,2025-11-04 11:16:19.423183,11.0
349,fe9e0b55-3601-4032-aecd-2578784f6335,2025-07-07,STR010,SKU1004,83,98.0,2025-11-04 11:16:19.423183,15.0
350,fe9e0b55-3601-4032-aecd-2578784f6335,2025-07-07,STR010,SKU1005,54,52.0,2025-11-04 11:16:19.423183,2.0
351,fe9e0b55-3601-4032-aecd-2578784f6335,2025-07-08,STR001,SKU1001,105,92.0,2025-11-04 11:16:19.423183,13.0
352,fe9e0b55-3601-4032-aecd-2578784f6335,2025-07-08,STR001,SKU1002,106,119.0,2025-11-04 11:16:19.423183,13.0
353,fe9e0b55-3601-4032-aecd-2578784f6335,2025-07-08,STR001,SKU1003,72,84.0,2025-11-04 11:16:19.423183,12.0
354,fe9e0b55-3601-4032-aecd-2578784f6335,2025-07-08,STR001,SKU1004,69,67.0,2025-11-04 11:16:19.423183,2.0
355,fe9e0b55-3601-4032-aecd-2578784f6335,2025-07-08,STR001,SKU1005,52,51.0,2025-11-04 11:16:19.423183,1.0
356,fe9e0b55-3601-4032-aecd-2578784f6335,2025-07-08,STR002,SKU1001,27,25.0,2025-11-04 11:16:19.423183,2.0
357,fe9e0b55-3601-4032-aecd-2578784f6335,2025-07-08,STR002,SKU1002,14,14.0,2025-11-04 11:16:19.423183,0.0
358,fe9e0b55-3601-4032-aecd-2578784f6335,2025-07-08,STR002,SKU1003,11,12.0,2025-11-04 11:16:19.423183,1.0
359,fe9e0b55-3601-4032-aecd-2578784f6335,2025-07-08,STR002,SKU1004,27,23.0,2025-11-04 11:16:19.423183,4.0
360,fe9e0b55-3601-4032-aecd-2578784f6335,2025-07-08,STR002,SKU1005,23,21.0,2025-11-04 11:16:19.423183,2.0
361,fe9e0b55-3601-4032-aecd-2578784f6335,2025-07-08,STR003,SKU1001,26,25.0,2025-11-04 11:16:19.423183,1.0
362,fe9e0b55-3601-4032-aecd-2578784f6335,2025-07-08,STR003,SKU1002,23,24.0,2025-11-04 11:16:19.423183,1.0
363,fe9e0b55-3601-4032-aecd-2578784f6335,2025-07-08,STR003,SKU1003,18,15.0,2025-11-04 11:16:19.423183,3.0
364,fe9e0b55-3601-4032-aecd-2578784f6335,2025-07-08,STR003,SKU1004,23,25.0,2025-11-04 11:16:19.423183,2.0
365,fe9e0b55-3601-4032-aecd-2578784f6335,2025-07-08,STR003,SKU1005,13,13.0,2025-11-04 11:16:19.423183,0.0
366,fe9e0b55-3601-4032-aecd-2578784f6335,2025-07-08,STR004,SKU1001,59,70.0,2025-11-04 11:16:19.423183,11.0
367,fe9e0b55-3601-4032-aecd-2578784f6335,2025-07-08,STR004,SKU1002,67,63.0,2025-11-04 11:16:19.423183,4.0
368,fe9e0b55-3601-4032-aecd-2578784f6335,2025-07-08,STR004,SKU1003,79,68.0,2025-11-04 11:16:19.423183,11.0
369,fe9e0b55-3601-4032-aecd-2578784f6335,2025-07-08,STR004,SKU1004,64,80.0,2025-11-04 11:16:19.423183,16.0
370,fe9e0b55-3601-4032-aecd-2578784f6335,2025-07-08,STR004,SKU1005,102,92.0,2025-11-04 11:16:19.423183,10.0
371,fe9e0b55-3601-4032-aecd-2578784f6335,2025-07-08,STR005,SKU1001,24,28.0,2025-11-04 11:16:19.423183,4.0
372,fe9e0b55-3601-4032-aecd-2578784f6335,2025-07-08,STR005,SKU1002,16,18.0,2025-11-04 11:16:19.423183,2.0
373,fe9e0b55-3601-4032-aecd-2578784f6335,2025-07-08,STR005,SKU1003,8,8.0,2025-11-04 11:16:19.423183,0.0
374,fe9e0b55-3601-4032-aecd-2578784f6335,2025-07-08,STR005,SKU1004,9,8.0,2025-11-04 11:16:19.423183,1.0
375,fe9e0b55-3601-4032-aecd-2578784f6335,2025-07-08,STR005,SKU1005,10,12.0,2025-11-04 11:16:19.423183,2.0
376,fe9e0b55-3601-4032-aecd-2578784f6335,2025-07-08,STR006,SKU1001,333,280.0,2025-11-04 11:16:19.423183,53.0
377,fe9e0b55-3601-4032-aecd-2578784f6335,2025-07-08,STR006,SKU1002,158,183.0,2025-11-04 11:16:19.423183,25.0
378,fe9e0b55-3601-4032-aecd-2578784f6335,2025-07-08,STR006,SKU1003,212,226.0,2025-11-04 11:16:19.423183,14.0
379,fe9e0b55-3601-4032-aecd-2578784f6335,2025-07-08,STR006,SKU1004,234,203.0,2025-11-04 11:16:19.423183,31.0
380,fe9e0b55-3601-4032-aecd-2578784f6335,2025-07-08,STR006,SKU1005,166,187.0,2025-11-04 11:16:19.423183,21.0
381,fe9e0b55-3601-4032-aecd-2578784f6335,2025-07-08,STR007,SKU1001,292,258.0,2025-11-04 11:16:19.423183,34.0
382,fe9e0b55-3601-4032-aecd-2578784f6335,2025-07-08,STR007,SKU1002,240,290.0,2025-11-04 11:16:19.423183,50.0
383,fe9e0b55-3601-4032-aecd-2578784f6335,2025-07-08,STR007,SKU1003,177,203.0,2025-11-04 11:16:19.423183,26.0
384,fe9e0b55-3601-4032-aecd-2578784f6335,2025-07-08,STR007,SKU1004,206,212.0,2025-11-04 11:16:19.423183,6.0
385,fe9e0b55-3601-4032-aecd-2578784f6335,2025-07-08,STR007,SKU1005,306,291.0,2025-11-04 11:16:19.423183,15.0
386,fe9e0b55-3601-4032-aecd-2578784f6335,2025-07-08,STR008,SKU1001,87,89.0,2025-11-04 11:16:19.423183,2.0
387,fe9e0b55-3601-4032-aecd-2578784f6335,2025-07-08,STR008,SKU1002,64,66.0,2025-11-04 11:16:19.423183,2.0
388,fe9e0b55-3601-4032-aecd-2578784f6335,2025-07-08,STR008,SKU1003,85,81.0,2025-11-04 11:16:19.423183,4.0
389,fe9e0b55-3601-4032-aecd-2578784f6335,2025-07-08,STR008,SKU1004,67,58.0,2025-11-04 11:16:19.423183,9.0
390,fe9e0b55-3601-4032-aecd-2578784f6335,2025-07-08,STR008,SKU1005,95,107.0,2025-11-04 11:16:19.423183,12.0
391,fe9e0b55-3601-4032-aecd-2578784f6335,2025-07-08,STR009,SKU1001,105,107.0,2025-11-04 11:16:19.423183,2.0
392,fe9e0b55-3601-4032-aecd-2578784f6335,2025-07-08,STR009,SKU1002,53,60.0,2025-11-04 11:16:19.423183,7.0
393,fe9e0b55-3601-4032-aecd-2578784f6335,2025-07-08,STR009,SKU1003,114,106.0,2025-11-04 11:16:19.423183,8.0
394,fe9e0b55-3601-4032-aecd-2578784f6335,2025-07-08,STR009,SKU1004,117,119.0,2025-11-04 11:16:19.423183,2.0
395,fe9e0b55-3601-4032-aecd-2578784f6335,2025-07-08,STR009,SKU1005,104,112.0,2025-11-04 11:16:19.423183,8.0
396,fe9e0b55-3601-4032-aecd-2578784f6335,2025-07-08,STR010,SKU1001,129,116.0,2025-11-04 11:16:19.423183,13.0
397,fe9e0b55-3601-4032-aecd-2578784f6335,2025-07-08,STR010,SKU1002,97,117.0,2025-11-04 11:16:19.423183,20.0
398,fe9e0b55-3601-4032-aecd-2578784f6335,2025-07-08,STR010,SKU1003,52,50.0,2025-11-04 11:16:19.423183,2.0
399,fe9e0b55-3601-4032-aecd-2578784f6335,2025-07-08,STR010,SKU1004,66,73.0,2025-11-04 11:16:19.423183,7.0
400,fe9e0b55-3601-4032-aecd-2578784f6335,2025-07-08,STR010,SKU1005,51,56.0,2025-11-04 11:16:19.423183,5.0
401,fe9e0b55-3601-4032-aecd-2578784f6335,2025-07-09,STR001,SKU1001,105,99.0,2025-11-04 11:16:19.423183,6.0
402,fe9e0b55-3601-4032-aecd-2578784f6335,2025-07-09,STR001,SKU1002,110,103.0,2025-11-04 11:16:19.423183,7.0
403,fe9e0b55-3601-4032-aecd-2578784f6335,2025-07-09,STR001,SKU1003,106,90.0,2025-11-04 11:16:19.423183,16.0
404,fe9e0b55-3601-4032-aecd-2578784f6335,2025-07-09,STR001,SKU1004,62,71.0,2025-11-04 11:16:19.423183,9.0
405,fe9e0b55-3601-4032-aecd-2578784f6335,2025-07-09,STR001,SKU1005,67,75.0,2025-11-04 11:16:19.423183,8.0
406,fe9e0b55-3601-4032-aecd-2578784f6335,2025-07-09,STR002,SKU1001,25,23.0,2025-11-04 11:16:19.423183,2.0
407,fe9e0b55-3601-4032-aecd-2578784f6335,2025-07-09,STR002,SKU1002,17,18.0,2025-11-04 11:16:19.423183,1.0
408,fe9e0b55-3601-4032-aecd-2578784f6335,2025-07-09,STR002,SKU1003,7,9.0,2025-11-04 11:16:19.423183,2.0
409,fe9e0b55-3601-4032-aecd-2578784f6335,2025-07-09,STR002,SKU1004,20,17.0,2025-11-04 11:16:19.423183,3.0
410,fe9e0b55-3601-4032-aecd-2578784f6335,2025-07-09,STR002,SKU1005,7,7.0,2025-11-04 11:16:19.423183,0.0
411,fe9e0b55-3601-4032-aecd-2578784f6335,2025-07-09,STR003,SKU1001,15,14.0,2025-11-04 11:16:19.423183,1.0
412,fe9e0b55-3601-4032-aecd-2578784f6335,2025-07-09,STR003,SKU1002,29,29.0,2025-11-04 11:16:19.423183,0.0
413,fe9e0b55-3601-4032-aecd-2578784f6335,2025-07-09,STR003,SKU1003,17,15.0,2025-11-04 11:16:19.423183,2.0
414,fe9e0b55-3601-4032-aecd-2578784f6335,2025-07-09,STR003,SKU1004,26,26.0,2025-11-04 11:16:19.423183,0.0
415,fe9e0b55-3601-4032-aecd-2578784f6335,2025-07-09,STR003,SKU1005,16,17.0,2025-11-04 11:16:19.423183,1.0
416,fe9e0b55-3601-4032-aecd-2578784f6335,2025-07-09,STR004,SKU1001,101,111.0,2025-11-04 11:16:19.423183,10.0
417,fe9e0b55-3601-4032-aecd-2578784f6335,2025-07-09,STR004,SKU1002,106,116.0,2025-11-04 11:16:19.423183,10.0
418,fe9e0b55-3601-4032-aecd-2578784f6335,2025-07-09,STR004,SKU1003,126,118.0,2025-11-04 11:16:19.423183,8.0
419,fe9e0b55-3601-4032-aecd-2578784f6335,2025-07-09,STR004,SKU1004,56,60.0,2025-11-04 11:16:19.423183,4.0
420,fe9e0b55-3601-4032-aecd-2578784f6335,2025-07-09,STR004,SKU1005,73,63.0,2025-11-04 11:16:19.423183,10.0
421,fe9e0b55-3601-4032-aecd-2578784f6335,2025-07-09,STR005,SKU1001,6,6.0,2025-11-04 11:16:19.423183,0.0
422,fe9e0b55-3601-4032-aecd-2578784f6335,2025-07-09,STR005,SKU1002,6,6.0,2025-11-04 11:16:19.423183,0.0
423,fe9e0b55-3601-4032-aecd-2578784f6335,2025-07-09,STR005,SKU1003,23,27.0,2025-11-04 11:16:19.423183,4.0
424,fe9e0b55-3601-4032-aecd-2578784f6335,2025-07-09,STR005,SKU1004,13,16.0,2025-11-04 11:16:19.423183,3.0
425,fe9e0b55-3601-4032-aecd-2578784f6335,2025-07-09,STR005,SKU1005,22,25.0,2025-11-04 11:16:19.423183,3.0
426,fe9e0b55-3601-4032-aecd-2578784f6335,2025-07-09,STR006,SKU1001,199,234.0,2025-11-04 11:16:19.423183,35.0
427,fe9e0b55-3601-4032-aecd-2578784f6335,2025-07-09,STR006,SKU1002,247,268.0,2025-11-04 11:16:19.423183,21.0
428,fe9e0b55-3601-4032-aecd-2578784f6335,2025-07-09,STR006,SKU1003,300,261.0,2025-11-04 11:16:19.423183,39.0
429,fe9e0b55-3601-4032-aecd-2578784f6335,2025-07-09,STR006,SKU1004,211,228.0,2025-11-04 11:16:19.423183,17.0
430,fe9e0b55-3601-4032-aecd-2578784f6335,2025-07-09,STR006,SKU1005,264,248.0,2025-11-04 11:16:19.423183,16.0
431,fe9e0b55-3601-4032-aecd-2578784f6335,2025-07-09,STR007,SKU1001,259,259.0,2025-11-04 11:16:19.423183,0.0
432,fe9e0b55-3601-4032-aecd-2578784f6335,2025-07-09,STR007,SKU1002,257,294.0,2025-11-04 11:16:19.423183,37.0
433,fe9e0b55-3601-4032-aecd-2578784f6335,2025-07-09,STR007,SKU1003,231,240.0,2025-11-04 11:16:19.423183,9.0
434,fe9e0b55-3601-4032-aecd-2578784f6335,2025-07-09,STR007,SKU1004,161,178.0,2025-11-04 11:16:19.423183,17.0
435,fe9e0b55-3601-4032-aecd-2578784f6335,2025-07-09,STR007,SKU1005,219,254.0,2025-11-04 11:16:19.423183,35.0
436,fe9e0b55-3601-4032-aecd-2578784f6335,2025-07-09,STR008,SKU1001,72,72.0,2025-11-04 11:16:19.423183,0.0
437,fe9e0b55-3601-4032-aecd-2578784f6335,2025-07-09,STR008,SKU1002,68,65.0,2025-11-04 11:16:19.423183,3.0
438,fe9e0b55-3601-4032-aecd-2578784f6335,2025-07-09,STR008,SKU1003,79,67.0,2025-11-04 11:16:19.423183,12.0
439,fe9e0b55-3601-4032-aecd-2578784f6335,2025-07-09,STR008,SKU1004,60,61.0,2025-11-04 11:16:19.423183,1.0
440,fe9e0b55-3601-4032-aecd-2578784f6335,2025-07-09,STR008,SKU1005,93,104.0,2025-11-04 11:16:19.423183,11.0
441,fe9e0b55-3601-4032-aecd-2578784f6335,2025-07-09,STR009,SKU1001,109,94.0,2025-11-04 11:16:19.423183,15.0
442,fe9e0b55-3601-4032-aecd-2578784f6335,2025-07-09,STR009,SKU1002,60,53.0,2025-11-04 11:16:19.423183,7.0
443,fe9e0b55-3601-4032-aecd-2578784f6335,2025-07-09,STR009,SKU1003,74,64.0,2025-11-04 11:16:19.423183,10.0
444,fe9e0b55-3601-4032-aecd-2578784f6335,2025-07-09,STR009,SKU1004,72,62.0,2025-11-04 11:16:19.423183,10.0
445,fe9e0b55-3601-4032-aecd-2578784f6335,2025-07-09,STR009,SKU1005,79,72.0,2025-11-04 11:16:19.423183,7.0
446,fe9e0b55-3601-4032-aecd-2578784f6335,2025-07-09,STR010,SKU1001,85,73.0,2025-11-04 11:16:19.423183,12.0
447,fe9e0b55-3601-4032-aecd-2578784f6335,2025-07-09,STR010,SKU1002,103,105.0,2025-11-04 11:16:19.423183,2.0
448,fe9e0b55-3601-4032-aecd-2578784f6335,2025-07-09,STR010,SKU1003,93,101.0,2025-11-04 11:16:19.423183,8.0
449,fe9e0b55-3601-4032-aecd-2578784f6335,2025-07-09,STR010,SKU1004,97,118.0,2025-11-04 11:16:19.423183,21.0
450,fe9e0b55-3601-4032-aecd-2578784f6335,2025-07-09,STR010,SKU1005,63,59.0,2025-11-04 11:16:19.423183,4.0
451,fe9e0b55-3601-4032-aecd-2578784f6335,2025-07-10,STR001,SKU1001,110,113.0,2025-11-04 11:16:19.423183,3.0
452,fe9e0b55-3601-4032-aecd-2578784f6335,2025-07-10,STR001,SKU1002,89,86.0,2025-11-04 11:16:19.423183,3.0
453,fe9e0b55-3601-4032-aecd-2578784f6335,2025-07-10,STR001,SKU1003,70,82.0,2025-11-04 11:16:19.423183,12.0
454,fe9e0b55-3601-4032-aecd-2578784f6335,2025-07-10,STR001,SKU1004,81,94.0,2025-11-04 11:16:19.423183,13.0
455,fe9e0b55-3601-4032-aecd-2578784f6335,2025-07-10,STR001,SKU1005,74,86.0,2025-11-04 11:16:19.423183,12.0
456,fe9e0b55-3601-4032-aecd-2578784f6335,2025-07-10,STR002,SKU1001,8,7.0,2025-11-04 11:16:19.423183,1.0
457,fe9e0b55-3601-4032-aecd-2578784f6335,2025-07-10,STR002,SKU1002,11,12.0,2025-11-04 11:16:19.423183,1.0
458,fe9e0b55-3601-4032-aecd-2578784f6335,2025-07-10,STR002,SKU1003,20,19.0,2025-11-04 11:16:19.423183,1.0
459,fe9e0b55-3601-4032-aecd-2578784f6335,2025-07-10,STR002,SKU1004,25,25.0,2025-11-04 11:16:19.423183,0.0
460,fe9e0b55-3601-4032-aecd-2578784f6335,2025-07-10,STR002,SKU1005,10,10.0,2025-11-04 11:16:19.423183,0.0
461,fe9e0b55-3601-4032-aecd-2578784f6335,2025-07-10,STR003,SKU1001,15,16.0,2025-11-04 11:16:19.423183,1.0
462,fe9e0b55-3601-4032-aecd-2578784f6335,2025-07-10,STR003,SKU1002,10,9.0,2025-11-04 11:16:19.423183,1.0
463,fe9e0b55-3601-4032-aecd-2578784f6335,2025-07-10,STR003,SKU1003,12,12.0,2025-11-04 11:16:19.423183,0.0
464,fe9e0b55-3601-4032-aecd-2578784f6335,2025-07-10,STR003,SKU1004,23,23.0,2025-11-04 11:16:19.423183,0.0
465,fe9e0b55-3601-4032-aecd-2578784f6335,2025-07-10,STR003,SKU1005,23,25.0,2025-11-04 11:16:19.423183,2.0
466,fe9e0b55-3601-4032-aecd-2578784f6335,2025-07-10,STR004,SKU1001,57,55.0,2025-11-04 11:16:19.423183,2.0
467,fe9e0b55-3601-4032-aecd-2578784f6335,2025-07-10,STR004,SKU1002,78,76.0,2025-11-04 11:16:19.423183,2.0
468,fe9e0b55-3601-4032-aecd-2578784f6335,2025-07-10,STR004,SKU1003,92,98.0,2025-11-04 11:16:19.423183,6.0
469,fe9e0b55-3601-4032-aecd-2578784f6335,2025-07-10,STR004,SKU1004,72,70.0,2025-11-04 11:16:19.423183,2.0
470,fe9e0b55-3601-4032-aecd-2578784f6335,2025-07-10,STR004,SKU1005,55,56.0,2025-11-04 11:16:19.423183,1.0
471,fe9e0b55-3601-4032-aecd-2578784f6335,2025-07-10,STR005,SKU1001,26,29.0,2025-11-04 11:16:19.423183,3.0
472,fe9e0b55-3601-4032-aecd-2578784f6335,2025-07-10,STR005,SKU1002,12,14.0,2025-11-04 11:16:19.423183,2.0
473,fe9e0b55-3601-4032-aecd-2578784f6335,2025-07-10,STR005,SKU1003,6,5.0,2025-11-04 11:16:19.423183,1.0
474,fe9e0b55-3601-4032-aecd-2578784f6335,2025-07-10,STR005,SKU1004,26,23.0,2025-11-04 11:16:19.423183,3.0
475,fe9e0b55-3601-4032-aecd-2578784f6335,2025-07-10,STR005,SKU1005,5,6.0,2025-11-04 11:16:19.423183,1.0
476,fe9e0b55-3601-4032-aecd-2578784f6335,2025-07-10,STR006,SKU1001,163,177.0,2025-11-04 11:16:19.423183,14.0
477,fe9e0b55-3601-4032-aecd-2578784f6335,2025-07-10,STR006,SKU1002,209,189.0,2025-11-04 11:16:19.423183,20.0
478,fe9e0b55-3601-4032-aecd-2578784f6335,2025-07-10,STR006,SKU1003,235,255.0,2025-11-04 11:16:19.423183,20.0
479,fe9e0b55-3601-4032-aecd-2578784f6335,2025-07-10,STR006,SKU1004,238,247.0,2025-11-04 11:16:19.423183,9.0
480,fe9e0b55-3601-4032-aecd-2578784f6335,2025-07-10,STR006,SKU1005,225,189.0,2025-11-04 11:16:19.423183,36.0
481,fe9e0b55-3601-4032-aecd-2578784f6335,2025-07-10,STR007,SKU1001,194,199.0,2025-11-04 11:16:19.423183,5.0
482,fe9e0b55-3601-4032-aecd-2578784f6335,2025-07-10,STR007,SKU1002,309,261.0,2025-11-04 11:16:19.423183,48.0
483,fe9e0b55-3601-4032-aecd-2578784f6335,2025-07-10,STR007,SKU1003,330,284.0,2025-11-04 11:16:19.423183,46.0
484,fe9e0b55-3601-4032-aecd-2578784f6335,2025-07-10,STR007,SKU1004,158,188.0,2025-11-04 11:16:19.423183,30.0
485,fe9e0b55-3601-4032-aecd-2578784f6335,2025-07-10,STR007,SKU1005,171,191.0,2025-11-04 11:16:19.423183,20.0
486,fe9e0b55-3601-4032-aecd-2578784f6335,2025-07-10,STR008,SKU1001,107,93.0,2025-11-04 11:16:19.423183,14.0
487,fe9e0b55-3601-4032-aecd-2578784f6335,2025-07-10,STR008,SKU1002,69,60.0,2025-11-04 11:16:19.423183,9.0
488,fe9e0b55-3601-4032-aecd-2578784f6335,2025-07-10,STR008,SKU1003,91,104.0,2025-11-04 11:16:19.423183,13.0
489,fe9e0b55-3601-4032-aecd-2578784f6335,2025-07-10,STR008,SKU1004,119,102.0,2025-11-04 11:16:19.423183,17.0
490,fe9e0b55-3601-4032-aecd-2578784f6335,2025-07-10,STR008,SKU1005,106,112.0,2025-11-04 11:16:19.423183,6.0
491,fe9e0b55-3601-4032-aecd-2578784f6335,2025-07-10,STR009,SKU1001,49,53.0,2025-11-04 11:16:19.423183,4.0
492,fe9e0b55-3601-4032-aecd-2578784f6335,2025-07-10,STR009,SKU1002,108,115.0,2025-11-04 11:16:19.423183,7.0
493,fe9e0b55-3601-4032-aecd-2578784f6335,2025-07-10,STR009,SKU1003,51,60.0,2025-11-04 11:16:19.423183,9.0
494,fe9e0b55-3601-4032-aecd-2578784f6335,2025-07-10,STR009,SKU1004,115,104.0,2025-11-04 11:16:19.423183,11.0
495,fe9e0b55-3601-4032-aecd-2578784f6335,2025-07-10,STR009,SKU1005,87,93.0,2025-11-04 11:16:19.423183,6.0
496,fe9e0b55-3601-4032-aecd-2578784f6335,2025-07-10,STR010,SKU1001,95,82.0,2025-11-04 11:16:19.423183,13.0
497,fe9e0b55-3601-4032-aecd-2578784f6335,2025-07-10,STR010,SKU1002,79,66.0,2025-11-04 11:16:19.423183,13.0
498,fe9e0b55-3601-4032-aecd-2578784f6335,2025-07-10,STR010,SKU1003,48,51.0,2025-11-04 11:16:19.423183,3.0
499,fe9e0b55-3601-4032-aecd-2578784f6335,2025-07-10,STR010,SKU1004,98,90.0,2025-11-04 11:16:19.423183,8.0
500,fe9e0b55-3601-4032-aecd-2578784f6335,2025-07-10,STR010,SKU1005,108,102.0,2025-11-04 11:16:19.423183,6.0
501,fe9e0b55-3601-4032-aecd-2578784f6335,2025-07-11,STR001,SKU1001,60,69.0,2025-11-04 11:16:19.423183,9.0
502,fe9e0b55-3601-4032-aecd-2578784f6335,2025-07-11,STR001,SKU1002,88,76.0,2025-11-04 11:16:19.423183,12.0
503,fe9e0b55-3601-4032-aecd-2578784f6335,2025-07-11,STR001,SKU1003,120,108.0,2025-11-04 11:16:19.423183,12.0
504,fe9e0b55-3601-4032-aecd-2578784f6335,2025-07-11,STR001,SKU1004,119,106.0,2025-11-04 11:16:19.423183,13.0
505,fe9e0b55-3601-4032-aecd-2578784f6335,2025-07-11,STR001,SKU1005,115,111.0,2025-11-04 11:16:19.423183,4.0
506,fe9e0b55-3601-4032-aecd-2578784f6335,2025-07-11,STR002,SKU1001,33,29.0,2025-11-04 11:16:19.423183,4.0
507,fe9e0b55-3601-4032-aecd-2578784f6335,2025-07-11,STR002,SKU1002,16,18.0,2025-11-04 11:16:19.423183,2.0
508,fe9e0b55-3601-4032-aecd-2578784f6335,2025-07-11,STR002,SKU1003,26,29.0,2025-11-04 11:16:19.423183,3.0
509,fe9e0b55-3601-4032-aecd-2578784f6335,2025-07-11,STR002,SKU1004,33,28.0,2025-11-04 11:16:19.423183,5.0
510,fe9e0b55-3601-4032-aecd-2578784f6335,2025-07-11,STR002,SKU1005,23,25.0,2025-11-04 11:16:19.423183,2.0
511,fe9e0b55-3601-4032-aecd-2578784f6335,2025-07-11,STR003,SKU1001,20,23.0,2025-11-04 11:16:19.423183,3.0
512,fe9e0b55-3601-4032-aecd-2578784f6335,2025-07-11,STR003,SKU1002,6,6.0,2025-11-04 11:16:19.423183,0.0
513,fe9e0b55-3601-4032-aecd-2578784f6335,2025-07-11,STR003,SKU1003,12,10.0,2025-11-04 11:16:19.423183,2.0
514,fe9e0b55-3601-4032-aecd-2578784f6335,2025-07-11,STR003,SKU1004,14,12.0,2025-11-04 11:16:19.423183,2.0
515,fe9e0b55-3601-4032-aecd-2578784f6335,2025-07-11,STR003,SKU1005,13,13.0,2025-11-04 11:16:19.423183,0.0
516,fe9e0b55-3601-4032-aecd-2578784f6335,2025-07-11,STR004,SKU1001,64,60.0,2025-11-04 11:16:19.423183,4.0
517,fe9e0b55-3601-4032-aecd-2578784f6335,2025-07-11,STR004,SKU1002,99,112.0,2025-11-04 11:16:19.423183,13.0
518,fe9e0b55-3601-4032-aecd-2578784f6335,2025-07-11,STR004,SKU1003,122,106.0,2025-11-04 11:16:19.423183,16.0
519,fe9e0b55-3601-4032-aecd-2578784f6335,2025-07-11,STR004,SKU1004,66,68.0,2025-11-04 11:16:19.423183,2.0
520,fe9e0b55-3601-4032-aecd-2578784f6335,2025-07-11,STR004,SKU1005,89,99.0,2025-11-04 11:16:19.423183,10.0
521,fe9e0b55-3601-4032-aecd-2578784f6335,2025-07-11,STR005,SKU1001,22,21.0,2025-11-04 11:16:19.423183,1.0
522,fe9e0b55-3601-4032-aecd-2578784f6335,2025-07-11,STR005,SKU1002,5,5.0,2025-11-04 11:16:19.423183,0.0
523,fe9e0b55-3601-4032-aecd-2578784f6335,2025-07-11,STR005,SKU1003,13,14.0,2025-11-04 11:16:19.423183,1.0
524,fe9e0b55-3601-4032-aecd-2578784f6335,2025-07-11,STR005,SKU1004,18,19.0,2025-11-04 11:16:19.423183,1.0
525,fe9e0b55-3601-4032-aecd-2578784f6335,2025-07-11,STR005,SKU1005,16,17.0,2025-11-04 11:16:19.423183,1.0
526,fe9e0b55-3601-4032-aecd-2578784f6335,2025-07-11,STR006,SKU1001,211,247.0,2025-11-04 11:16:19.423183,36.0
527,fe9e0b55-3601-4032-aecd-2578784f6335,2025-07-11,STR006,SKU1002,325,273.0,2025-11-04 11:16:19.423183,52.0
528,fe9e0b55-3601-4032-aecd-2578784f6335,2025-07-11,STR006,SKU1003,253,211.0,2025-11-04 11:16:19.423183,42.0
529,fe9e0b55-3601-4032-aecd-2578784f6335,2025-07-11,STR006,SKU1004,248,253.0,2025-11-04 11:16:19.423183,5.0
530,fe9e0b55-3601-4032-aecd-2578784f6335,2025-07-11,STR006,SKU1005,134,155.0,2025-11-04 11:16:19.423183,21.0
531,fe9e0b55-3601-4032-aecd-2578784f6335,2025-07-11,STR007,SKU1001,298,282.0,2025-11-04 11:16:19.423183,16.0
532,fe9e0b55-3601-4032-aecd-2578784f6335,2025-07-11,STR007,SKU1002,219,184.0,2025-11-04 11:16:19.423183,35.0
533,fe9e0b55-3601-4032-aecd-2578784f6335,2025-07-11,STR007,SKU1003,226,251.0,2025-11-04 11:16:19.423183,25.0
534,fe9e0b55-3601-4032-aecd-2578784f6335,2025-07-11,STR007,SKU1004,171,153.0,2025-11-04 11:16:19.423183,18.0
535,fe9e0b55-3601-4032-aecd-2578784f6335,2025-07-11,STR007,SKU1005,203,232.0,2025-11-04 11:16:19.423183,29.0
536,fe9e0b55-3601-4032-aecd-2578784f6335,2025-07-11,STR008,SKU1001,67,67.0,2025-11-04 11:16:19.423183,0.0
537,fe9e0b55-3601-4032-aecd-2578784f6335,2025-07-11,STR008,SKU1002,73,67.0,2025-11-04 11:16:19.423183,6.0
538,fe9e0b55-3601-4032-aecd-2578784f6335,2025-07-11,STR008,SKU1003,120,101.0,2025-11-04 11:16:19.423183,19.0
539,fe9e0b55-3601-4032-aecd-2578784f6335,2025-07-11,STR008,SKU1004,68,72.0,2025-11-04 11:16:19.423183,4.0
540,fe9e0b55-3601-4032-aecd-2578784f6335,2025-07-11,STR008,SKU1005,57,67.0,2025-11-04 11:16:19.423183,10.0
541,fe9e0b55-3601-4032-aecd-2578784f6335,2025-07-11,STR009,SKU1001,75,84.0,2025-11-04 11:16:19.423183,9.0
542,fe9e0b55-3601-4032-aecd-2578784f6335,2025-07-11,STR009,SKU1002,109,108.0,2025-11-04 11:16:19.423183,1.0
543,fe9e0b55-3601-4032-aecd-2578784f6335,2025-07-11,STR009,SKU1003,76,81.0,2025-11-04 11:16:19.423183,5.0
544,fe9e0b55-3601-4032-aecd-2578784f6335,2025-07-11,STR009,SKU1004,65,64.0,2025-11-04 11:16:19.423183,1.0
545,fe9e0b55-3601-4032-aecd-2578784f6335,2025-07-11,STR009,SKU1005,80,88.0,2025-11-04 11:16:19.423183,8.0
546,fe9e0b55-3601-4032-aecd-2578784f6335,2025-07-11,STR010,SKU1001,100,118.0,2025-11-04 11:16:19.423183,18.0
547,fe9e0b55-3601-4032-aecd-2578784f6335,2025-07-11,STR010,SKU1002,125,108.0,2025-11-04 11:16:19.423183,17.0
548,fe9e0b55-3601-4032-aecd-2578784f6335,2025-07-11,STR010,SKU1003,78,92.0,2025-11-04 11:16:19.423183,14.0
549,fe9e0b55-3601-4032-aecd-2578784f6335,2025-07-11,STR010,SKU1004,122,118.0,2025-11-04 11:16:19.423183,4.0
550,fe9e0b55-3601-4032-aecd-2578784f6335,2025-07-11,STR010,SKU1005,118,112.0,2025-11-04 11:16:19.423183,6.0
551,fe9e0b55-3601-4032-aecd-2578784f6335,2025-07-12,STR001,SKU1001,80,69.0,2025-11-04 11:16:19.423183,11.0
552,fe9e0b55-3601-4032-aecd-2578784f6335,2025-07-12,STR001,SKU1002,133,118.0,2025-11-04 11:16:19.423183,15.0
553,fe9e0b55-3601-4032-aecd-2578784f6335,2025-07-12,STR001,SKU1003,126,106.0,2025-11-04 11:16:19.423183,20.0
554,fe9e0b55-3601-4032-aecd-2578784f6335,2025-07-12,STR001,SKU1004,71,60.0,2025-11-04 11:16:19.423183,11.0
555,fe9e0b55-3601-4032-aecd-2578784f6335,2025-07-12,STR001,SKU1005,80,74.0,2025-11-04 11:16:19.423183,6.0
556,fe9e0b55-3601-4032-aecd-2578784f6335,2025-07-12,STR002,SKU1001,6,6.0,2025-11-04 11:16:19.423183,0.0
557,fe9e0b55-3601-4032-aecd-2578784f6335,2025-07-12,STR002,SKU1002,11,13.0,2025-11-04 11:16:19.423183,2.0
558,fe9e0b55-3601-4032-aecd-2578784f6335,2025-07-12,STR002,SKU1003,17,15.0,2025-11-04 11:16:19.423183,2.0
559,fe9e0b55-3601-4032-aecd-2578784f6335,2025-07-12,STR002,SKU1004,32,28.0,2025-11-04 11:16:19.423183,4.0
560,fe9e0b55-3601-4032-aecd-2578784f6335,2025-07-12,STR002,SKU1005,27,24.0,2025-11-04 11:16:19.423183,3.0
561,fe9e0b55-3601-4032-aecd-2578784f6335,2025-07-12,STR003,SKU1001,24,22.0,2025-11-04 11:16:19.423183,2.0
562,fe9e0b55-3601-4032-aecd-2578784f6335,2025-07-12,STR003,SKU1002,12,13.0,2025-11-04 11:16:19.423183,1.0
563,fe9e0b55-3601-4032-aecd-2578784f6335,2025-07-12,STR003,SKU1003,13,16.0,2025-11-04 11:16:19.423183,3.0
564,fe9e0b55-3601-4032-aecd-2578784f6335,2025-07-12,STR003,SKU1004,30,29.0,2025-11-04 11:16:19.423183,1.0
565,fe9e0b55-3601-4032-aecd-2578784f6335,2025-07-12,STR003,SKU1005,19,23.0,2025-11-04 11:16:19.423183,4.0
566,fe9e0b55-3601-4032-aecd-2578784f6335,2025-07-12,STR004,SKU1001,126,119.0,2025-11-04 11:16:19.423183,7.0
567,fe9e0b55-3601-4032-aecd-2578784f6335,2025-07-12,STR004,SKU1002,62,73.0,2025-11-04 11:16:19.423183,11.0
568,fe9e0b55-3601-4032-aecd-2578784f6335,2025-07-12,STR004,SKU1003,65,62.0,2025-11-04 11:16:19.423183,3.0
569,fe9e0b55-3601-4032-aecd-2578784f6335,2025-07-12,STR004,SKU1004,86,87.0,2025-11-04 11:16:19.423183,1.0
570,fe9e0b55-3601-4032-aecd-2578784f6335,2025-07-12,STR004,SKU1005,61,69.0,2025-11-04 11:16:19.423183,8.0
571,fe9e0b55-3601-4032-aecd-2578784f6335,2025-07-12,STR005,SKU1001,6,6.0,2025-11-04 11:16:19.423183,0.0
572,fe9e0b55-3601-4032-aecd-2578784f6335,2025-07-12,STR005,SKU1002,29,27.0,2025-11-04 11:16:19.423183,2.0
573,fe9e0b55-3601-4032-aecd-2578784f6335,2025-07-12,STR005,SKU1003,16,18.0,2025-11-04 11:16:19.423183,2.0
574,fe9e0b55-3601-4032-aecd-2578784f6335,2025-07-12,STR005,SKU1004,17,19.0,2025-11-04 11:16:19.423183,2.0
575,fe9e0b55-3601-4032-aecd-2578784f6335,2025-07-12,STR005,SKU1005,14,17.0,2025-11-04 11:16:19.423183,3.0
576,fe9e0b55-3601-4032-aecd-2578784f6335,2025-07-12,STR006,SKU1001,178,200.0,2025-11-04 11:16:19.423183,22.0
577,fe9e0b55-3601-4032-aecd-2578784f6335,2025-07-12,STR006,SKU1002,278,247.0,2025-11-04 11:16:19.423183,31.0
578,fe9e0b55-3601-4032-aecd-2578784f6335,2025-07-12,STR006,SKU1003,231,214.0,2025-11-04 11:16:19.423183,17.0
579,fe9e0b55-3601-4032-aecd-2578784f6335,2025-07-12,STR006,SKU1004,257,256.0,2025-11-04 11:16:19.423183,1.0
580,fe9e0b55-3601-4032-aecd-2578784f6335,2025-07-12,STR006,SKU1005,248,229.0,2025-11-04 11:16:19.423183,19.0
581,fe9e0b55-3601-4032-aecd-2578784f6335,2025-07-12,STR007,SKU1001,271,266.0,2025-11-04 11:16:19.423183,5.0
582,fe9e0b55-3601-4032-aecd-2578784f6335,2025-07-12,STR007,SKU1002,169,155.0,2025-11-04 11:16:19.423183,14.0
583,fe9e0b55-3601-4032-aecd-2578784f6335,2025-07-12,STR007,SKU1003,162,171.0,2025-11-04 11:16:19.423183,9.0
584,fe9e0b55-3601-4032-aecd-2578784f6335,2025-07-12,STR007,SKU1004,206,180.0,2025-11-04 11:16:19.423183,26.0
585,fe9e0b55-3601-4032-aecd-2578784f6335,2025-07-12,STR007,SKU1005,187,227.0,2025-11-04 11:16:19.423183,40.0
586,fe9e0b55-3601-4032-aecd-2578784f6335,2025-07-12,STR008,SKU1001,90,85.0,2025-11-04 11:16:19.423183,5.0
587,fe9e0b55-3601-4032-aecd-2578784f6335,2025-07-12,STR008,SKU1002,87,108.0,2025-11-04 11:16:19.423183,21.0
588,fe9e0b55-3601-4032-aecd-2578784f6335,2025-07-12,STR008,SKU1003,78,69.0,2025-11-04 11:16:19.423183,9.0
589,fe9e0b55-3601-4032-aecd-2578784f6335,2025-07-12,STR008,SKU1004,67,84.0,2025-11-04 11:16:19.423183,17.0
590,fe9e0b55-3601-4032-aecd-2578784f6335,2025-07-12,STR008,SKU1005,70,70.0,2025-11-04 11:16:19.423183,0.0
591,fe9e0b55-3601-4032-aecd-2578784f6335,2025-07-12,STR009,SKU1001,109,106.0,2025-11-04 11:16:19.423183,3.0
592,fe9e0b55-3601-4032-aecd-2578784f6335,2025-07-12,STR009,SKU1002,88,101.0,2025-11-04 11:16:19.423183,13.0
593,fe9e0b55-3601-4032-aecd-2578784f6335,2025-07-12,STR009,SKU1003,84,100.0,2025-11-04 11:16:19.423183,16.0
594,fe9e0b55-3601-4032-aecd-2578784f6335,2025-07-12,STR009,SKU1004,71,69.0,2025-11-04 11:16:19.423183,2.0
595,fe9e0b55-3601-4032-aecd-2578784f6335,2025-07-12,STR009,SKU1005,45,51.0,2025-11-04 11:16:19.423183,6.0
596,fe9e0b55-3601-4032-aecd-2578784f6335,2025-07-12,STR010,SKU1001,123,110.0,2025-11-04 11:16:19.423183,13.0
597,fe9e0b55-3601-4032-aecd-2578784f6335,2025-07-12,STR010,SKU1002,64,68.0,2025-11-04 11:16:19.423183,4.0
598,fe9e0b55-3601-4032-aecd-2578784f6335,2025-07-12,STR010,SKU1003,79,69.0,2025-11-04 11:16:19.423183,10.0
599,fe9e0b55-3601-4032-aecd-2578784f6335,2025-07-12,STR010,SKU1004,46,55.0,2025-11-04 11:16:19.423183,9.0
600,fe9e0b55-3601-4032-aecd-2578784f6335,2025-07-12,STR010,SKU1005,96,82.0,2025-11-04 11:16:19.423183,14.0
601,fe9e0b55-3601-4032-aecd-2578784f6335,2025-07-13,STR001,SKU1001,94,116.0,2025-11-04 11:16:19.423183,22.0
602,fe9e0b55-3601-4032-aecd-2578784f6335,2025-07-13,STR001,SKU1002,53,53.0,2025-11-04 11:16:19.423183,0.0
603,fe9e0b55-3601-4032-aecd-2578784f6335,2025-07-13,STR001,SKU1003,79,67.0,2025-11-04 11:16:19.423183,12.0
604,fe9e0b55-3601-4032-aecd-2578784f6335,2025-07-13,STR001,SKU1004,56,55.0,2025-11-04 11:16:19.423183,1.0
605,fe9e0b55-3601-4032-aecd-2578784f6335,2025-07-13,STR001,SKU1005,76,75.0,2025-11-04 11:16:19.423183,1.0
606,fe9e0b55-3601-4032-aecd-2578784f6335,2025-07-13,STR002,SKU1001,17,20.0,2025-11-04 11:16:19.423183,3.0
607,fe9e0b55-3601-4032-aecd-2578784f6335,2025-07-13,STR002,SKU1002,9,8.0,2025-11-04 11:16:19.423183,1.0
608,fe9e0b55-3601-4032-aecd-2578784f6335,2025-07-13,STR002,SKU1003,12,12.0,2025-11-04 11:16:19.423183,0.0
609,fe9e0b55-3601-4032-aecd-2578784f6335,2025-07-13,STR002,SKU1004,29,28.0,2025-11-04 11:16:19.423183,1.0
610,fe9e0b55-3601-4032-aecd-2578784f6335,2025-07-13,STR002,SKU1005,15,14.0,2025-11-04 11:16:19.423183,1.0
611,fe9e0b55-3601-4032-aecd-2578784f6335,2025-07-13,STR003,SKU1001,7,6.0,2025-11-04 11:16:19.423183,1.0
612,fe9e0b55-3601-4032-aecd-2578784f6335,2025-07-13,STR003,SKU1002,16,16.0,2025-11-04 11:16:19.423183,0.0
613,fe9e0b55-3601-4032-aecd-2578784f6335,2025-07-13,STR003,SKU1003,14,12.0,2025-11-04 11:16:19.423183,2.0
614,fe9e0b55-3601-4032-aecd-2578784f6335,2025-07-13,STR003,SKU1004,23,25.0,2025-11-04 11:16:19.423183,2.0
615,fe9e0b55-3601-4032-aecd-2578784f6335,2025-07-13,STR003,SKU1005,7,6.0,2025-11-04 11:16:19.423183,1.0
616,fe9e0b55-3601-4032-aecd-2578784f6335,2025-07-13,STR004,SKU1001,82,79.0,2025-11-04 11:16:19.423183,3.0
617,fe9e0b55-3601-4032-aecd-2578784f6335,2025-07-13,STR004,SKU1002,107,93.0,2025-11-04 11:16:19.423183,14.0
618,fe9e0b55-3601-4032-aecd-2578784f6335,2025-07-13,STR004,SKU1003,84,76.0,2025-11-04 11:16:19.423183,8.0
619,fe9e0b55-3601-4032-aecd-2578784f6335,2025-07-13,STR004,SKU1004,77,90.0,2025-11-04 11:16:19.423183,13.0
620,fe9e0b55-3601-4032-aecd-2578784f6335,2025-07-13,STR004,SKU1005,97,103.0,2025-11-04 11:16:19.423183,6.0
621,fe9e0b55-3601-4032-aecd-2578784f6335,2025-07-13,STR005,SKU1001,8,9.0,2025-11-04 11:16:19.423183,1.0
622,fe9e0b55-3601-4032-aecd-2578784f6335,2025-07-13,STR005,SKU1002,26,27.0,2025-11-04 11:16:19.423183,1.0
623,fe9e0b55-3601-4032-aecd-2578784f6335,2025-07-13,STR005,SKU1003,14,13.0,2025-11-04 11:16:19.423183,1.0
624,fe9e0b55-3601-4032-aecd-2578784f6335,2025-07-13,STR005,SKU1004,28,29.0,2025-11-04 11:16:19.423183,1.0
625,fe9e0b55-3601-4032-aecd-2578784f6335,2025-07-13,STR005,SKU1005,8,8.0,2025-11-04 11:16:19.423183,0.0
626,fe9e0b55-3601-4032-aecd-2578784f6335,2025-07-13,STR006,SKU1001,146,160.0,2025-11-04 11:16:19.423183,14.0
627,fe9e0b55-3601-4032-aecd-2578784f6335,2025-07-13,STR006,SKU1002,225,190.0,2025-11-04 11:16:19.423183,35.0
628,fe9e0b55-3601-4032-aecd-2578784f6335,2025-07-13,STR006,SKU1003,308,292.0,2025-11-04 11:16:19.423183,16.0
629,fe9e0b55-3601-4032-aecd-2578784f6335,2025-07-13,STR006,SKU1004,179,183.0,2025-11-04 11:16:19.423183,4.0
630,fe9e0b55-3601-4032-aecd-2578784f6335,2025-07-13,STR006,SKU1005,241,207.0,2025-11-04 11:16:19.423183,34.0
631,fe9e0b55-3601-4032-aecd-2578784f6335,2025-07-13,STR007,SKU1001,132,152.0,2025-11-04 11:16:19.423183,20.0
632,fe9e0b55-3601-4032-aecd-2578784f6335,2025-07-13,STR007,SKU1002,123,152.0,2025-11-04 11:16:19.423183,29.0
633,fe9e0b55-3601-4032-aecd-2578784f6335,2025-07-13,STR007,SKU1003,268,269.0,2025-11-04 11:16:19.423183,1.0
634,fe9e0b55-3601-4032-aecd-2578784f6335,2025-07-13,STR007,SKU1004,205,203.0,2025-11-04 11:16:19.423183,2.0
635,fe9e0b55-3601-4032-aecd-2578784f6335,2025-07-13,STR007,SKU1005,254,243.0,2025-11-04 11:16:19.423183,11.0
636,fe9e0b55-3601-4032-aecd-2578784f6335,2025-07-13,STR008,SKU1001,67,74.0,2025-11-04 11:16:19.423183,7.0
637,fe9e0b55-3601-4032-aecd-2578784f6335,2025-07-13,STR008,SKU1002,120,113.0,2025-11-04 11:16:19.423183,7.0
638,fe9e0b55-3601-4032-aecd-2578784f6335,2025-07-13,STR008,SKU1003,117,102.0,2025-11-04 11:16:19.423183,15.0
639,fe9e0b55-3601-4032-aecd-2578784f6335,2025-07-13,STR008,SKU1004,95,105.0,2025-11-04 11:16:19.423183,10.0
640,fe9e0b55-3601-4032-aecd-2578784f6335,2025-07-13,STR008,SKU1005,82,92.0,2025-11-04 11:16:19.423183,10.0
641,fe9e0b55-3601-4032-aecd-2578784f6335,2025-07-13,STR009,SKU1001,75,84.0,2025-11-04 11:16:19.423183,9.0
642,fe9e0b55-3601-4032-aecd-2578784f6335,2025-07-13,STR009,SKU1002,67,57.0,2025-11-04 11:16:19.423183,10.0
643,fe9e0b55-3601-4032-aecd-2578784f6335,2025-07-13,STR009,SKU1003,59,54.0,2025-11-04 11:16:19.423183,5.0
644,fe9e0b55-3601-4032-aecd-2578784f6335,2025-07-13,STR009,SKU1004,76,66.0,2025-11-04 11:16:19.423183,10.0
645,fe9e0b55-3601-4032-aecd-2578784f6335,2025-07-13,STR009,SKU1005,85,92.0,2025-11-04 11:16:19.423183,7.0
646,fe9e0b55-3601-4032-aecd-2578784f6335,2025-07-13,STR010,SKU1001,94,115.0,2025-11-04 11:16:19.423183,21.0
647,fe9e0b55-3601-4032-aecd-2578784f6335,2025-07-13,STR010,SKU1002,51,63.0,2025-11-04 11:16:19.423183,12.0
648,fe9e0b55-3601-4032-aecd-2578784f6335,2025-07-13,STR010,SKU1003,96,109.0,2025-11-04 11:16:19.423183,13.0
649,fe9e0b55-3601-4032-aecd-2578784f6335,2025-07-13,STR010,SKU1004,84,78.0,2025-11-04 11:16:19.423183,6.0
650,fe9e0b55-3601-4032-aecd-2578784f6335,2025-07-13,STR010,SKU1005,94,97.0,2025-11-04 11:16:19.423183,3.0
651,fe9e0b55-3601-4032-aecd-2578784f6335,2025-07-14,STR001,SKU1001,113,118.0,2025-11-04 11:16:19.423183,5.0
652,fe9e0b55-3601-4032-aecd-2578784f6335,2025-07-14,STR001,SKU1002,75,79.0,2025-11-04 11:16:19.423183,4.0
653,fe9e0b55-3601-4032-aecd-2578784f6335,2025-07-14,STR001,SKU1003,120,107.0,2025-11-04 11:16:19.423183,13.0
654,fe9e0b55-3601-4032-aecd-2578784f6335,2025-07-14,STR001,SKU1004,63,75.0,2025-11-04 11:16:19.423183,12.0
655,fe9e0b55-3601-4032-aecd-2578784f6335,2025-07-14,STR001,SKU1005,121,119.0,2025-11-04 11:16:19.423183,2.0
656,fe9e0b55-3601-4032-aecd-2578784f6335,2025-07-14,STR002,SKU1001,28,24.0,2025-11-04 11:16:19.423183,4.0
657,fe9e0b55-3601-4032-aecd-2578784f6335,2025-07-14,STR002,SKU1002,8,8.0,2025-11-04 11:16:19.423183,0.0
658,fe9e0b55-3601-4032-aecd-2578784f6335,2025-07-14,STR002,SKU1003,17,16.0,2025-11-04 11:16:19.423183,1.0
659,fe9e0b55-3601-4032-aecd-2578784f6335,2025-07-14,STR002,SKU1004,12,10.0,2025-11-04 11:16:19.423183,2.0
660,fe9e0b55-3601-4032-aecd-2578784f6335,2025-07-14,STR002,SKU1005,22,25.0,2025-11-04 11:16:19.423183,3.0
661,fe9e0b55-3601-4032-aecd-2578784f6335,2025-07-14,STR003,SKU1001,16,18.0,2025-11-04 11:16:19.423183,2.0
662,fe9e0b55-3601-4032-aecd-2578784f6335,2025-07-14,STR003,SKU1002,17,17.0,2025-11-04 11:16:19.423183,0.0
663,fe9e0b55-3601-4032-aecd-2578784f6335,2025-07-14,STR003,SKU1003,20,18.0,2025-11-04 11:16:19.423183,2.0
664,fe9e0b55-3601-4032-aecd-2578784f6335,2025-07-14,STR003,SKU1004,16,15.0,2025-11-04 11:16:19.423183,1.0
665,fe9e0b55-3601-4032-aecd-2578784f6335,2025-07-14,STR003,SKU1005,25,25.0,2025-11-04 11:16:19.423183,0.0
666,fe9e0b55-3601-4032-aecd-2578784f6335,2025-07-14,STR004,SKU1001,101,85.0,2025-11-04 11:16:19.423183,16.0
667,fe9e0b55-3601-4032-aecd-2578784f6335,2025-07-14,STR004,SKU1002,95,112.0,2025-11-04 11:16:19.423183,17.0
668,fe9e0b55-3601-4032-aecd-2578784f6335,2025-07-14,STR004,SKU1003,121,110.0,2025-11-04 11:16:19.423183,11.0
669,fe9e0b55-3601-4032-aecd-2578784f6335,2025-07-14,STR004,SKU1004,72,62.0,2025-11-04 11:16:19.423183,10.0
670,fe9e0b55-3601-4032-aecd-2578784f6335,2025-07-14,STR004,SKU1005,77,73.0,2025-11-04 11:16:19.423183,4.0
671,fe9e0b55-3601-4032-aecd-2578784f6335,2025-07-14,STR005,SKU1001,16,20.0,2025-11-04 11:16:19.423183,4.0
672,fe9e0b55-3601-4032-aecd-2578784f6335,2025-07-14,STR005,SKU1002,17,18.0,2025-11-04 11:16:19.423183,1.0
673,fe9e0b55-3601-4032-aecd-2578784f6335,2025-07-14,STR005,SKU1003,26,28.0,2025-11-04 11:16:19.423183,2.0
674,fe9e0b55-3601-4032-aecd-2578784f6335,2025-07-14,STR005,SKU1004,20,20.0,2025-11-04 11:16:19.423183,0.0
675,fe9e0b55-3601-4032-aecd-2578784f6335,2025-07-14,STR005,SKU1005,8,7.0,2025-11-04 11:16:19.423183,1.0
676,fe9e0b55-3601-4032-aecd-2578784f6335,2025-07-14,STR006,SKU1001,294,254.0,2025-11-04 11:16:19.423183,40.0
677,fe9e0b55-3601-4032-aecd-2578784f6335,2025-07-14,STR006,SKU1002,318,266.0,2025-11-04 11:16:19.423183,52.0
678,fe9e0b55-3601-4032-aecd-2578784f6335,2025-07-14,STR006,SKU1003,349,292.0,2025-11-04 11:16:19.423183,57.0
679,fe9e0b55-3601-4032-aecd-2578784f6335,2025-07-14,STR006,SKU1004,324,286.0,2025-11-04 11:16:19.423183,38.0
680,fe9e0b55-3601-4032-aecd-2578784f6335,2025-07-14,STR006,SKU1005,332,297.0,2025-11-04 11:16:19.423183,35.0
681,fe9e0b55-3601-4032-aecd-2578784f6335,2025-07-14,STR007,SKU1001,277,279.0,2025-11-04 11:16:19.423183,2.0
682,fe9e0b55-3601-4032-aecd-2578784f6335,2025-07-14,STR007,SKU1002,282,240.0,2025-11-04 11:16:19.423183,42.0
683,fe9e0b55-3601-4032-aecd-2578784f6335,2025-07-14,STR007,SKU1003,230,252.0,2025-11-04 11:16:19.423183,22.0
684,fe9e0b55-3601-4032-aecd-2578784f6335,2025-07-14,STR007,SKU1004,178,170.0,2025-11-04 11:16:19.423183,8.0
685,fe9e0b55-3601-4032-aecd-2578784f6335,2025-07-14,STR007,SKU1005,254,273.0,2025-11-04 11:16:19.423183,19.0
686,fe9e0b55-3601-4032-aecd-2578784f6335,2025-07-14,STR008,SKU1001,59,52.0,2025-11-04 11:16:19.423183,7.0
687,fe9e0b55-3601-4032-aecd-2578784f6335,2025-07-14,STR008,SKU1002,101,111.0,2025-11-04 11:16:19.423183,10.0
688,fe9e0b55-3601-4032-aecd-2578784f6335,2025-07-14,STR008,SKU1003,53,55.0,2025-11-04 11:16:19.423183,2.0
689,fe9e0b55-3601-4032-aecd-2578784f6335,2025-07-14,STR008,SKU1004,97,90.0,2025-11-04 11:16:19.423183,7.0
690,fe9e0b55-3601-4032-aecd-2578784f6335,2025-07-14,STR008,SKU1005,116,104.0,2025-11-04 11:16:19.423183,12.0
691,fe9e0b55-3601-4032-aecd-2578784f6335,2025-07-14,STR009,SKU1001,101,112.0,2025-11-04 11:16:19.423183,11.0
692,fe9e0b55-3601-4032-aecd-2578784f6335,2025-07-14,STR009,SKU1002,109,105.0,2025-11-04 11:16:19.423183,4.0
693,fe9e0b55-3601-4032-aecd-2578784f6335,2025-07-14,STR009,SKU1003,69,70.0,2025-11-04 11:16:19.423183,1.0
694,fe9e0b55-3601-4032-aecd-2578784f6335,2025-07-14,STR009,SKU1004,72,89.0,2025-11-04 11:16:19.423183,17.0
695,fe9e0b55-3601-4032-aecd-2578784f6335,2025-07-14,STR009,SKU1005,83,74.0,2025-11-04 11:16:19.423183,9.0
696,fe9e0b55-3601-4032-aecd-2578784f6335,2025-07-14,STR010,SKU1001,79,89.0,2025-11-04 11:16:19.423183,10.0
697,fe9e0b55-3601-4032-aecd-2578784f6335,2025-07-14,STR010,SKU1002,110,105.0,2025-11-04 11:16:19.423183,5.0
698,fe9e0b55-3601-4032-aecd-2578784f6335,2025-07-14,STR010,SKU1003,74,75.0,2025-11-04 11:16:19.423183,1.0
699,fe9e0b55-3601-4032-aecd-2578784f6335,2025-07-14,STR010,SKU1004,86,108.0,2025-11-04 11:16:19.423183,22.0
700,fe9e0b55-3601-4032-aecd-2578784f6335,2025-07-14,STR010,SKU1005,59,62.0,2025-11-04 11:16:19.423183,3.0
701,fe9e0b55-3601-4032-aecd-2578784f6335,2025-07-15,STR001,SKU1001,93,94.0,2025-11-04 11:16:19.423183,1.0
702,fe9e0b55-3601-4032-aecd-2578784f6335,2025-07-15,STR001,SKU1002,90,75.0,2025-11-04 11:16:19.423183,15.0
703,fe9e0b55-3601-4032-aecd-2578784f6335,2025-07-15,STR001,SKU1003,82,95.0,2025-11-04 11:16:19.423183,13.0
704,fe9e0b55-3601-4032-aecd-2578784f6335,2025-07-15,STR001,SKU1004,63,60.0,2025-11-04 11:16:19.423183,3.0
705,fe9e0b55-3601-4032-aecd-2578784f6335,2025-07-15,STR001,SKU1005,99,103.0,2025-11-04 11:16:19.423183,4.0
706,fe9e0b55-3601-4032-aecd-2578784f6335,2025-07-15,STR002,SKU1001,6,5.0,2025-11-04 11:16:19.423183,1.0
707,fe9e0b55-3601-4032-aecd-2578784f6335,2025-07-15,STR002,SKU1002,8,9.0,2025-11-04 11:16:19.423183,1.0
708,fe9e0b55-3601-4032-aecd-2578784f6335,2025-07-15,STR002,SKU1003,31,28.0,2025-11-04 11:16:19.423183,3.0
709,fe9e0b55-3601-4032-aecd-2578784f6335,2025-07-15,STR002,SKU1004,10,12.0,2025-11-04 11:16:19.423183,2.0
710,fe9e0b55-3601-4032-aecd-2578784f6335,2025-07-15,STR002,SKU1005,22,23.0,2025-11-04 11:16:19.423183,1.0
711,fe9e0b55-3601-4032-aecd-2578784f6335,2025-07-15,STR003,SKU1001,11,10.0,2025-11-04 11:16:19.423183,1.0
712,fe9e0b55-3601-4032-aecd-2578784f6335,2025-07-15,STR003,SKU1002,18,21.0,2025-11-04 11:16:19.423183,3.0
713,fe9e0b55-3601-4032-aecd-2578784f6335,2025-07-15,STR003,SKU1003,6,6.0,2025-11-04 11:16:19.423183,0.0
714,fe9e0b55-3601-4032-aecd-2578784f6335,2025-07-15,STR003,SKU1004,14,16.0,2025-11-04 11:16:19.423183,2.0
715,fe9e0b55-3601-4032-aecd-2578784f6335,2025-07-15,STR003,SKU1005,7,8.0,2025-11-04 11:16:19.423183,1.0
716,fe9e0b55-3601-4032-aecd-2578784f6335,2025-07-15,STR004,SKU1001,90,105.0,2025-11-04 11:16:19.423183,15.0
717,fe9e0b55-3601-4032-aecd-2578784f6335,2025-07-15,STR004,SKU1002,79,75.0,2025-11-04 11:16:19.423183,4.0
718,fe9e0b55-3601-4032-aecd-2578784f6335,2025-07-15,STR004,SKU1003,133,118.0,2025-11-04 11:16:19.423183,15.0
719,fe9e0b55-3601-4032-aecd-2578784f6335,2025-07-15,STR004,SKU1004,73,72.0,2025-11-04 11:16:19.423183,1.0
720,fe9e0b55-3601-4032-aecd-2578784f6335,2025-07-15,STR004,SKU1005,72,72.0,2025-11-04 11:16:19.423183,0.0
721,fe9e0b55-3601-4032-aecd-2578784f6335,2025-07-15,STR005,SKU1001,17,15.0,2025-11-04 11:16:19.423183,2.0
722,fe9e0b55-3601-4032-aecd-2578784f6335,2025-07-15,STR005,SKU1002,5,6.0,2025-11-04 11:16:19.423183,1.0
723,fe9e0b55-3601-4032-aecd-2578784f6335,2025-07-15,STR005,SKU1003,25,23.0,2025-11-04 11:16:19.423183,2.0
724,fe9e0b55-3601-4032-aecd-2578784f6335,2025-07-15,STR005,SKU1004,30,27.0,2025-11-04 11:16:19.423183,3.0
725,fe9e0b55-3601-4032-aecd-2578784f6335,2025-07-15,STR005,SKU1005,23,25.0,2025-11-04 11:16:19.423183,2.0
726,fe9e0b55-3601-4032-aecd-2578784f6335,2025-07-15,STR006,SKU1001,235,197.0,2025-11-04 11:16:19.423183,38.0
727,fe9e0b55-3601-4032-aecd-2578784f6335,2025-07-15,STR006,SKU1002,189,236.0,2025-11-04 11:16:19.423183,47.0
728,fe9e0b55-3601-4032-aecd-2578784f6335,2025-07-15,STR006,SKU1003,196,197.0,2025-11-04 11:16:19.423183,1.0
729,fe9e0b55-3601-4032-aecd-2578784f6335,2025-07-15,STR006,SKU1004,318,298.0,2025-11-04 11:16:19.423183,20.0
730,fe9e0b55-3601-4032-aecd-2578784f6335,2025-07-15,STR006,SKU1005,213,188.0,2025-11-04 11:16:19.423183,25.0
731,fe9e0b55-3601-4032-aecd-2578784f6335,2025-07-15,STR007,SKU1001,219,224.0,2025-11-04 11:16:19.423183,5.0
732,fe9e0b55-3601-4032-aecd-2578784f6335,2025-07-15,STR007,SKU1002,307,284.0,2025-11-04 11:16:19.423183,23.0
733,fe9e0b55-3601-4032-aecd-2578784f6335,2025-07-15,STR007,SKU1003,175,171.0,2025-11-04 11:16:19.423183,4.0
734,fe9e0b55-3601-4032-aecd-2578784f6335,2025-07-15,STR007,SKU1004,240,204.0,2025-11-04 11:16:19.423183,36.0
735,fe9e0b55-3601-4032-aecd-2578784f6335,2025-07-15,STR007,SKU1005,297,284.0,2025-11-04 11:16:19.423183,13.0
736,fe9e0b55-3601-4032-aecd-2578784f6335,2025-07-15,STR008,SKU1001,93,84.0,2025-11-04 11:16:19.423183,9.0
737,fe9e0b55-3601-4032-aecd-2578784f6335,2025-07-15,STR008,SKU1002,62,53.0,2025-11-04 11:16:19.423183,9.0
738,fe9e0b55-3601-4032-aecd-2578784f6335,2025-07-15,STR008,SKU1003,98,116.0,2025-11-04 11:16:19.423183,18.0
739,fe9e0b55-3601-4032-aecd-2578784f6335,2025-07-15,STR008,SKU1004,50,59.0,2025-11-04 11:16:19.423183,9.0
740,fe9e0b55-3601-4032-aecd-2578784f6335,2025-07-15,STR008,SKU1005,79,98.0,2025-11-04 11:16:19.423183,19.0
741,fe9e0b55-3601-4032-aecd-2578784f6335,2025-07-15,STR009,SKU1001,103,111.0,2025-11-04 11:16:19.423183,8.0
742,fe9e0b55-3601-4032-aecd-2578784f6335,2025-07-15,STR009,SKU1002,81,91.0,2025-11-04 11:16:19.423183,10.0
743,fe9e0b55-3601-4032-aecd-2578784f6335,2025-07-15,STR009,SKU1003,94,85.0,2025-11-04 11:16:19.423183,9.0
744,fe9e0b55-3601-4032-aecd-2578784f6335,2025-07-15,STR009,SKU1004,59,72.0,2025-11-04 11:16:19.423183,13.0
745,fe9e0b55-3601-4032-aecd-2578784f6335,2025-07-15,STR009,SKU1005,99,83.0,2025-11-04 11:16:19.423183,16.0
746,fe9e0b55-3601-4032-aecd-2578784f6335,2025-07-15,STR010,SKU1001,92,99.0,2025-11-04 11:16:19.423183,7.0
747,fe9e0b55-3601-4032-aecd-2578784f6335,2025-07-15,STR010,SKU1002,96,107.0,2025-11-04 11:16:19.423183,11.0
748,fe9e0b55-3601-4032-aecd-2578784f6335,2025-07-15,STR010,SKU1003,67,67.0,2025-11-04 11:16:19.423183,0.0
749,fe9e0b55-3601-4032-aecd-2578784f6335,2025-07-15,STR010,SKU1004,70,68.0,2025-11-04 11:16:19.423183,2.0
750,fe9e0b55-3601-4032-aecd-2578784f6335,2025-07-15,STR010,SKU1005,86,99.0,2025-11-04 11:16:19.423183,13.0
751,fe9e0b55-3601-4032-aecd-2578784f6335,2025-07-16,STR001,SKU1001,81,88.0,2025-11-04 11:16:19.423183,7.0
752,fe9e0b55-3601-4032-aecd-2578784f6335,2025-07-16,STR001,SKU1002,92,80.0,2025-11-04 11:16:19.423183,12.0
753,fe9e0b55-3601-4032-aecd-2578784f6335,2025-07-16,STR001,SKU1003,91,80.0,2025-11-04 11:16:19.423183,11.0
754,fe9e0b55-3601-4032-aecd-2578784f6335,2025-07-16,STR001,SKU1004,103,92.0,2025-11-04 11:16:19.423183,11.0
755,fe9e0b55-3601-4032-aecd-2578784f6335,2025-07-16,STR001,SKU1005,77,94.0,2025-11-04 11:16:19.423183,17.0
756,fe9e0b55-3601-4032-aecd-2578784f6335,2025-07-16,STR002,SKU1001,14,12.0,2025-11-04 11:16:19.423183,2.0
757,fe9e0b55-3601-4032-aecd-2578784f6335,2025-07-16,STR002,SKU1002,12,11.0,2025-11-04 11:16:19.423183,1.0
758,fe9e0b55-3601-4032-aecd-2578784f6335,2025-07-16,STR002,SKU1003,26,29.0,2025-11-04 11:16:19.423183,3.0
759,fe9e0b55-3601-4032-aecd-2578784f6335,2025-07-16,STR002,SKU1004,23,20.0,2025-11-04 11:16:19.423183,3.0
760,fe9e0b55-3601-4032-aecd-2578784f6335,2025-07-16,STR002,SKU1005,12,10.0,2025-11-04 11:16:19.423183,2.0
761,fe9e0b55-3601-4032-aecd-2578784f6335,2025-07-16,STR003,SKU1001,22,21.0,2025-11-04 11:16:19.423183,1.0
762,fe9e0b55-3601-4032-aecd-2578784f6335,2025-07-16,STR003,SKU1002,12,12.0,2025-11-04 11:16:19.423183,0.0
763,fe9e0b55-3601-4032-aecd-2578784f6335,2025-07-16,STR003,SKU1003,7,8.0,2025-11-04 11:16:19.423183,1.0
764,fe9e0b55-3601-4032-aecd-2578784f6335,2025-07-16,STR003,SKU1004,19,22.0,2025-11-04 11:16:19.423183,3.0
765,fe9e0b55-3601-4032-aecd-2578784f6335,2025-07-16,STR003,SKU1005,15,13.0,2025-11-04 11:16:19.423183,2.0
766,fe9e0b55-3601-4032-aecd-2578784f6335,2025-07-16,STR004,SKU1001,60,72.0,2025-11-04 11:16:19.423183,12.0
767,fe9e0b55-3601-4032-aecd-2578784f6335,2025-07-16,STR004,SKU1002,87,81.0,2025-11-04 11:16:19.423183,6.0
768,fe9e0b55-3601-4032-aecd-2578784f6335,2025-07-16,STR004,SKU1003,94,80.0,2025-11-04 11:16:19.423183,14.0
769,fe9e0b55-3601-4032-aecd-2578784f6335,2025-07-16,STR004,SKU1004,102,94.0,2025-11-04 11:16:19.423183,8.0
770,fe9e0b55-3601-4032-aecd-2578784f6335,2025-07-16,STR004,SKU1005,57,50.0,2025-11-04 11:16:19.423183,7.0
771,fe9e0b55-3601-4032-aecd-2578784f6335,2025-07-16,STR005,SKU1001,34,29.0,2025-11-04 11:16:19.423183,5.0
772,fe9e0b55-3601-4032-aecd-2578784f6335,2025-07-16,STR005,SKU1002,23,22.0,2025-11-04 11:16:19.423183,1.0
773,fe9e0b55-3601-4032-aecd-2578784f6335,2025-07-16,STR005,SKU1003,20,18.0,2025-11-04 11:16:19.423183,2.0
774,fe9e0b55-3601-4032-aecd-2578784f6335,2025-07-16,STR005,SKU1004,17,15.0,2025-11-04 11:16:19.423183,2.0
775,fe9e0b55-3601-4032-aecd-2578784f6335,2025-07-16,STR005,SKU1005,9,10.0,2025-11-04 11:16:19.423183,1.0
776,fe9e0b55-3601-4032-aecd-2578784f6335,2025-07-16,STR006,SKU1001,301,261.0,2025-11-04 11:16:19.423183,40.0
777,fe9e0b55-3601-4032-aecd-2578784f6335,2025-07-16,STR006,SKU1002,194,162.0,2025-11-04 11:16:19.423183,32.0
778,fe9e0b55-3601-4032-aecd-2578784f6335,2025-07-16,STR006,SKU1003,324,284.0,2025-11-04 11:16:19.423183,40.0
779,fe9e0b55-3601-4032-aecd-2578784f6335,2025-07-16,STR006,SKU1004,209,206.0,2025-11-04 11:16:19.423183,3.0
780,fe9e0b55-3601-4032-aecd-2578784f6335,2025-07-16,STR006,SKU1005,183,169.0,2025-11-04 11:16:19.423183,14.0
781,fe9e0b55-3601-4032-aecd-2578784f6335,2025-07-16,STR007,SKU1001,227,203.0,2025-11-04 11:16:19.423183,24.0
782,fe9e0b55-3601-4032-aecd-2578784f6335,2025-07-16,STR007,SKU1002,283,280.0,2025-11-04 11:16:19.423183,3.0
783,fe9e0b55-3601-4032-aecd-2578784f6335,2025-07-16,STR007,SKU1003,251,293.0,2025-11-04 11:16:19.423183,42.0
784,fe9e0b55-3601-4032-aecd-2578784f6335,2025-07-16,STR007,SKU1004,156,183.0,2025-11-04 11:16:19.423183,27.0
785,fe9e0b55-3601-4032-aecd-2578784f6335,2025-07-16,STR007,SKU1005,227,217.0,2025-11-04 11:16:19.423183,10.0
786,fe9e0b55-3601-4032-aecd-2578784f6335,2025-07-16,STR008,SKU1001,65,59.0,2025-11-04 11:16:19.423183,6.0
787,fe9e0b55-3601-4032-aecd-2578784f6335,2025-07-16,STR008,SKU1002,98,100.0,2025-11-04 11:16:19.423183,2.0
788,fe9e0b55-3601-4032-aecd-2578784f6335,2025-07-16,STR008,SKU1003,44,50.0,2025-11-04 11:16:19.423183,6.0
789,fe9e0b55-3601-4032-aecd-2578784f6335,2025-07-16,STR008,SKU1004,63,53.0,2025-11-04 11:16:19.423183,10.0
790,fe9e0b55-3601-4032-aecd-2578784f6335,2025-07-16,STR008,SKU1005,60,61.0,2025-11-04 11:16:19.423183,1.0
791,fe9e0b55-3601-4032-aecd-2578784f6335,2025-07-16,STR009,SKU1001,70,70.0,2025-11-04 11:16:19.423183,0.0
792,fe9e0b55-3601-4032-aecd-2578784f6335,2025-07-16,STR009,SKU1002,88,102.0,2025-11-04 11:16:19.423183,14.0
793,fe9e0b55-3601-4032-aecd-2578784f6335,2025-07-16,STR009,SKU1003,67,66.0,2025-11-04 11:16:19.423183,1.0
794,fe9e0b55-3601-4032-aecd-2578784f6335,2025-07-16,STR009,SKU1004,91,103.0,2025-11-04 11:16:19.423183,12.0
795,fe9e0b55-3601-4032-aecd-2578784f6335,2025-07-16,STR009,SKU1005,115,103.0,2025-11-04 11:16:19.423183,12.0
796,fe9e0b55-3601-4032-aecd-2578784f6335,2025-07-16,STR010,SKU1001,83,82.0,2025-11-04 11:16:19.423183,1.0
797,fe9e0b55-3601-4032-aecd-2578784f6335,2025-07-16,STR010,SKU1002,62,56.0,2025-11-04 11:16:19.423183,6.0
798,fe9e0b55-3601-4032-aecd-2578784f6335,2025-07-16,STR010,SKU1003,65,57.0,2025-11-04 11:16:19.423183,8.0
799,fe9e0b55-3601-4032-aecd-2578784f6335,2025-07-16,STR010,SKU1004,67,62.0,2025-11-04 11:16:19.423183,5.0
800,fe9e0b55-3601-4032-aecd-2578784f6335,2025-07-16,STR010,SKU1005,66,61.0,2025-11-04 11:16:19.423183,5.0
801,fe9e0b55-3601-4032-aecd-2578784f6335,2025-07-17,STR001,SKU1001,45,56.0,2025-11-04 11:16:19.423183,11.0
802,fe9e0b55-3601-4032-aecd-2578784f6335,2025-07-17,STR001,SKU1002,50,56.0,2025-11-04 11:16:19.423183,6.0
803,fe9e0b55-3601-4032-aecd-2578784f6335,2025-07-17,STR001,SKU1003,75,64.0,2025-11-04 11:16:19.423183,11.0
804,fe9e0b55-3601-4032-aecd-2578784f6335,2025-07-17,STR001,SKU1004,123,110.0,2025-11-04 11:16:19.423183,13.0
805,fe9e0b55-3601-4032-aecd-2578784f6335,2025-07-17,STR001,SKU1005,86,73.0,2025-11-04 11:16:19.423183,13.0
806,fe9e0b55-3601-4032-aecd-2578784f6335,2025-07-17,STR002,SKU1001,14,17.0,2025-11-04 11:16:19.423183,3.0
807,fe9e0b55-3601-4032-aecd-2578784f6335,2025-07-17,STR002,SKU1002,16,17.0,2025-11-04 11:16:19.423183,1.0
808,fe9e0b55-3601-4032-aecd-2578784f6335,2025-07-17,STR002,SKU1003,26,28.0,2025-11-04 11:16:19.423183,2.0
809,fe9e0b55-3601-4032-aecd-2578784f6335,2025-07-17,STR002,SKU1004,16,19.0,2025-11-04 11:16:19.423183,3.0
810,fe9e0b55-3601-4032-aecd-2578784f6335,2025-07-17,STR002,SKU1005,21,25.0,2025-11-04 11:16:19.423183,4.0
811,fe9e0b55-3601-4032-aecd-2578784f6335,2025-07-17,STR003,SKU1001,23,20.0,2025-11-04 11:16:19.423183,3.0
812,fe9e0b55-3601-4032-aecd-2578784f6335,2025-07-17,STR003,SKU1002,25,27.0,2025-11-04 11:16:19.423183,2.0
813,fe9e0b55-3601-4032-aecd-2578784f6335,2025-07-17,STR003,SKU1003,10,9.0,2025-11-04 11:16:19.423183,1.0
814,fe9e0b55-3601-4032-aecd-2578784f6335,2025-07-17,STR003,SKU1004,24,23.0,2025-11-04 11:16:19.423183,1.0
815,fe9e0b55-3601-4032-aecd-2578784f6335,2025-07-17,STR003,SKU1005,15,19.0,2025-11-04 11:16:19.423183,4.0
816,fe9e0b55-3601-4032-aecd-2578784f6335,2025-07-17,STR004,SKU1001,60,58.0,2025-11-04 11:16:19.423183,2.0
817,fe9e0b55-3601-4032-aecd-2578784f6335,2025-07-17,STR004,SKU1002,91,85.0,2025-11-04 11:16:19.423183,6.0
818,fe9e0b55-3601-4032-aecd-2578784f6335,2025-07-17,STR004,SKU1003,52,57.0,2025-11-04 11:16:19.423183,5.0
819,fe9e0b55-3601-4032-aecd-2578784f6335,2025-07-17,STR004,SKU1004,53,59.0,2025-11-04 11:16:19.423183,6.0
820,fe9e0b55-3601-4032-aecd-2578784f6335,2025-07-17,STR004,SKU1005,68,71.0,2025-11-04 11:16:19.423183,3.0
821,fe9e0b55-3601-4032-aecd-2578784f6335,2025-07-17,STR005,SKU1001,12,11.0,2025-11-04 11:16:19.423183,1.0
822,fe9e0b55-3601-4032-aecd-2578784f6335,2025-07-17,STR005,SKU1002,11,14.0,2025-11-04 11:16:19.423183,3.0
823,fe9e0b55-3601-4032-aecd-2578784f6335,2025-07-17,STR005,SKU1003,17,21.0,2025-11-04 11:16:19.423183,4.0
824,fe9e0b55-3601-4032-aecd-2578784f6335,2025-07-17,STR005,SKU1004,23,20.0,2025-11-04 11:16:19.423183,3.0
825,fe9e0b55-3601-4032-aecd-2578784f6335,2025-07-17,STR005,SKU1005,33,28.0,2025-11-04 11:16:19.423183,5.0
826,fe9e0b55-3601-4032-aecd-2578784f6335,2025-07-17,STR006,SKU1001,189,205.0,2025-11-04 11:16:19.423183,16.0
827,fe9e0b55-3601-4032-aecd-2578784f6335,2025-07-17,STR006,SKU1002,264,247.0,2025-11-04 11:16:19.423183,17.0
828,fe9e0b55-3601-4032-aecd-2578784f6335,2025-07-17,STR006,SKU1003,314,289.0,2025-11-04 11:16:19.423183,25.0
829,fe9e0b55-3601-4032-aecd-2578784f6335,2025-07-17,STR006,SKU1004,310,292.0,2025-11-04 11:16:19.423183,18.0
830,fe9e0b55-3601-4032-aecd-2578784f6335,2025-07-17,STR006,SKU1005,269,266.0,2025-11-04 11:16:19.423183,3.0
831,fe9e0b55-3601-4032-aecd-2578784f6335,2025-07-17,STR007,SKU1001,236,202.0,2025-11-04 11:16:19.423183,34.0
832,fe9e0b55-3601-4032-aecd-2578784f6335,2025-07-17,STR007,SKU1002,219,217.0,2025-11-04 11:16:19.423183,2.0
833,fe9e0b55-3601-4032-aecd-2578784f6335,2025-07-17,STR007,SKU1003,208,215.0,2025-11-04 11:16:19.423183,7.0
834,fe9e0b55-3601-4032-aecd-2578784f6335,2025-07-17,STR007,SKU1004,224,272.0,2025-11-04 11:16:19.423183,48.0
835,fe9e0b55-3601-4032-aecd-2578784f6335,2025-07-17,STR007,SKU1005,210,192.0,2025-11-04 11:16:19.423183,18.0
836,fe9e0b55-3601-4032-aecd-2578784f6335,2025-07-17,STR008,SKU1001,52,65.0,2025-11-04 11:16:19.423183,13.0
837,fe9e0b55-3601-4032-aecd-2578784f6335,2025-07-17,STR008,SKU1002,90,99.0,2025-11-04 11:16:19.423183,9.0
838,fe9e0b55-3601-4032-aecd-2578784f6335,2025-07-17,STR008,SKU1003,70,82.0,2025-11-04 11:16:19.423183,12.0
839,fe9e0b55-3601-4032-aecd-2578784f6335,2025-07-17,STR008,SKU1004,49,53.0,2025-11-04 11:16:19.423183,4.0
840,fe9e0b55-3601-4032-aecd-2578784f6335,2025-07-17,STR008,SKU1005,83,92.0,2025-11-04 11:16:19.423183,9.0
841,fe9e0b55-3601-4032-aecd-2578784f6335,2025-07-17,STR009,SKU1001,103,110.0,2025-11-04 11:16:19.423183,7.0
842,fe9e0b55-3601-4032-aecd-2578784f6335,2025-07-17,STR009,SKU1002,45,55.0,2025-11-04 11:16:19.423183,10.0
843,fe9e0b55-3601-4032-aecd-2578784f6335,2025-07-17,STR009,SKU1003,94,93.0,2025-11-04 11:16:19.423183,1.0
844,fe9e0b55-3601-4032-aecd-2578784f6335,2025-07-17,STR009,SKU1004,102,94.0,2025-11-04 11:16:19.423183,8.0
845,fe9e0b55-3601-4032-aecd-2578784f6335,2025-07-17,STR009,SKU1005,93,82.0,2025-11-04 11:16:19.423183,11.0
846,fe9e0b55-3601-4032-aecd-2578784f6335,2025-07-17,STR010,SKU1001,91,78.0,2025-11-04 11:16:19.423183,13.0
847,fe9e0b55-3601-4032-aecd-2578784f6335,2025-07-17,STR010,SKU1002,89,80.0,2025-11-04 11:16:19.423183,9.0
848,fe9e0b55-3601-4032-aecd-2578784f6335,2025-07-17,STR010,SKU1003,85,92.0,2025-11-04 11:16:19.423183,7.0
849,fe9e0b55-3601-4032-aecd-2578784f6335,2025-07-17,STR010,SKU1004,65,79.0,2025-11-04 11:16:19.423183,14.0
850,fe9e0b55-3601-4032-aecd-2578784f6335,2025-07-17,STR010,SKU1005,92,112.0,2025-11-04 11:16:19.423183,20.0
851,fe9e0b55-3601-4032-aecd-2578784f6335,2025-07-18,STR001,SKU1001,49,53.0,2025-11-04 11:16:19.423183,4.0
852,fe9e0b55-3601-4032-aecd-2578784f6335,2025-07-18,STR001,SKU1002,101,93.0,2025-11-04 11:16:19.423183,8.0
853,fe9e0b55-3601-4032-aecd-2578784f6335,2025-07-18,STR001,SKU1003,49,61.0,2025-11-04 11:16:19.423183,12.0
854,fe9e0b55-3601-4032-aecd-2578784f6335,2025-07-18,STR001,SKU1004,61,60.0,2025-11-04 11:16:19.423183,1.0
855,fe9e0b55-3601-4032-aecd-2578784f6335,2025-07-18,STR001,SKU1005,103,91.0,2025-11-04 11:16:19.423183,12.0
856,fe9e0b55-3601-4032-aecd-2578784f6335,2025-07-18,STR002,SKU1001,8,7.0,2025-11-04 11:16:19.423183,1.0
857,fe9e0b55-3601-4032-aecd-2578784f6335,2025-07-18,STR002,SKU1002,8,8.0,2025-11-04 11:16:19.423183,0.0
858,fe9e0b55-3601-4032-aecd-2578784f6335,2025-07-18,STR002,SKU1003,19,17.0,2025-11-04 11:16:19.423183,2.0
859,fe9e0b55-3601-4032-aecd-2578784f6335,2025-07-18,STR002,SKU1004,18,21.0,2025-11-04 11:16:19.423183,3.0
860,fe9e0b55-3601-4032-aecd-2578784f6335,2025-07-18,STR002,SKU1005,25,29.0,2025-11-04 11:16:19.423183,4.0
861,fe9e0b55-3601-4032-aecd-2578784f6335,2025-07-18,STR003,SKU1001,11,13.0,2025-11-04 11:16:19.423183,2.0
862,fe9e0b55-3601-4032-aecd-2578784f6335,2025-07-18,STR003,SKU1002,7,7.0,2025-11-04 11:16:19.423183,0.0
863,fe9e0b55-3601-4032-aecd-2578784f6335,2025-07-18,STR003,SKU1003,29,25.0,2025-11-04 11:16:19.423183,4.0
864,fe9e0b55-3601-4032-aecd-2578784f6335,2025-07-18,STR003,SKU1004,22,21.0,2025-11-04 11:16:19.423183,1.0
865,fe9e0b55-3601-4032-aecd-2578784f6335,2025-07-18,STR003,SKU1005,13,11.0,2025-11-04 11:16:19.423183,2.0
866,fe9e0b55-3601-4032-aecd-2578784f6335,2025-07-18,STR004,SKU1001,109,106.0,2025-11-04 11:16:19.423183,3.0
867,fe9e0b55-3601-4032-aecd-2578784f6335,2025-07-18,STR004,SKU1002,84,93.0,2025-11-04 11:16:19.423183,9.0
868,fe9e0b55-3601-4032-aecd-2578784f6335,2025-07-18,STR004,SKU1003,47,57.0,2025-11-04 11:16:19.423183,10.0
869,fe9e0b55-3601-4032-aecd-2578784f6335,2025-07-18,STR004,SKU1004,47,52.0,2025-11-04 11:16:19.423183,5.0
870,fe9e0b55-3601-4032-aecd-2578784f6335,2025-07-18,STR004,SKU1005,87,79.0,2025-11-04 11:16:19.423183,8.0
871,fe9e0b55-3601-4032-aecd-2578784f6335,2025-07-18,STR005,SKU1001,17,19.0,2025-11-04 11:16:19.423183,2.0
872,fe9e0b55-3601-4032-aecd-2578784f6335,2025-07-18,STR005,SKU1002,11,11.0,2025-11-04 11:16:19.423183,0.0
873,fe9e0b55-3601-4032-aecd-2578784f6335,2025-07-18,STR005,SKU1003,12,12.0,2025-11-04 11:16:19.423183,0.0
874,fe9e0b55-3601-4032-aecd-2578784f6335,2025-07-18,STR005,SKU1004,25,21.0,2025-11-04 11:16:19.423183,4.0
875,fe9e0b55-3601-4032-aecd-2578784f6335,2025-07-18,STR005,SKU1005,6,5.0,2025-11-04 11:16:19.423183,1.0
876,fe9e0b55-3601-4032-aecd-2578784f6335,2025-07-18,STR006,SKU1001,247,211.0,2025-11-04 11:16:19.423183,36.0
877,fe9e0b55-3601-4032-aecd-2578784f6335,2025-07-18,STR006,SKU1002,267,273.0,2025-11-04 11:16:19.423183,6.0
878,fe9e0b55-3601-4032-aecd-2578784f6335,2025-07-18,STR006,SKU1003,160,182.0,2025-11-04 11:16:19.423183,22.0
879,fe9e0b55-3601-4032-aecd-2578784f6335,2025-07-18,STR006,SKU1004,240,227.0,2025-11-04 11:16:19.423183,13.0
880,fe9e0b55-3601-4032-aecd-2578784f6335,2025-07-18,STR006,SKU1005,237,244.0,2025-11-04 11:16:19.423183,7.0
881,fe9e0b55-3601-4032-aecd-2578784f6335,2025-07-18,STR007,SKU1001,198,184.0,2025-11-04 11:16:19.423183,14.0
882,fe9e0b55-3601-4032-aecd-2578784f6335,2025-07-18,STR007,SKU1002,281,258.0,2025-11-04 11:16:19.423183,23.0
883,fe9e0b55-3601-4032-aecd-2578784f6335,2025-07-18,STR007,SKU1003,157,162.0,2025-11-04 11:16:19.423183,5.0
884,fe9e0b55-3601-4032-aecd-2578784f6335,2025-07-18,STR007,SKU1004,166,183.0,2025-11-04 11:16:19.423183,17.0
885,fe9e0b55-3601-4032-aecd-2578784f6335,2025-07-18,STR007,SKU1005,174,200.0,2025-11-04 11:16:19.423183,26.0
886,fe9e0b55-3601-4032-aecd-2578784f6335,2025-07-18,STR008,SKU1001,104,90.0,2025-11-04 11:16:19.423183,14.0
887,fe9e0b55-3601-4032-aecd-2578784f6335,2025-07-18,STR008,SKU1002,54,59.0,2025-11-04 11:16:19.423183,5.0
888,fe9e0b55-3601-4032-aecd-2578784f6335,2025-07-18,STR008,SKU1003,59,73.0,2025-11-04 11:16:19.423183,14.0
889,fe9e0b55-3601-4032-aecd-2578784f6335,2025-07-18,STR008,SKU1004,91,93.0,2025-11-04 11:16:19.423183,2.0
890,fe9e0b55-3601-4032-aecd-2578784f6335,2025-07-18,STR008,SKU1005,110,109.0,2025-11-04 11:16:19.423183,1.0
891,fe9e0b55-3601-4032-aecd-2578784f6335,2025-07-18,STR009,SKU1001,123,104.0,2025-11-04 11:16:19.423183,19.0
892,fe9e0b55-3601-4032-aecd-2578784f6335,2025-07-18,STR009,SKU1002,99,86.0,2025-11-04 11:16:19.423183,13.0
893,fe9e0b55-3601-4032-aecd-2578784f6335,2025-07-18,STR009,SKU1003,99,83.0,2025-11-04 11:16:19.423183,16.0
894,fe9e0b55-3601-4032-aecd-2578784f6335,2025-07-18,STR009,SKU1004,91,81.0,2025-11-04 11:16:19.423183,10.0
895,fe9e0b55-3601-4032-aecd-2578784f6335,2025-07-18,STR009,SKU1005,69,61.0,2025-11-04 11:16:19.423183,8.0
896,fe9e0b55-3601-4032-aecd-2578784f6335,2025-07-18,STR010,SKU1001,104,100.0,2025-11-04 11:16:19.423183,4.0
897,fe9e0b55-3601-4032-aecd-2578784f6335,2025-07-18,STR010,SKU1002,71,62.0,2025-11-04 11:16:19.423183,9.0
898,fe9e0b55-3601-4032-aecd-2578784f6335,2025-07-18,STR010,SKU1003,92,87.0,2025-11-04 11:16:19.423183,5.0
899,fe9e0b55-3601-4032-aecd-2578784f6335,2025-07-18,STR010,SKU1004,108,96.0,2025-11-04 11:16:19.423183,12.0
900,fe9e0b55-3601-4032-aecd-2578784f6335,2025-07-18,STR010,SKU1005,101,106.0,2025-11-04 11:16:19.423183,5.0
901,fe9e0b55-3601-4032-aecd-2578784f6335,2025-07-19,STR001,SKU1001,52,64.0,2025-11-04 11:16:19.423183,12.0
902,fe9e0b55-3601-4032-aecd-2578784f6335,2025-07-19,STR001,SKU1002,78,90.0,2025-11-04 11:16:19.423183,12.0
903,fe9e0b55-3601-4032-aecd-2578784f6335,2025-07-19,STR001,SKU1003,83,73.0,2025-11-04 11:16:19.423183,10.0
904,fe9e0b55-3601-4032-aecd-2578784f6335,2025-07-19,STR001,SKU1004,79,73.0,2025-11-04 11:16:19.423183,6.0
905,fe9e0b55-3601-4032-aecd-2578784f6335,2025-07-19,STR001,SKU1005,55,63.0,2025-11-04 11:16:19.423183,8.0
906,fe9e0b55-3601-4032-aecd-2578784f6335,2025-07-19,STR002,SKU1001,13,15.0,2025-11-04 11:16:19.423183,2.0
907,fe9e0b55-3601-4032-aecd-2578784f6335,2025-07-19,STR002,SKU1002,8,8.0,2025-11-04 11:16:19.423183,0.0
908,fe9e0b55-3601-4032-aecd-2578784f6335,2025-07-19,STR002,SKU1003,28,29.0,2025-11-04 11:16:19.423183,1.0
909,fe9e0b55-3601-4032-aecd-2578784f6335,2025-07-19,STR002,SKU1004,13,14.0,2025-11-04 11:16:19.423183,1.0
910,fe9e0b55-3601-4032-aecd-2578784f6335,2025-07-19,STR002,SKU1005,23,25.0,2025-11-04 11:16:19.423183,2.0
911,fe9e0b55-3601-4032-aecd-2578784f6335,2025-07-19,STR003,SKU1001,6,5.0,2025-11-04 11:16:19.423183,1.0
912,fe9e0b55-3601-4032-aecd-2578784f6335,2025-07-19,STR003,SKU1002,6,6.0,2025-11-04 11:16:19.423183,0.0
913,fe9e0b55-3601-4032-aecd-2578784f6335,2025-07-19,STR003,SKU1003,15,15.0,2025-11-04 11:16:19.423183,0.0
914,fe9e0b55-3601-4032-aecd-2578784f6335,2025-07-19,STR003,SKU1004,14,13.0,2025-11-04 11:16:19.423183,1.0
915,fe9e0b55-3601-4032-aecd-2578784f6335,2025-07-19,STR003,SKU1005,7,9.0,2025-11-04 11:16:19.423183,2.0
916,fe9e0b55-3601-4032-aecd-2578784f6335,2025-07-19,STR004,SKU1001,68,65.0,2025-11-04 11:16:19.423183,3.0
917,fe9e0b55-3601-4032-aecd-2578784f6335,2025-07-19,STR004,SKU1002,59,52.0,2025-11-04 11:16:19.423183,7.0
918,fe9e0b55-3601-4032-aecd-2578784f6335,2025-07-19,STR004,SKU1003,108,101.0,2025-11-04 11:16:19.423183,7.0
919,fe9e0b55-3601-4032-aecd-2578784f6335,2025-07-19,STR004,SKU1004,72,70.0,2025-11-04 11:16:19.423183,2.0
920,fe9e0b55-3601-4032-aecd-2578784f6335,2025-07-19,STR004,SKU1005,61,63.0,2025-11-04 11:16:19.423183,2.0
921,fe9e0b55-3601-4032-aecd-2578784f6335,2025-07-19,STR005,SKU1001,7,6.0,2025-11-04 11:16:19.423183,1.0
922,fe9e0b55-3601-4032-aecd-2578784f6335,2025-07-19,STR005,SKU1002,15,15.0,2025-11-04 11:16:19.423183,0.0
923,fe9e0b55-3601-4032-aecd-2578784f6335,2025-07-19,STR005,SKU1003,13,11.0,2025-11-04 11:16:19.423183,2.0
924,fe9e0b55-3601-4032-aecd-2578784f6335,2025-07-19,STR005,SKU1004,30,27.0,2025-11-04 11:16:19.423183,3.0
925,fe9e0b55-3601-4032-aecd-2578784f6335,2025-07-19,STR005,SKU1005,5,5.0,2025-11-04 11:16:19.423183,0.0
926,fe9e0b55-3601-4032-aecd-2578784f6335,2025-07-19,STR006,SKU1001,310,294.0,2025-11-04 11:16:19.423183,16.0
927,fe9e0b55-3601-4032-aecd-2578784f6335,2025-07-19,STR006,SKU1002,297,271.0,2025-11-04 11:16:19.423183,26.0
928,fe9e0b55-3601-4032-aecd-2578784f6335,2025-07-19,STR006,SKU1003,252,227.0,2025-11-04 11:16:19.423183,25.0
929,fe9e0b55-3601-4032-aecd-2578784f6335,2025-07-19,STR006,SKU1004,197,213.0,2025-11-04 11:16:19.423183,16.0
930,fe9e0b55-3601-4032-aecd-2578784f6335,2025-07-19,STR006,SKU1005,193,216.0,2025-11-04 11:16:19.423183,23.0
931,fe9e0b55-3601-4032-aecd-2578784f6335,2025-07-19,STR007,SKU1001,294,278.0,2025-11-04 11:16:19.423183,16.0
932,fe9e0b55-3601-4032-aecd-2578784f6335,2025-07-19,STR007,SKU1002,333,289.0,2025-11-04 11:16:19.423183,44.0
933,fe9e0b55-3601-4032-aecd-2578784f6335,2025-07-19,STR007,SKU1003,198,210.0,2025-11-04 11:16:19.423183,12.0
934,fe9e0b55-3601-4032-aecd-2578784f6335,2025-07-19,STR007,SKU1004,275,244.0,2025-11-04 11:16:19.423183,31.0
935,fe9e0b55-3601-4032-aecd-2578784f6335,2025-07-19,STR007,SKU1005,199,175.0,2025-11-04 11:16:19.423183,24.0
936,fe9e0b55-3601-4032-aecd-2578784f6335,2025-07-19,STR008,SKU1001,57,58.0,2025-11-04 11:16:19.423183,1.0
937,fe9e0b55-3601-4032-aecd-2578784f6335,2025-07-19,STR008,SKU1002,74,76.0,2025-11-04 11:16:19.423183,2.0
938,fe9e0b55-3601-4032-aecd-2578784f6335,2025-07-19,STR008,SKU1003,76,66.0,2025-11-04 11:16:19.423183,10.0
939,fe9e0b55-3601-4032-aecd-2578784f6335,2025-07-19,STR008,SKU1004,115,105.0,2025-11-04 11:16:19.423183,10.0
940,fe9e0b55-3601-4032-aecd-2578784f6335,2025-07-19,STR008,SKU1005,53,61.0,2025-11-04 11:16:19.423183,8.0
941,fe9e0b55-3601-4032-aecd-2578784f6335,2025-07-19,STR009,SKU1001,65,65.0,2025-11-04 11:16:19.423183,0.0
942,fe9e0b55-3601-4032-aecd-2578784f6335,2025-07-19,STR009,SKU1002,63,65.0,2025-11-04 11:16:19.423183,2.0
943,fe9e0b55-3601-4032-aecd-2578784f6335,2025-07-19,STR009,SKU1003,124,110.0,2025-11-04 11:16:19.423183,14.0
944,fe9e0b55-3601-4032-aecd-2578784f6335,2025-07-19,STR009,SKU1004,64,74.0,2025-11-04 11:16:19.423183,10.0
945,fe9e0b55-3601-4032-aecd-2578784f6335,2025-07-19,STR009,SKU1005,79,81.0,2025-11-04 11:16:19.423183,2.0
946,fe9e0b55-3601-4032-aecd-2578784f6335,2025-07-19,STR010,SKU1001,57,52.0,2025-11-04 11:16:19.423183,5.0
947,fe9e0b55-3601-4032-aecd-2578784f6335,2025-07-19,STR010,SKU1002,74,83.0,2025-11-04 11:16:19.423183,9.0
948,fe9e0b55-3601-4032-aecd-2578784f6335,2025-07-19,STR010,SKU1003,109,94.0,2025-11-04 11:16:19.423183,15.0
949,fe9e0b55-3601-4032-aecd-2578784f6335,2025-07-19,STR010,SKU1004,131,117.0,2025-11-04 11:16:19.423183,14.0
950,fe9e0b55-3601-4032-aecd-2578784f6335,2025-07-19,STR010,SKU1005,73,73.0,2025-11-04 11:16:19.423183,0.0
951,fe9e0b55-3601-4032-aecd-2578784f6335,2025-07-20,STR001,SKU1001,112,99.0,2025-11-04 11:16:19.423183,13.0
952,fe9e0b55-3601-4032-aecd-2578784f6335,2025-07-20,STR001,SKU1002,72,72.0,2025-11-04 11:16:19.423183,0.0
953,fe9e0b55-3601-4032-aecd-2578784f6335,2025-07-20,STR001,SKU1003,137,119.0,2025-11-04 11:16:19.423183,18.0
954,fe9e0b55-3601-4032-aecd-2578784f6335,2025-07-20,STR001,SKU1004,114,118.0,2025-11-04 11:16:19.423183,4.0
955,fe9e0b55-3601-4032-aecd-2578784f6335,2025-07-20,STR001,SKU1005,94,92.0,2025-11-04 11:16:19.423183,2.0
956,fe9e0b55-3601-4032-aecd-2578784f6335,2025-07-20,STR002,SKU1001,26,23.0,2025-11-04 11:16:19.423183,3.0
957,fe9e0b55-3601-4032-aecd-2578784f6335,2025-07-20,STR002,SKU1002,5,5.0,2025-11-04 11:16:19.423183,0.0
958,fe9e0b55-3601-4032-aecd-2578784f6335,2025-07-20,STR002,SKU1003,34,29.0,2025-11-04 11:16:19.423183,5.0
959,fe9e0b55-3601-4032-aecd-2578784f6335,2025-07-20,STR002,SKU1004,11,12.0,2025-11-04 11:16:19.423183,1.0
960,fe9e0b55-3601-4032-aecd-2578784f6335,2025-07-20,STR002,SKU1005,15,18.0,2025-11-04 11:16:19.423183,3.0
961,fe9e0b55-3601-4032-aecd-2578784f6335,2025-07-20,STR003,SKU1001,7,7.0,2025-11-04 11:16:19.423183,0.0
962,fe9e0b55-3601-4032-aecd-2578784f6335,2025-07-20,STR003,SKU1002,5,6.0,2025-11-04 11:16:19.423183,1.0
963,fe9e0b55-3601-4032-aecd-2578784f6335,2025-07-20,STR003,SKU1003,21,18.0,2025-11-04 11:16:19.423183,3.0
964,fe9e0b55-3601-4032-aecd-2578784f6335,2025-07-20,STR003,SKU1004,21,21.0,2025-11-04 11:16:19.423183,0.0
965,fe9e0b55-3601-4032-aecd-2578784f6335,2025-07-20,STR003,SKU1005,8,8.0,2025-11-04 11:16:19.423183,0.0
966,fe9e0b55-3601-4032-aecd-2578784f6335,2025-07-20,STR004,SKU1001,119,107.0,2025-11-04 11:16:19.423183,12.0
967,fe9e0b55-3601-4032-aecd-2578784f6335,2025-07-20,STR004,SKU1002,127,111.0,2025-11-04 11:16:19.423183,16.0
968,fe9e0b55-3601-4032-aecd-2578784f6335,2025-07-20,STR004,SKU1003,54,62.0,2025-11-04 11:16:19.423183,8.0
969,fe9e0b55-3601-4032-aecd-2578784f6335,2025-07-20,STR004,SKU1004,62,53.0,2025-11-04 11:16:19.423183,9.0
970,fe9e0b55-3601-4032-aecd-2578784f6335,2025-07-20,STR004,SKU1005,88,76.0,2025-11-04 11:16:19.423183,12.0
971,fe9e0b55-3601-4032-aecd-2578784f6335,2025-07-20,STR005,SKU1001,10,10.0,2025-11-04 11:16:19.423183,0.0
972,fe9e0b55-3601-4032-aecd-2578784f6335,2025-07-20,STR005,SKU1002,27,26.0,2025-11-04 11:16:19.423183,1.0
973,fe9e0b55-3601-4032-aecd-2578784f6335,2025-07-20,STR005,SKU1003,19,17.0,2025-11-04 11:16:19.423183,2.0
974,fe9e0b55-3601-4032-aecd-2578784f6335,2025-07-20,STR005,SKU1004,22,21.0,2025-11-04 11:16:19.423183,1.0
975,fe9e0b55-3601-4032-aecd-2578784f6335,2025-07-20,STR005,SKU1005,11,13.0,2025-11-04 11:16:19.423183,2.0
976,fe9e0b55-3601-4032-aecd-2578784f6335,2025-07-20,STR006,SKU1001,137,150.0,2025-11-04 11:16:19.423183,13.0
977,fe9e0b55-3601-4032-aecd-2578784f6335,2025-07-20,STR006,SKU1002,228,228.0,2025-11-04 11:16:19.423183,0.0
978,fe9e0b55-3601-4032-aecd-2578784f6335,2025-07-20,STR006,SKU1003,167,152.0,2025-11-04 11:16:19.423183,15.0
979,fe9e0b55-3601-4032-aecd-2578784f6335,2025-07-20,STR006,SKU1004,264,271.0,2025-11-04 11:16:19.423183,7.0
980,fe9e0b55-3601-4032-aecd-2578784f6335,2025-07-20,STR006,SKU1005,187,179.0,2025-11-04 11:16:19.423183,8.0
981,fe9e0b55-3601-4032-aecd-2578784f6335,2025-07-20,STR007,SKU1001,248,264.0,2025-11-04 11:16:19.423183,16.0
982,fe9e0b55-3601-4032-aecd-2578784f6335,2025-07-20,STR007,SKU1002,185,176.0,2025-11-04 11:16:19.423183,9.0
983,fe9e0b55-3601-4032-aecd-2578784f6335,2025-07-20,STR007,SKU1003,198,197.0,2025-11-04 11:16:19.423183,1.0
984,fe9e0b55-3601-4032-aecd-2578784f6335,2025-07-20,STR007,SKU1004,264,284.0,2025-11-04 11:16:19.423183,20.0
985,fe9e0b55-3601-4032-aecd-2578784f6335,2025-07-20,STR007,SKU1005,279,272.0,2025-11-04 11:16:19.423183,7.0
986,fe9e0b55-3601-4032-aecd-2578784f6335,2025-07-20,STR008,SKU1001,87,85.0,2025-11-04 11:16:19.423183,2.0
987,fe9e0b55-3601-4032-aecd-2578784f6335,2025-07-20,STR008,SKU1002,56,50.0,2025-11-04 11:16:19.423183,6.0
988,fe9e0b55-3601-4032-aecd-2578784f6335,2025-07-20,STR008,SKU1003,93,101.0,2025-11-04 11:16:19.423183,8.0
989,fe9e0b55-3601-4032-aecd-2578784f6335,2025-07-20,STR008,SKU1004,61,64.0,2025-11-04 11:16:19.423183,3.0
990,fe9e0b55-3601-4032-aecd-2578784f6335,2025-07-20,STR008,SKU1005,101,97.0,2025-11-04 11:16:19.423183,4.0
991,fe9e0b55-3601-4032-aecd-2578784f6335,2025-07-20,STR009,SKU1001,45,54.0,2025-11-04 11:16:19.423183,9.0
992,fe9e0b55-3601-4032-aecd-2578784f6335,2025-07-20,STR009,SKU1002,109,109.0,2025-11-04 11:16:19.423183,0.0
993,fe9e0b55-3601-4032-aecd-2578784f6335,2025-07-20,STR009,SKU1003,101,90.0,2025-11-04 11:16:19.423183,11.0
994,fe9e0b55-3601-4032-aecd-2578784f6335,2025-07-20,STR009,SKU1004,98,85.0,2025-11-04 11:16:19.423183,13.0
995,fe9e0b55-3601-4032-aecd-2578784f6335,2025-07-20,STR009,SKU1005,112,116.0,2025-11-04 11:16:19.423183,4.0
996,fe9e0b55-3601-4032-aecd-2578784f6335,2025-07-20,STR010,SKU1001,78,73.0,2025-11-04 11:16:19.423183,5.0
997,fe9e0b55-3601-4032-aecd-2578784f6335,2025-07-20,STR010,SKU1002,51,51.0,2025-11-04 11:16:19.423183,0.0
998,fe9e0b55-3601-4032-aecd-2578784f6335,2025-07-20,STR010,SKU1003,127,114.0,2025-11-04 11:16:19.423183,13.0
999,fe9e0b55-3601-4032-aecd-2578784f6335,2025-07-20,STR010,SKU1004,48,59.0,2025-11-04 11:16:19.423183,11.0
1000,fe9e0b55-3601-4032-aecd-2578784f6335,2025-07-20,STR010,SKU1005,99,107.0,2025-11-04 11:16:19.423183,8.0
1001,fe9e0b55-3601-4032-aecd-2578784f6335,2025-07-21,STR001,SKU1001,106,100.0,2025-11-04 11:16:19.423183,6.0
1002,fe9e0b55-3601-4032-aecd-2578784f6335,2025-07-21,STR001,SKU1002,84,96.0,2025-11-04 11:16:19.423183,12.0
1003,fe9e0b55-3601-4032-aecd-2578784f6335,2025-07-21,STR001,SKU1003,87,105.0,2025-11-04 11:16:19.423183,18.0
1004,fe9e0b55-3601-4032-aecd-2578784f6335,2025-07-21,STR001,SKU1004,103,93.0,2025-11-04 11:16:19.423183,10.0
1005,fe9e0b55-3601-4032-aecd-2578784f6335,2025-07-21,STR001,SKU1005,91,96.0,2025-11-04 11:16:19.423183,5.0
1006,fe9e0b55-3601-4032-aecd-2578784f6335,2025-07-21,STR002,SKU1001,22,23.0,2025-11-04 11:16:19.423183,1.0
1007,fe9e0b55-3601-4032-aecd-2578784f6335,2025-07-21,STR002,SKU1002,6,5.0,2025-11-04 11:16:19.423183,1.0
1008,fe9e0b55-3601-4032-aecd-2578784f6335,2025-07-21,STR002,SKU1003,13,13.0,2025-11-04 11:16:19.423183,0.0
1009,fe9e0b55-3601-4032-aecd-2578784f6335,2025-07-21,STR002,SKU1004,27,29.0,2025-11-04 11:16:19.423183,2.0
1010,fe9e0b55-3601-4032-aecd-2578784f6335,2025-07-21,STR002,SKU1005,15,17.0,2025-11-04 11:16:19.423183,2.0
1011,fe9e0b55-3601-4032-aecd-2578784f6335,2025-07-21,STR003,SKU1001,7,6.0,2025-11-04 11:16:19.423183,1.0
1012,fe9e0b55-3601-4032-aecd-2578784f6335,2025-07-21,STR003,SKU1002,26,24.0,2025-11-04 11:16:19.423183,2.0
1013,fe9e0b55-3601-4032-aecd-2578784f6335,2025-07-21,STR003,SKU1003,27,23.0,2025-11-04 11:16:19.423183,4.0
1014,fe9e0b55-3601-4032-aecd-2578784f6335,2025-07-21,STR003,SKU1004,6,5.0,2025-11-04 11:16:19.423183,1.0
1015,fe9e0b55-3601-4032-aecd-2578784f6335,2025-07-21,STR003,SKU1005,16,14.0,2025-11-04 11:16:19.423183,2.0
1016,fe9e0b55-3601-4032-aecd-2578784f6335,2025-07-21,STR004,SKU1001,59,54.0,2025-11-04 11:16:19.423183,5.0
1017,fe9e0b55-3601-4032-aecd-2578784f6335,2025-07-21,STR004,SKU1002,85,76.0,2025-11-04 11:16:19.423183,9.0
1018,fe9e0b55-3601-4032-aecd-2578784f6335,2025-07-21,STR004,SKU1003,92,113.0,2025-11-04 11:16:19.423183,21.0
1019,fe9e0b55-3601-4032-aecd-2578784f6335,2025-07-21,STR004,SKU1004,60,68.0,2025-11-04 11:16:19.423183,8.0
1020,fe9e0b55-3601-4032-aecd-2578784f6335,2025-07-21,STR004,SKU1005,80,90.0,2025-11-04 11:16:19.423183,10.0
1021,fe9e0b55-3601-4032-aecd-2578784f6335,2025-07-21,STR005,SKU1001,16,14.0,2025-11-04 11:16:19.423183,2.0
1022,fe9e0b55-3601-4032-aecd-2578784f6335,2025-07-21,STR005,SKU1002,14,16.0,2025-11-04 11:16:19.423183,2.0
1023,fe9e0b55-3601-4032-aecd-2578784f6335,2025-07-21,STR005,SKU1003,19,16.0,2025-11-04 11:16:19.423183,3.0
1024,fe9e0b55-3601-4032-aecd-2578784f6335,2025-07-21,STR005,SKU1004,18,20.0,2025-11-04 11:16:19.423183,2.0
1025,fe9e0b55-3601-4032-aecd-2578784f6335,2025-07-21,STR005,SKU1005,18,21.0,2025-11-04 11:16:19.423183,3.0
1026,fe9e0b55-3601-4032-aecd-2578784f6335,2025-07-21,STR006,SKU1001,192,162.0,2025-11-04 11:16:19.423183,30.0
1027,fe9e0b55-3601-4032-aecd-2578784f6335,2025-07-21,STR006,SKU1002,221,259.0,2025-11-04 11:16:19.423183,38.0
1028,fe9e0b55-3601-4032-aecd-2578784f6335,2025-07-21,STR006,SKU1003,273,287.0,2025-11-04 11:16:19.423183,14.0
1029,fe9e0b55-3601-4032-aecd-2578784f6335,2025-07-21,STR006,SKU1004,262,231.0,2025-11-04 11:16:19.423183,31.0
1030,fe9e0b55-3601-4032-aecd-2578784f6335,2025-07-21,STR006,SKU1005,183,156.0,2025-11-04 11:16:19.423183,27.0
1031,fe9e0b55-3601-4032-aecd-2578784f6335,2025-07-21,STR007,SKU1001,283,284.0,2025-11-04 11:16:19.423183,1.0
1032,fe9e0b55-3601-4032-aecd-2578784f6335,2025-07-21,STR007,SKU1002,260,258.0,2025-11-04 11:16:19.423183,2.0
1033,fe9e0b55-3601-4032-aecd-2578784f6335,2025-07-21,STR007,SKU1003,270,287.0,2025-11-04 11:16:19.423183,17.0
1034,fe9e0b55-3601-4032-aecd-2578784f6335,2025-07-21,STR007,SKU1004,319,270.0,2025-11-04 11:16:19.423183,49.0
1035,fe9e0b55-3601-4032-aecd-2578784f6335,2025-07-21,STR007,SKU1005,202,189.0,2025-11-04 11:16:19.423183,13.0
1036,fe9e0b55-3601-4032-aecd-2578784f6335,2025-07-21,STR008,SKU1001,125,111.0,2025-11-04 11:16:19.423183,14.0
1037,fe9e0b55-3601-4032-aecd-2578784f6335,2025-07-21,STR008,SKU1002,52,65.0,2025-11-04 11:16:19.423183,13.0
1038,fe9e0b55-3601-4032-aecd-2578784f6335,2025-07-21,STR008,SKU1003,64,55.0,2025-11-04 11:16:19.423183,9.0
1039,fe9e0b55-3601-4032-aecd-2578784f6335,2025-07-21,STR008,SKU1004,105,93.0,2025-11-04 11:16:19.423183,12.0
1040,fe9e0b55-3601-4032-aecd-2578784f6335,2025-07-21,STR008,SKU1005,113,102.0,2025-11-04 11:16:19.423183,11.0
1041,fe9e0b55-3601-4032-aecd-2578784f6335,2025-07-21,STR009,SKU1001,67,70.0,2025-11-04 11:16:19.423183,3.0
1042,fe9e0b55-3601-4032-aecd-2578784f6335,2025-07-21,STR009,SKU1002,68,78.0,2025-11-04 11:16:19.423183,10.0
1043,fe9e0b55-3601-4032-aecd-2578784f6335,2025-07-21,STR009,SKU1003,55,50.0,2025-11-04 11:16:19.423183,5.0
1044,fe9e0b55-3601-4032-aecd-2578784f6335,2025-07-21,STR009,SKU1004,103,97.0,2025-11-04 11:16:19.423183,6.0
1045,fe9e0b55-3601-4032-aecd-2578784f6335,2025-07-21,STR009,SKU1005,99,105.0,2025-11-04 11:16:19.423183,6.0
1046,fe9e0b55-3601-4032-aecd-2578784f6335,2025-07-21,STR010,SKU1001,101,98.0,2025-11-04 11:16:19.423183,3.0
1047,fe9e0b55-3601-4032-aecd-2578784f6335,2025-07-21,STR010,SKU1002,77,90.0,2025-11-04 11:16:19.423183,13.0
1048,fe9e0b55-3601-4032-aecd-2578784f6335,2025-07-21,STR010,SKU1003,43,54.0,2025-11-04 11:16:19.423183,11.0
1049,fe9e0b55-3601-4032-aecd-2578784f6335,2025-07-21,STR010,SKU1004,95,106.0,2025-11-04 11:16:19.423183,11.0
1050,fe9e0b55-3601-4032-aecd-2578784f6335,2025-07-21,STR010,SKU1005,61,60.0,2025-11-04 11:16:19.423183,1.0
1051,fe9e0b55-3601-4032-aecd-2578784f6335,2025-07-22,STR001,SKU1001,65,61.0,2025-11-04 11:16:19.423183,4.0
1052,fe9e0b55-3601-4032-aecd-2578784f6335,2025-07-22,STR001,SKU1002,59,66.0,2025-11-04 11:16:19.423183,7.0
1053,fe9e0b55-3601-4032-aecd-2578784f6335,2025-07-22,STR001,SKU1003,70,86.0,2025-11-04 11:16:19.423183,16.0
1054,fe9e0b55-3601-4032-aecd-2578784f6335,2025-07-22,STR001,SKU1004,74,75.0,2025-11-04 11:16:19.423183,1.0
1055,fe9e0b55-3601-4032-aecd-2578784f6335,2025-07-22,STR001,SKU1005,79,77.0,2025-11-04 11:16:19.423183,2.0
1056,fe9e0b55-3601-4032-aecd-2578784f6335,2025-07-22,STR002,SKU1001,10,10.0,2025-11-04 11:16:19.423183,0.0
1057,fe9e0b55-3601-4032-aecd-2578784f6335,2025-07-22,STR002,SKU1002,15,13.0,2025-11-04 11:16:19.423183,2.0
1058,fe9e0b55-3601-4032-aecd-2578784f6335,2025-07-22,STR002,SKU1003,6,6.0,2025-11-04 11:16:19.423183,0.0
1059,fe9e0b55-3601-4032-aecd-2578784f6335,2025-07-22,STR002,SKU1004,16,17.0,2025-11-04 11:16:19.423183,1.0
1060,fe9e0b55-3601-4032-aecd-2578784f6335,2025-07-22,STR002,SKU1005,19,17.0,2025-11-04 11:16:19.423183,2.0
1061,fe9e0b55-3601-4032-aecd-2578784f6335,2025-07-22,STR003,SKU1001,18,22.0,2025-11-04 11:16:19.423183,4.0
1062,fe9e0b55-3601-4032-aecd-2578784f6335,2025-07-22,STR003,SKU1002,29,29.0,2025-11-04 11:16:19.423183,0.0
1063,fe9e0b55-3601-4032-aecd-2578784f6335,2025-07-22,STR003,SKU1003,6,6.0,2025-11-04 11:16:19.423183,0.0
1064,fe9e0b55-3601-4032-aecd-2578784f6335,2025-07-22,STR003,SKU1004,21,21.0,2025-11-04 11:16:19.423183,0.0
1065,fe9e0b55-3601-4032-aecd-2578784f6335,2025-07-22,STR003,SKU1005,24,23.0,2025-11-04 11:16:19.423183,1.0
1066,fe9e0b55-3601-4032-aecd-2578784f6335,2025-07-22,STR004,SKU1001,123,116.0,2025-11-04 11:16:19.423183,7.0
1067,fe9e0b55-3601-4032-aecd-2578784f6335,2025-07-22,STR004,SKU1002,98,109.0,2025-11-04 11:16:19.423183,11.0
1068,fe9e0b55-3601-4032-aecd-2578784f6335,2025-07-22,STR004,SKU1003,62,76.0,2025-11-04 11:16:19.423183,14.0
1069,fe9e0b55-3601-4032-aecd-2578784f6335,2025-07-22,STR004,SKU1004,123,116.0,2025-11-04 11:16:19.423183,7.0
1070,fe9e0b55-3601-4032-aecd-2578784f6335,2025-07-22,STR004,SKU1005,93,78.0,2025-11-04 11:16:19.423183,15.0
1071,fe9e0b55-3601-4032-aecd-2578784f6335,2025-07-22,STR005,SKU1001,9,8.0,2025-11-04 11:16:19.423183,1.0
1072,fe9e0b55-3601-4032-aecd-2578784f6335,2025-07-22,STR005,SKU1002,24,25.0,2025-11-04 11:16:19.423183,1.0
1073,fe9e0b55-3601-4032-aecd-2578784f6335,2025-07-22,STR005,SKU1003,9,11.0,2025-11-04 11:16:19.423183,2.0
1074,fe9e0b55-3601-4032-aecd-2578784f6335,2025-07-22,STR005,SKU1004,29,25.0,2025-11-04 11:16:19.423183,4.0
1075,fe9e0b55-3601-4032-aecd-2578784f6335,2025-07-22,STR005,SKU1005,22,19.0,2025-11-04 11:16:19.423183,3.0
1076,fe9e0b55-3601-4032-aecd-2578784f6335,2025-07-22,STR006,SKU1001,293,272.0,2025-11-04 11:16:19.423183,21.0
1077,fe9e0b55-3601-4032-aecd-2578784f6335,2025-07-22,STR006,SKU1002,157,185.0,2025-11-04 11:16:19.423183,28.0
1078,fe9e0b55-3601-4032-aecd-2578784f6335,2025-07-22,STR006,SKU1003,215,241.0,2025-11-04 11:16:19.423183,26.0
1079,fe9e0b55-3601-4032-aecd-2578784f6335,2025-07-22,STR006,SKU1004,184,211.0,2025-11-04 11:16:19.423183,27.0
1080,fe9e0b55-3601-4032-aecd-2578784f6335,2025-07-22,STR006,SKU1005,258,219.0,2025-11-04 11:16:19.423183,39.0
1081,fe9e0b55-3601-4032-aecd-2578784f6335,2025-07-22,STR007,SKU1001,165,169.0,2025-11-04 11:16:19.423183,4.0
1082,fe9e0b55-3601-4032-aecd-2578784f6335,2025-07-22,STR007,SKU1002,207,194.0,2025-11-04 11:16:19.423183,13.0
1083,fe9e0b55-3601-4032-aecd-2578784f6335,2025-07-22,STR007,SKU1003,201,173.0,2025-11-04 11:16:19.423183,28.0
1084,fe9e0b55-3601-4032-aecd-2578784f6335,2025-07-22,STR007,SKU1004,167,197.0,2025-11-04 11:16:19.423183,30.0
1085,fe9e0b55-3601-4032-aecd-2578784f6335,2025-07-22,STR007,SKU1005,218,186.0,2025-11-04 11:16:19.423183,32.0
1086,fe9e0b55-3601-4032-aecd-2578784f6335,2025-07-22,STR008,SKU1001,86,100.0,2025-11-04 11:16:19.423183,14.0
1087,fe9e0b55-3601-4032-aecd-2578784f6335,2025-07-22,STR008,SKU1002,58,67.0,2025-11-04 11:16:19.423183,9.0
1088,fe9e0b55-3601-4032-aecd-2578784f6335,2025-07-22,STR008,SKU1003,91,101.0,2025-11-04 11:16:19.423183,10.0
1089,fe9e0b55-3601-4032-aecd-2578784f6335,2025-07-22,STR008,SKU1004,113,118.0,2025-11-04 11:16:19.423183,5.0
1090,fe9e0b55-3601-4032-aecd-2578784f6335,2025-07-22,STR008,SKU1005,127,113.0,2025-11-04 11:16:19.423183,14.0
1091,fe9e0b55-3601-4032-aecd-2578784f6335,2025-07-22,STR009,SKU1001,115,101.0,2025-11-04 11:16:19.423183,14.0
1092,fe9e0b55-3601-4032-aecd-2578784f6335,2025-07-22,STR009,SKU1002,76,85.0,2025-11-04 11:16:19.423183,9.0
1093,fe9e0b55-3601-4032-aecd-2578784f6335,2025-07-22,STR009,SKU1003,94,89.0,2025-11-04 11:16:19.423183,5.0
1094,fe9e0b55-3601-4032-aecd-2578784f6335,2025-07-22,STR009,SKU1004,65,74.0,2025-11-04 11:16:19.423183,9.0
1095,fe9e0b55-3601-4032-aecd-2578784f6335,2025-07-22,STR009,SKU1005,72,66.0,2025-11-04 11:16:19.423183,6.0
1096,fe9e0b55-3601-4032-aecd-2578784f6335,2025-07-22,STR010,SKU1001,69,64.0,2025-11-04 11:16:19.423183,5.0
1097,fe9e0b55-3601-4032-aecd-2578784f6335,2025-07-22,STR010,SKU1002,96,95.0,2025-11-04 11:16:19.423183,1.0
1098,fe9e0b55-3601-4032-aecd-2578784f6335,2025-07-22,STR010,SKU1003,83,90.0,2025-11-04 11:16:19.423183,7.0
1099,fe9e0b55-3601-4032-aecd-2578784f6335,2025-07-22,STR010,SKU1004,119,114.0,2025-11-04 11:16:19.423183,5.0
1100,fe9e0b55-3601-4032-aecd-2578784f6335,2025-07-22,STR010,SKU1005,113,101.0,2025-11-04 11:16:19.423183,12.0
1101,fe9e0b55-3601-4032-aecd-2578784f6335,2025-07-23,STR001,SKU1001,90,111.0,2025-11-04 11:16:19.423183,21.0
1102,fe9e0b55-3601-4032-aecd-2578784f6335,2025-07-23,STR001,SKU1002,115,108.0,2025-11-04 11:16:19.423183,7.0
1103,fe9e0b55-3601-4032-aecd-2578784f6335,2025-07-23,STR001,SKU1003,100,88.0,2025-11-04 11:16:19.423183,12.0
1104,fe9e0b55-3601-4032-aecd-2578784f6335,2025-07-23,STR001,SKU1004,122,109.0,2025-11-04 11:16:19.423183,13.0
1105,fe9e0b55-3601-4032-aecd-2578784f6335,2025-07-23,STR001,SKU1005,83,92.0,2025-11-04 11:16:19.423183,9.0
1106,fe9e0b55-3601-4032-aecd-2578784f6335,2025-07-23,STR002,SKU1001,16,16.0,2025-11-04 11:16:19.423183,0.0
1107,fe9e0b55-3601-4032-aecd-2578784f6335,2025-07-23,STR002,SKU1002,15,15.0,2025-11-04 11:16:19.423183,0.0
1108,fe9e0b55-3601-4032-aecd-2578784f6335,2025-07-23,STR002,SKU1003,26,29.0,2025-11-04 11:16:19.423183,3.0
1109,fe9e0b55-3601-4032-aecd-2578784f6335,2025-07-23,STR002,SKU1004,29,28.0,2025-11-04 11:16:19.423183,1.0
1110,fe9e0b55-3601-4032-aecd-2578784f6335,2025-07-23,STR002,SKU1005,33,28.0,2025-11-04 11:16:19.423183,5.0
1111,fe9e0b55-3601-4032-aecd-2578784f6335,2025-07-23,STR003,SKU1001,25,27.0,2025-11-04 11:16:19.423183,2.0
1112,fe9e0b55-3601-4032-aecd-2578784f6335,2025-07-23,STR003,SKU1002,22,22.0,2025-11-04 11:16:19.423183,0.0
1113,fe9e0b55-3601-4032-aecd-2578784f6335,2025-07-23,STR003,SKU1003,15,17.0,2025-11-04 11:16:19.423183,2.0
1114,fe9e0b55-3601-4032-aecd-2578784f6335,2025-07-23,STR003,SKU1004,14,12.0,2025-11-04 11:16:19.423183,2.0
1115,fe9e0b55-3601-4032-aecd-2578784f6335,2025-07-23,STR003,SKU1005,33,28.0,2025-11-04 11:16:19.423183,5.0
1116,fe9e0b55-3601-4032-aecd-2578784f6335,2025-07-23,STR004,SKU1001,119,101.0,2025-11-04 11:16:19.423183,18.0
1117,fe9e0b55-3601-4032-aecd-2578784f6335,2025-07-23,STR004,SKU1002,90,88.0,2025-11-04 11:16:19.423183,2.0
1118,fe9e0b55-3601-4032-aecd-2578784f6335,2025-07-23,STR004,SKU1003,60,69.0,2025-11-04 11:16:19.423183,9.0
1119,fe9e0b55-3601-4032-aecd-2578784f6335,2025-07-23,STR004,SKU1004,133,116.0,2025-11-04 11:16:19.423183,17.0
1120,fe9e0b55-3601-4032-aecd-2578784f6335,2025-07-23,STR004,SKU1005,66,72.0,2025-11-04 11:16:19.423183,6.0
1121,fe9e0b55-3601-4032-aecd-2578784f6335,2025-07-23,STR005,SKU1001,30,28.0,2025-11-04 11:16:19.423183,2.0
1122,fe9e0b55-3601-4032-aecd-2578784f6335,2025-07-23,STR005,SKU1002,25,24.0,2025-11-04 11:16:19.423183,1.0
1123,fe9e0b55-3601-4032-aecd-2578784f6335,2025-07-23,STR005,SKU1003,8,7.0,2025-11-04 11:16:19.423183,1.0
1124,fe9e0b55-3601-4032-aecd-2578784f6335,2025-07-23,STR005,SKU1004,9,10.0,2025-11-04 11:16:19.423183,1.0
1125,fe9e0b55-3601-4032-aecd-2578784f6335,2025-07-23,STR005,SKU1005,21,25.0,2025-11-04 11:16:19.423183,4.0
1126,fe9e0b55-3601-4032-aecd-2578784f6335,2025-07-23,STR006,SKU1001,277,247.0,2025-11-04 11:16:19.423183,30.0
1127,fe9e0b55-3601-4032-aecd-2578784f6335,2025-07-23,STR006,SKU1002,293,291.0,2025-11-04 11:16:19.423183,2.0
1128,fe9e0b55-3601-4032-aecd-2578784f6335,2025-07-23,STR006,SKU1003,201,234.0,2025-11-04 11:16:19.423183,33.0
1129,fe9e0b55-3601-4032-aecd-2578784f6335,2025-07-23,STR006,SKU1004,241,282.0,2025-11-04 11:16:19.423183,41.0
1130,fe9e0b55-3601-4032-aecd-2578784f6335,2025-07-23,STR006,SKU1005,231,244.0,2025-11-04 11:16:19.423183,13.0
1131,fe9e0b55-3601-4032-aecd-2578784f6335,2025-07-23,STR007,SKU1001,253,270.0,2025-11-04 11:16:19.423183,17.0
1132,fe9e0b55-3601-4032-aecd-2578784f6335,2025-07-23,STR007,SKU1002,176,162.0,2025-11-04 11:16:19.423183,14.0
1133,fe9e0b55-3601-4032-aecd-2578784f6335,2025-07-23,STR007,SKU1003,269,259.0,2025-11-04 11:16:19.423183,10.0
1134,fe9e0b55-3601-4032-aecd-2578784f6335,2025-07-23,STR007,SKU1004,219,258.0,2025-11-04 11:16:19.423183,39.0
1135,fe9e0b55-3601-4032-aecd-2578784f6335,2025-07-23,STR007,SKU1005,286,239.0,2025-11-04 11:16:19.423183,47.0
1136,fe9e0b55-3601-4032-aecd-2578784f6335,2025-07-23,STR008,SKU1001,57,57.0,2025-11-04 11:16:19.423183,0.0
1137,fe9e0b55-3601-4032-aecd-2578784f6335,2025-07-23,STR008,SKU1002,113,103.0,2025-11-04 11:16:19.423183,10.0
1138,fe9e0b55-3601-4032-aecd-2578784f6335,2025-07-23,STR008,SKU1003,110,101.0,2025-11-04 11:16:19.423183,9.0
1139,fe9e0b55-3601-4032-aecd-2578784f6335,2025-07-23,STR008,SKU1004,111,96.0,2025-11-04 11:16:19.423183,15.0
1140,fe9e0b55-3601-4032-aecd-2578784f6335,2025-07-23,STR008,SKU1005,89,103.0,2025-11-04 11:16:19.423183,14.0
1141,fe9e0b55-3601-4032-aecd-2578784f6335,2025-07-23,STR009,SKU1001,86,81.0,2025-11-04 11:16:19.423183,5.0
1142,fe9e0b55-3601-4032-aecd-2578784f6335,2025-07-23,STR009,SKU1002,92,85.0,2025-11-04 11:16:19.423183,7.0
1143,fe9e0b55-3601-4032-aecd-2578784f6335,2025-07-23,STR009,SKU1003,76,74.0,2025-11-04 11:16:19.423183,2.0
1144,fe9e0b55-3601-4032-aecd-2578784f6335,2025-07-23,STR009,SKU1004,104,108.0,2025-11-04 11:16:19.423183,4.0
1145,fe9e0b55-3601-4032-aecd-2578784f6335,2025-07-23,STR009,SKU1005,62,52.0,2025-11-04 11:16:19.423183,10.0
1146,fe9e0b55-3601-4032-aecd-2578784f6335,2025-07-23,STR010,SKU1001,96,92.0,2025-11-04 11:16:19.423183,4.0
1147,fe9e0b55-3601-4032-aecd-2578784f6335,2025-07-23,STR010,SKU1002,83,103.0,2025-11-04 11:16:19.423183,20.0
1148,fe9e0b55-3601-4032-aecd-2578784f6335,2025-07-23,STR010,SKU1003,53,59.0,2025-11-04 11:16:19.423183,6.0
1149,fe9e0b55-3601-4032-aecd-2578784f6335,2025-07-23,STR010,SKU1004,85,101.0,2025-11-04 11:16:19.423183,16.0
1150,fe9e0b55-3601-4032-aecd-2578784f6335,2025-07-23,STR010,SKU1005,52,53.0,2025-11-04 11:16:19.423183,1.0
1151,fe9e0b55-3601-4032-aecd-2578784f6335,2025-07-24,STR001,SKU1001,60,64.0,2025-11-04 11:16:19.423183,4.0
1152,fe9e0b55-3601-4032-aecd-2578784f6335,2025-07-24,STR001,SKU1002,67,64.0,2025-11-04 11:16:19.423183,3.0
1153,fe9e0b55-3601-4032-aecd-2578784f6335,2025-07-24,STR001,SKU1003,62,65.0,2025-11-04 11:16:19.423183,3.0
1154,fe9e0b55-3601-4032-aecd-2578784f6335,2025-07-24,STR001,SKU1004,89,83.0,2025-11-04 11:16:19.423183,6.0
1155,fe9e0b55-3601-4032-aecd-2578784f6335,2025-07-24,STR001,SKU1005,70,75.0,2025-11-04 11:16:19.423183,5.0
1156,fe9e0b55-3601-4032-aecd-2578784f6335,2025-07-24,STR002,SKU1001,31,28.0,2025-11-04 11:16:19.423183,3.0
1157,fe9e0b55-3601-4032-aecd-2578784f6335,2025-07-24,STR002,SKU1002,13,11.0,2025-11-04 11:16:19.423183,2.0
1158,fe9e0b55-3601-4032-aecd-2578784f6335,2025-07-24,STR002,SKU1003,11,13.0,2025-11-04 11:16:19.423183,2.0
1159,fe9e0b55-3601-4032-aecd-2578784f6335,2025-07-24,STR002,SKU1004,15,14.0,2025-11-04 11:16:19.423183,1.0
1160,fe9e0b55-3601-4032-aecd-2578784f6335,2025-07-24,STR002,SKU1005,16,15.0,2025-11-04 11:16:19.423183,1.0
1161,fe9e0b55-3601-4032-aecd-2578784f6335,2025-07-24,STR003,SKU1001,18,16.0,2025-11-04 11:16:19.423183,2.0
1162,fe9e0b55-3601-4032-aecd-2578784f6335,2025-07-24,STR003,SKU1002,22,20.0,2025-11-04 11:16:19.423183,2.0
1163,fe9e0b55-3601-4032-aecd-2578784f6335,2025-07-24,STR003,SKU1003,15,13.0,2025-11-04 11:16:19.423183,2.0
1164,fe9e0b55-3601-4032-aecd-2578784f6335,2025-07-24,STR003,SKU1004,20,23.0,2025-11-04 11:16:19.423183,3.0
1165,fe9e0b55-3601-4032-aecd-2578784f6335,2025-07-24,STR003,SKU1005,16,19.0,2025-11-04 11:16:19.423183,3.0
1166,fe9e0b55-3601-4032-aecd-2578784f6335,2025-07-24,STR004,SKU1001,104,112.0,2025-11-04 11:16:19.423183,8.0
1167,fe9e0b55-3601-4032-aecd-2578784f6335,2025-07-24,STR004,SKU1002,95,79.0,2025-11-04 11:16:19.423183,16.0
1168,fe9e0b55-3601-4032-aecd-2578784f6335,2025-07-24,STR004,SKU1003,49,54.0,2025-11-04 11:16:19.423183,5.0
1169,fe9e0b55-3601-4032-aecd-2578784f6335,2025-07-24,STR004,SKU1004,106,113.0,2025-11-04 11:16:19.423183,7.0
1170,fe9e0b55-3601-4032-aecd-2578784f6335,2025-07-24,STR004,SKU1005,119,114.0,2025-11-04 11:16:19.423183,5.0
1171,fe9e0b55-3601-4032-aecd-2578784f6335,2025-07-24,STR005,SKU1001,22,23.0,2025-11-04 11:16:19.423183,1.0
1172,fe9e0b55-3601-4032-aecd-2578784f6335,2025-07-24,STR005,SKU1002,18,17.0,2025-11-04 11:16:19.423183,1.0
1173,fe9e0b55-3601-4032-aecd-2578784f6335,2025-07-24,STR005,SKU1003,14,12.0,2025-11-04 11:16:19.423183,2.0
1174,fe9e0b55-3601-4032-aecd-2578784f6335,2025-07-24,STR005,SKU1004,26,23.0,2025-11-04 11:16:19.423183,3.0
1175,fe9e0b55-3601-4032-aecd-2578784f6335,2025-07-24,STR005,SKU1005,28,27.0,2025-11-04 11:16:19.423183,1.0
1176,fe9e0b55-3601-4032-aecd-2578784f6335,2025-07-24,STR006,SKU1001,287,275.0,2025-11-04 11:16:19.423183,12.0
1177,fe9e0b55-3601-4032-aecd-2578784f6335,2025-07-24,STR006,SKU1002,328,275.0,2025-11-04 11:16:19.423183,53.0
1178,fe9e0b55-3601-4032-aecd-2578784f6335,2025-07-24,STR006,SKU1003,279,276.0,2025-11-04 11:16:19.423183,3.0
1179,fe9e0b55-3601-4032-aecd-2578784f6335,2025-07-24,STR006,SKU1004,249,239.0,2025-11-04 11:16:19.423183,10.0
1180,fe9e0b55-3601-4032-aecd-2578784f6335,2025-07-24,STR006,SKU1005,245,227.0,2025-11-04 11:16:19.423183,18.0
1181,fe9e0b55-3601-4032-aecd-2578784f6335,2025-07-24,STR007,SKU1001,277,239.0,2025-11-04 11:16:19.423183,38.0
1182,fe9e0b55-3601-4032-aecd-2578784f6335,2025-07-24,STR007,SKU1002,221,275.0,2025-11-04 11:16:19.423183,54.0
1183,fe9e0b55-3601-4032-aecd-2578784f6335,2025-07-24,STR007,SKU1003,227,192.0,2025-11-04 11:16:19.423183,35.0
1184,fe9e0b55-3601-4032-aecd-2578784f6335,2025-07-24,STR007,SKU1004,169,178.0,2025-11-04 11:16:19.423183,9.0
1185,fe9e0b55-3601-4032-aecd-2578784f6335,2025-07-24,STR007,SKU1005,224,199.0,2025-11-04 11:16:19.423183,25.0
1186,fe9e0b55-3601-4032-aecd-2578784f6335,2025-07-24,STR008,SKU1001,73,85.0,2025-11-04 11:16:19.423183,12.0
1187,fe9e0b55-3601-4032-aecd-2578784f6335,2025-07-24,STR008,SKU1002,71,72.0,2025-11-04 11:16:19.423183,1.0
1188,fe9e0b55-3601-4032-aecd-2578784f6335,2025-07-24,STR008,SKU1003,57,53.0,2025-11-04 11:16:19.423183,4.0
1189,fe9e0b55-3601-4032-aecd-2578784f6335,2025-07-24,STR008,SKU1004,48,56.0,2025-11-04 11:16:19.423183,8.0
1190,fe9e0b55-3601-4032-aecd-2578784f6335,2025-07-24,STR008,SKU1005,105,89.0,2025-11-04 11:16:19.423183,16.0
1191,fe9e0b55-3601-4032-aecd-2578784f6335,2025-07-24,STR009,SKU1001,93,111.0,2025-11-04 11:16:19.423183,18.0
1192,fe9e0b55-3601-4032-aecd-2578784f6335,2025-07-24,STR009,SKU1002,111,96.0,2025-11-04 11:16:19.423183,15.0
1193,fe9e0b55-3601-4032-aecd-2578784f6335,2025-07-24,STR009,SKU1003,55,60.0,2025-11-04 11:16:19.423183,5.0
1194,fe9e0b55-3601-4032-aecd-2578784f6335,2025-07-24,STR009,SKU1004,88,75.0,2025-11-04 11:16:19.423183,13.0
1195,fe9e0b55-3601-4032-aecd-2578784f6335,2025-07-24,STR009,SKU1005,93,85.0,2025-11-04 11:16:19.423183,8.0
1196,fe9e0b55-3601-4032-aecd-2578784f6335,2025-07-24,STR010,SKU1001,75,74.0,2025-11-04 11:16:19.423183,1.0
1197,fe9e0b55-3601-4032-aecd-2578784f6335,2025-07-24,STR010,SKU1002,100,112.0,2025-11-04 11:16:19.423183,12.0
1198,fe9e0b55-3601-4032-aecd-2578784f6335,2025-07-24,STR010,SKU1003,107,91.0,2025-11-04 11:16:19.423183,16.0
1199,fe9e0b55-3601-4032-aecd-2578784f6335,2025-07-24,STR010,SKU1004,89,91.0,2025-11-04 11:16:19.423183,2.0
1200,fe9e0b55-3601-4032-aecd-2578784f6335,2025-07-24,STR010,SKU1005,112,100.0,2025-11-04 11:16:19.423183,12.0
1201,fe9e0b55-3601-4032-aecd-2578784f6335,2025-07-25,STR001,SKU1001,42,50.0,2025-11-04 11:16:19.423183,8.0
1202,fe9e0b55-3601-4032-aecd-2578784f6335,2025-07-25,STR001,SKU1002,85,92.0,2025-11-04 11:16:19.423183,7.0
1203,fe9e0b55-3601-4032-aecd-2578784f6335,2025-07-25,STR001,SKU1003,92,77.0,2025-11-04 11:16:19.423183,15.0
1204,fe9e0b55-3601-4032-aecd-2578784f6335,2025-07-25,STR001,SKU1004,68,59.0,2025-11-04 11:16:19.423183,9.0
1205,fe9e0b55-3601-4032-aecd-2578784f6335,2025-07-25,STR001,SKU1005,71,83.0,2025-11-04 11:16:19.423183,12.0
1206,fe9e0b55-3601-4032-aecd-2578784f6335,2025-07-25,STR002,SKU1001,7,7.0,2025-11-04 11:16:19.423183,0.0
1207,fe9e0b55-3601-4032-aecd-2578784f6335,2025-07-25,STR002,SKU1002,14,12.0,2025-11-04 11:16:19.423183,2.0
1208,fe9e0b55-3601-4032-aecd-2578784f6335,2025-07-25,STR002,SKU1003,19,16.0,2025-11-04 11:16:19.423183,3.0
1209,fe9e0b55-3601-4032-aecd-2578784f6335,2025-07-25,STR002,SKU1004,23,22.0,2025-11-04 11:16:19.423183,1.0
1210,fe9e0b55-3601-4032-aecd-2578784f6335,2025-07-25,STR002,SKU1005,22,19.0,2025-11-04 11:16:19.423183,3.0
1211,fe9e0b55-3601-4032-aecd-2578784f6335,2025-07-25,STR003,SKU1001,32,27.0,2025-11-04 11:16:19.423183,5.0
1212,fe9e0b55-3601-4032-aecd-2578784f6335,2025-07-25,STR003,SKU1002,11,13.0,2025-11-04 11:16:19.423183,2.0
1213,fe9e0b55-3601-4032-aecd-2578784f6335,2025-07-25,STR003,SKU1003,13,11.0,2025-11-04 11:16:19.423183,2.0
1214,fe9e0b55-3601-4032-aecd-2578784f6335,2025-07-25,STR003,SKU1004,21,25.0,2025-11-04 11:16:19.423183,4.0
1215,fe9e0b55-3601-4032-aecd-2578784f6335,2025-07-25,STR003,SKU1005,23,23.0,2025-11-04 11:16:19.423183,0.0
1216,fe9e0b55-3601-4032-aecd-2578784f6335,2025-07-25,STR004,SKU1001,52,58.0,2025-11-04 11:16:19.423183,6.0
1217,fe9e0b55-3601-4032-aecd-2578784f6335,2025-07-25,STR004,SKU1002,85,102.0,2025-11-04 11:16:19.423183,17.0
1218,fe9e0b55-3601-4032-aecd-2578784f6335,2025-07-25,STR004,SKU1003,63,71.0,2025-11-04 11:16:19.423183,8.0
1219,fe9e0b55-3601-4032-aecd-2578784f6335,2025-07-25,STR004,SKU1004,79,81.0,2025-11-04 11:16:19.423183,2.0
1220,fe9e0b55-3601-4032-aecd-2578784f6335,2025-07-25,STR004,SKU1005,110,104.0,2025-11-04 11:16:19.423183,6.0
1221,fe9e0b55-3601-4032-aecd-2578784f6335,2025-07-25,STR005,SKU1001,30,25.0,2025-11-04 11:16:19.423183,5.0
1222,fe9e0b55-3601-4032-aecd-2578784f6335,2025-07-25,STR005,SKU1002,8,8.0,2025-11-04 11:16:19.423183,0.0
1223,fe9e0b55-3601-4032-aecd-2578784f6335,2025-07-25,STR005,SKU1003,18,21.0,2025-11-04 11:16:19.423183,3.0
1224,fe9e0b55-3601-4032-aecd-2578784f6335,2025-07-25,STR005,SKU1004,14,12.0,2025-11-04 11:16:19.423183,2.0
1225,fe9e0b55-3601-4032-aecd-2578784f6335,2025-07-25,STR005,SKU1005,7,7.0,2025-11-04 11:16:19.423183,0.0
1226,fe9e0b55-3601-4032-aecd-2578784f6335,2025-07-25,STR006,SKU1001,236,233.0,2025-11-04 11:16:19.423183,3.0
1227,fe9e0b55-3601-4032-aecd-2578784f6335,2025-07-25,STR006,SKU1002,151,178.0,2025-11-04 11:16:19.423183,27.0
1228,fe9e0b55-3601-4032-aecd-2578784f6335,2025-07-25,STR006,SKU1003,348,295.0,2025-11-04 11:16:19.423183,53.0
1229,fe9e0b55-3601-4032-aecd-2578784f6335,2025-07-25,STR006,SKU1004,249,242.0,2025-11-04 11:16:19.423183,7.0
1230,fe9e0b55-3601-4032-aecd-2578784f6335,2025-07-25,STR006,SKU1005,288,275.0,2025-11-04 11:16:19.423183,13.0
1231,fe9e0b55-3601-4032-aecd-2578784f6335,2025-07-25,STR007,SKU1001,283,264.0,2025-11-04 11:16:19.423183,19.0
1232,fe9e0b55-3601-4032-aecd-2578784f6335,2025-07-25,STR007,SKU1002,180,173.0,2025-11-04 11:16:19.423183,7.0
1233,fe9e0b55-3601-4032-aecd-2578784f6335,2025-07-25,STR007,SKU1003,198,207.0,2025-11-04 11:16:19.423183,9.0
1234,fe9e0b55-3601-4032-aecd-2578784f6335,2025-07-25,STR007,SKU1004,251,232.0,2025-11-04 11:16:19.423183,19.0
1235,fe9e0b55-3601-4032-aecd-2578784f6335,2025-07-25,STR007,SKU1005,278,250.0,2025-11-04 11:16:19.423183,28.0
1236,fe9e0b55-3601-4032-aecd-2578784f6335,2025-07-25,STR008,SKU1001,54,60.0,2025-11-04 11:16:19.423183,6.0
1237,fe9e0b55-3601-4032-aecd-2578784f6335,2025-07-25,STR008,SKU1002,123,103.0,2025-11-04 11:16:19.423183,20.0
1238,fe9e0b55-3601-4032-aecd-2578784f6335,2025-07-25,STR008,SKU1003,50,58.0,2025-11-04 11:16:19.423183,8.0
1239,fe9e0b55-3601-4032-aecd-2578784f6335,2025-07-25,STR008,SKU1004,81,95.0,2025-11-04 11:16:19.423183,14.0
1240,fe9e0b55-3601-4032-aecd-2578784f6335,2025-07-25,STR008,SKU1005,90,97.0,2025-11-04 11:16:19.423183,7.0
1241,fe9e0b55-3601-4032-aecd-2578784f6335,2025-07-25,STR009,SKU1001,47,50.0,2025-11-04 11:16:19.423183,3.0
1242,fe9e0b55-3601-4032-aecd-2578784f6335,2025-07-25,STR009,SKU1002,118,107.0,2025-11-04 11:16:19.423183,11.0
1243,fe9e0b55-3601-4032-aecd-2578784f6335,2025-07-25,STR009,SKU1003,124,108.0,2025-11-04 11:16:19.423183,16.0
1244,fe9e0b55-3601-4032-aecd-2578784f6335,2025-07-25,STR009,SKU1004,115,109.0,2025-11-04 11:16:19.423183,6.0
1245,fe9e0b55-3601-4032-aecd-2578784f6335,2025-07-25,STR009,SKU1005,65,74.0,2025-11-04 11:16:19.423183,9.0
1246,fe9e0b55-3601-4032-aecd-2578784f6335,2025-07-25,STR010,SKU1001,97,109.0,2025-11-04 11:16:19.423183,12.0
1247,fe9e0b55-3601-4032-aecd-2578784f6335,2025-07-25,STR010,SKU1002,74,65.0,2025-11-04 11:16:19.423183,9.0
1248,fe9e0b55-3601-4032-aecd-2578784f6335,2025-07-25,STR010,SKU1003,81,88.0,2025-11-04 11:16:19.423183,7.0
1249,fe9e0b55-3601-4032-aecd-2578784f6335,2025-07-25,STR010,SKU1004,55,64.0,2025-11-04 11:16:19.423183,9.0
1250,fe9e0b55-3601-4032-aecd-2578784f6335,2025-07-25,STR010,SKU1005,58,55.0,2025-11-04 11:16:19.423183,3.0
1251,fe9e0b55-3601-4032-aecd-2578784f6335,2025-07-26,STR001,SKU1001,79,96.0,2025-11-04 11:16:19.423183,17.0
1252,fe9e0b55-3601-4032-aecd-2578784f6335,2025-07-26,STR001,SKU1002,104,90.0,2025-11-04 11:16:19.423183,14.0
1253,fe9e0b55-3601-4032-aecd-2578784f6335,2025-07-26,STR001,SKU1003,98,103.0,2025-11-04 11:16:19.423183,5.0
1254,fe9e0b55-3601-4032-aecd-2578784f6335,2025-07-26,STR001,SKU1004,56,53.0,2025-11-04 11:16:19.423183,3.0
1255,fe9e0b55-3601-4032-aecd-2578784f6335,2025-07-26,STR001,SKU1005,104,92.0,2025-11-04 11:16:19.423183,12.0
1256,fe9e0b55-3601-4032-aecd-2578784f6335,2025-07-26,STR002,SKU1001,26,24.0,2025-11-04 11:16:19.423183,2.0
1257,fe9e0b55-3601-4032-aecd-2578784f6335,2025-07-26,STR002,SKU1002,27,23.0,2025-11-04 11:16:19.423183,4.0
1258,fe9e0b55-3601-4032-aecd-2578784f6335,2025-07-26,STR002,SKU1003,16,18.0,2025-11-04 11:16:19.423183,2.0
1259,fe9e0b55-3601-4032-aecd-2578784f6335,2025-07-26,STR002,SKU1004,14,12.0,2025-11-04 11:16:19.423183,2.0
1260,fe9e0b55-3601-4032-aecd-2578784f6335,2025-07-26,STR002,SKU1005,26,27.0,2025-11-04 11:16:19.423183,1.0
1261,fe9e0b55-3601-4032-aecd-2578784f6335,2025-07-26,STR003,SKU1001,25,26.0,2025-11-04 11:16:19.423183,1.0
1262,fe9e0b55-3601-4032-aecd-2578784f6335,2025-07-26,STR003,SKU1002,13,16.0,2025-11-04 11:16:19.423183,3.0
1263,fe9e0b55-3601-4032-aecd-2578784f6335,2025-07-26,STR003,SKU1003,11,10.0,2025-11-04 11:16:19.423183,1.0
1264,fe9e0b55-3601-4032-aecd-2578784f6335,2025-07-26,STR003,SKU1004,11,9.0,2025-11-04 11:16:19.423183,2.0
1265,fe9e0b55-3601-4032-aecd-2578784f6335,2025-07-26,STR003,SKU1005,23,25.0,2025-11-04 11:16:19.423183,2.0
1266,fe9e0b55-3601-4032-aecd-2578784f6335,2025-07-26,STR004,SKU1001,102,99.0,2025-11-04 11:16:19.423183,3.0
1267,fe9e0b55-3601-4032-aecd-2578784f6335,2025-07-26,STR004,SKU1002,68,57.0,2025-11-04 11:16:19.423183,11.0
1268,fe9e0b55-3601-4032-aecd-2578784f6335,2025-07-26,STR004,SKU1003,95,99.0,2025-11-04 11:16:19.423183,4.0
1269,fe9e0b55-3601-4032-aecd-2578784f6335,2025-07-26,STR004,SKU1004,57,54.0,2025-11-04 11:16:19.423183,3.0
1270,fe9e0b55-3601-4032-aecd-2578784f6335,2025-07-26,STR004,SKU1005,119,102.0,2025-11-04 11:16:19.423183,17.0
1271,fe9e0b55-3601-4032-aecd-2578784f6335,2025-07-26,STR005,SKU1001,10,9.0,2025-11-04 11:16:19.423183,1.0
1272,fe9e0b55-3601-4032-aecd-2578784f6335,2025-07-26,STR005,SKU1002,19,22.0,2025-11-04 11:16:19.423183,3.0
1273,fe9e0b55-3601-4032-aecd-2578784f6335,2025-07-26,STR005,SKU1003,18,21.0,2025-11-04 11:16:19.423183,3.0
1274,fe9e0b55-3601-4032-aecd-2578784f6335,2025-07-26,STR005,SKU1004,25,29.0,2025-11-04 11:16:19.423183,4.0
1275,fe9e0b55-3601-4032-aecd-2578784f6335,2025-07-26,STR005,SKU1005,17,17.0,2025-11-04 11:16:19.423183,0.0
1276,fe9e0b55-3601-4032-aecd-2578784f6335,2025-07-26,STR006,SKU1001,173,206.0,2025-11-04 11:16:19.423183,33.0
1277,fe9e0b55-3601-4032-aecd-2578784f6335,2025-07-26,STR006,SKU1002,217,194.0,2025-11-04 11:16:19.423183,23.0
1278,fe9e0b55-3601-4032-aecd-2578784f6335,2025-07-26,STR006,SKU1003,185,220.0,2025-11-04 11:16:19.423183,35.0
1279,fe9e0b55-3601-4032-aecd-2578784f6335,2025-07-26,STR006,SKU1004,279,246.0,2025-11-04 11:16:19.423183,33.0
1280,fe9e0b55-3601-4032-aecd-2578784f6335,2025-07-26,STR006,SKU1005,164,203.0,2025-11-04 11:16:19.423183,39.0
1281,fe9e0b55-3601-4032-aecd-2578784f6335,2025-07-26,STR007,SKU1001,225,194.0,2025-11-04 11:16:19.423183,31.0
1282,fe9e0b55-3601-4032-aecd-2578784f6335,2025-07-26,STR007,SKU1002,192,188.0,2025-11-04 11:16:19.423183,4.0
1283,fe9e0b55-3601-4032-aecd-2578784f6335,2025-07-26,STR007,SKU1003,183,207.0,2025-11-04 11:16:19.423183,24.0
1284,fe9e0b55-3601-4032-aecd-2578784f6335,2025-07-26,STR007,SKU1004,190,215.0,2025-11-04 11:16:19.423183,25.0
1285,fe9e0b55-3601-4032-aecd-2578784f6335,2025-07-26,STR007,SKU1005,180,152.0,2025-11-04 11:16:19.423183,28.0
1286,fe9e0b55-3601-4032-aecd-2578784f6335,2025-07-26,STR008,SKU1001,47,55.0,2025-11-04 11:16:19.423183,8.0
1287,fe9e0b55-3601-4032-aecd-2578784f6335,2025-07-26,STR008,SKU1002,55,56.0,2025-11-04 11:16:19.423183,1.0
1288,fe9e0b55-3601-4032-aecd-2578784f6335,2025-07-26,STR008,SKU1003,100,112.0,2025-11-04 11:16:19.423183,12.0
1289,fe9e0b55-3601-4032-aecd-2578784f6335,2025-07-26,STR008,SKU1004,64,77.0,2025-11-04 11:16:19.423183,13.0
1290,fe9e0b55-3601-4032-aecd-2578784f6335,2025-07-26,STR008,SKU1005,67,64.0,2025-11-04 11:16:19.423183,3.0
1291,fe9e0b55-3601-4032-aecd-2578784f6335,2025-07-26,STR009,SKU1001,87,97.0,2025-11-04 11:16:19.423183,10.0
1292,fe9e0b55-3601-4032-aecd-2578784f6335,2025-07-26,STR009,SKU1002,109,115.0,2025-11-04 11:16:19.423183,6.0
1293,fe9e0b55-3601-4032-aecd-2578784f6335,2025-07-26,STR009,SKU1003,51,52.0,2025-11-04 11:16:19.423183,1.0
1294,fe9e0b55-3601-4032-aecd-2578784f6335,2025-07-26,STR009,SKU1004,66,59.0,2025-11-04 11:16:19.423183,7.0
1295,fe9e0b55-3601-4032-aecd-2578784f6335,2025-07-26,STR009,SKU1005,80,79.0,2025-11-04 11:16:19.423183,1.0
1296,fe9e0b55-3601-4032-aecd-2578784f6335,2025-07-26,STR010,SKU1001,55,63.0,2025-11-04 11:16:19.423183,8.0
1297,fe9e0b55-3601-4032-aecd-2578784f6335,2025-07-26,STR010,SKU1002,75,77.0,2025-11-04 11:16:19.423183,2.0
1298,fe9e0b55-3601-4032-aecd-2578784f6335,2025-07-26,STR010,SKU1003,85,88.0,2025-11-04 11:16:19.423183,3.0
1299,fe9e0b55-3601-4032-aecd-2578784f6335,2025-07-26,STR010,SKU1004,85,92.0,2025-11-04 11:16:19.423183,7.0
1300,fe9e0b55-3601-4032-aecd-2578784f6335,2025-07-26,STR010,SKU1005,52,50.0,2025-11-04 11:16:19.423183,2.0
1301,fe9e0b55-3601-4032-aecd-2578784f6335,2025-07-27,STR001,SKU1001,56,58.0,2025-11-04 11:16:19.423183,2.0
1302,fe9e0b55-3601-4032-aecd-2578784f6335,2025-07-27,STR001,SKU1002,65,77.0,2025-11-04 11:16:19.423183,12.0
1303,fe9e0b55-3601-4032-aecd-2578784f6335,2025-07-27,STR001,SKU1003,137,118.0,2025-11-04 11:16:19.423183,19.0
1304,fe9e0b55-3601-4032-aecd-2578784f6335,2025-07-27,STR001,SKU1004,52,53.0,2025-11-04 11:16:19.423183,1.0
1305,fe9e0b55-3601-4032-aecd-2578784f6335,2025-07-27,STR001,SKU1005,63,53.0,2025-11-04 11:16:19.423183,10.0
1306,fe9e0b55-3601-4032-aecd-2578784f6335,2025-07-27,STR002,SKU1001,11,12.0,2025-11-04 11:16:19.423183,1.0
1307,fe9e0b55-3601-4032-aecd-2578784f6335,2025-07-27,STR002,SKU1002,22,27.0,2025-11-04 11:16:19.423183,5.0
1308,fe9e0b55-3601-4032-aecd-2578784f6335,2025-07-27,STR002,SKU1003,24,21.0,2025-11-04 11:16:19.423183,3.0
1309,fe9e0b55-3601-4032-aecd-2578784f6335,2025-07-27,STR002,SKU1004,16,18.0,2025-11-04 11:16:19.423183,2.0
1310,fe9e0b55-3601-4032-aecd-2578784f6335,2025-07-27,STR002,SKU1005,17,17.0,2025-11-04 11:16:19.423183,0.0
1311,fe9e0b55-3601-4032-aecd-2578784f6335,2025-07-27,STR003,SKU1001,12,15.0,2025-11-04 11:16:19.423183,3.0
1312,fe9e0b55-3601-4032-aecd-2578784f6335,2025-07-27,STR003,SKU1002,18,16.0,2025-11-04 11:16:19.423183,2.0
1313,fe9e0b55-3601-4032-aecd-2578784f6335,2025-07-27,STR003,SKU1003,5,6.0,2025-11-04 11:16:19.423183,1.0
1314,fe9e0b55-3601-4032-aecd-2578784f6335,2025-07-27,STR003,SKU1004,7,6.0,2025-11-04 11:16:19.423183,1.0
1315,fe9e0b55-3601-4032-aecd-2578784f6335,2025-07-27,STR003,SKU1005,21,18.0,2025-11-04 11:16:19.423183,3.0
1316,fe9e0b55-3601-4032-aecd-2578784f6335,2025-07-27,STR004,SKU1001,46,57.0,2025-11-04 11:16:19.423183,11.0
1317,fe9e0b55-3601-4032-aecd-2578784f6335,2025-07-27,STR004,SKU1002,45,52.0,2025-11-04 11:16:19.423183,7.0
1318,fe9e0b55-3601-4032-aecd-2578784f6335,2025-07-27,STR004,SKU1003,128,116.0,2025-11-04 11:16:19.423183,12.0
1319,fe9e0b55-3601-4032-aecd-2578784f6335,2025-07-27,STR004,SKU1004,101,100.0,2025-11-04 11:16:19.423183,1.0
1320,fe9e0b55-3601-4032-aecd-2578784f6335,2025-07-27,STR004,SKU1005,77,74.0,2025-11-04 11:16:19.423183,3.0
1321,fe9e0b55-3601-4032-aecd-2578784f6335,2025-07-27,STR005,SKU1001,18,21.0,2025-11-04 11:16:19.423183,3.0
1322,fe9e0b55-3601-4032-aecd-2578784f6335,2025-07-27,STR005,SKU1002,23,28.0,2025-11-04 11:16:19.423183,5.0
1323,fe9e0b55-3601-4032-aecd-2578784f6335,2025-07-27,STR005,SKU1003,11,13.0,2025-11-04 11:16:19.423183,2.0
1324,fe9e0b55-3601-4032-aecd-2578784f6335,2025-07-27,STR005,SKU1004,23,20.0,2025-11-04 11:16:19.423183,3.0
1325,fe9e0b55-3601-4032-aecd-2578784f6335,2025-07-27,STR005,SKU1005,27,25.0,2025-11-04 11:16:19.423183,2.0
1326,fe9e0b55-3601-4032-aecd-2578784f6335,2025-07-27,STR006,SKU1001,268,225.0,2025-11-04 11:16:19.423183,43.0
1327,fe9e0b55-3601-4032-aecd-2578784f6335,2025-07-27,STR006,SKU1002,311,282.0,2025-11-04 11:16:19.423183,29.0
1328,fe9e0b55-3601-4032-aecd-2578784f6335,2025-07-27,STR006,SKU1003,263,268.0,2025-11-04 11:16:19.423183,5.0
1329,fe9e0b55-3601-4032-aecd-2578784f6335,2025-07-27,STR006,SKU1004,314,276.0,2025-11-04 11:16:19.423183,38.0
1330,fe9e0b55-3601-4032-aecd-2578784f6335,2025-07-27,STR006,SKU1005,292,257.0,2025-11-04 11:16:19.423183,35.0
1331,fe9e0b55-3601-4032-aecd-2578784f6335,2025-07-27,STR007,SKU1001,255,287.0,2025-11-04 11:16:19.423183,32.0
1332,fe9e0b55-3601-4032-aecd-2578784f6335,2025-07-27,STR007,SKU1002,167,204.0,2025-11-04 11:16:19.423183,37.0
1333,fe9e0b55-3601-4032-aecd-2578784f6335,2025-07-27,STR007,SKU1003,167,203.0,2025-11-04 11:16:19.423183,36.0
1334,fe9e0b55-3601-4032-aecd-2578784f6335,2025-07-27,STR007,SKU1004,247,237.0,2025-11-04 11:16:19.423183,10.0
1335,fe9e0b55-3601-4032-aecd-2578784f6335,2025-07-27,STR007,SKU1005,318,299.0,2025-11-04 11:16:19.423183,19.0
1336,fe9e0b55-3601-4032-aecd-2578784f6335,2025-07-27,STR008,SKU1001,110,103.0,2025-11-04 11:16:19.423183,7.0
1337,fe9e0b55-3601-4032-aecd-2578784f6335,2025-07-27,STR008,SKU1002,86,99.0,2025-11-04 11:16:19.423183,13.0
1338,fe9e0b55-3601-4032-aecd-2578784f6335,2025-07-27,STR008,SKU1003,57,52.0,2025-11-04 11:16:19.423183,5.0
1339,fe9e0b55-3601-4032-aecd-2578784f6335,2025-07-27,STR008,SKU1004,101,110.0,2025-11-04 11:16:19.423183,9.0
1340,fe9e0b55-3601-4032-aecd-2578784f6335,2025-07-27,STR008,SKU1005,73,72.0,2025-11-04 11:16:19.423183,1.0
1341,fe9e0b55-3601-4032-aecd-2578784f6335,2025-07-27,STR009,SKU1001,102,90.0,2025-11-04 11:16:19.423183,12.0
1342,fe9e0b55-3601-4032-aecd-2578784f6335,2025-07-27,STR009,SKU1002,92,101.0,2025-11-04 11:16:19.423183,9.0
1343,fe9e0b55-3601-4032-aecd-2578784f6335,2025-07-27,STR009,SKU1003,99,92.0,2025-11-04 11:16:19.423183,7.0
1344,fe9e0b55-3601-4032-aecd-2578784f6335,2025-07-27,STR009,SKU1004,113,94.0,2025-11-04 11:16:19.423183,19.0
1345,fe9e0b55-3601-4032-aecd-2578784f6335,2025-07-27,STR009,SKU1005,72,78.0,2025-11-04 11:16:19.423183,6.0
1346,fe9e0b55-3601-4032-aecd-2578784f6335,2025-07-27,STR010,SKU1001,95,102.0,2025-11-04 11:16:19.423183,7.0
1347,fe9e0b55-3601-4032-aecd-2578784f6335,2025-07-27,STR010,SKU1002,109,113.0,2025-11-04 11:16:19.423183,4.0
1348,fe9e0b55-3601-4032-aecd-2578784f6335,2025-07-27,STR010,SKU1003,104,110.0,2025-11-04 11:16:19.423183,6.0
1349,fe9e0b55-3601-4032-aecd-2578784f6335,2025-07-27,STR010,SKU1004,81,93.0,2025-11-04 11:16:19.423183,12.0
1350,fe9e0b55-3601-4032-aecd-2578784f6335,2025-07-27,STR010,SKU1005,78,73.0,2025-11-04 11:16:19.423183,5.0
1351,fe9e0b55-3601-4032-aecd-2578784f6335,2025-07-28,STR001,SKU1001,57,50.0,2025-11-04 11:16:19.423183,7.0
1352,fe9e0b55-3601-4032-aecd-2578784f6335,2025-07-28,STR001,SKU1002,105,97.0,2025-11-04 11:16:19.423183,8.0
1353,fe9e0b55-3601-4032-aecd-2578784f6335,2025-07-28,STR001,SKU1003,85,83.0,2025-11-04 11:16:19.423183,2.0
1354,fe9e0b55-3601-4032-aecd-2578784f6335,2025-07-28,STR001,SKU1004,81,75.0,2025-11-04 11:16:19.423183,6.0
1355,fe9e0b55-3601-4032-aecd-2578784f6335,2025-07-28,STR001,SKU1005,88,89.0,2025-11-04 11:16:19.423183,1.0
1356,fe9e0b55-3601-4032-aecd-2578784f6335,2025-07-28,STR002,SKU1001,18,16.0,2025-11-04 11:16:19.423183,2.0
1357,fe9e0b55-3601-4032-aecd-2578784f6335,2025-07-28,STR002,SKU1002,12,13.0,2025-11-04 11:16:19.423183,1.0
1358,fe9e0b55-3601-4032-aecd-2578784f6335,2025-07-28,STR002,SKU1003,24,24.0,2025-11-04 11:16:19.423183,0.0
1359,fe9e0b55-3601-4032-aecd-2578784f6335,2025-07-28,STR002,SKU1004,27,29.0,2025-11-04 11:16:19.423183,2.0
1360,fe9e0b55-3601-4032-aecd-2578784f6335,2025-07-28,STR002,SKU1005,29,25.0,2025-11-04 11:16:19.423183,4.0
1361,fe9e0b55-3601-4032-aecd-2578784f6335,2025-07-28,STR003,SKU1001,21,19.0,2025-11-04 11:16:19.423183,2.0
1362,fe9e0b55-3601-4032-aecd-2578784f6335,2025-07-28,STR003,SKU1002,21,25.0,2025-11-04 11:16:19.423183,4.0
1363,fe9e0b55-3601-4032-aecd-2578784f6335,2025-07-28,STR003,SKU1003,26,22.0,2025-11-04 11:16:19.423183,4.0
1364,fe9e0b55-3601-4032-aecd-2578784f6335,2025-07-28,STR003,SKU1004,9,9.0,2025-11-04 11:16:19.423183,0.0
1365,fe9e0b55-3601-4032-aecd-2578784f6335,2025-07-28,STR003,SKU1005,10,11.0,2025-11-04 11:16:19.423183,1.0
1366,fe9e0b55-3601-4032-aecd-2578784f6335,2025-07-28,STR004,SKU1001,97,93.0,2025-11-04 11:16:19.423183,4.0
1367,fe9e0b55-3601-4032-aecd-2578784f6335,2025-07-28,STR004,SKU1002,76,68.0,2025-11-04 11:16:19.423183,8.0
1368,fe9e0b55-3601-4032-aecd-2578784f6335,2025-07-28,STR004,SKU1003,92,78.0,2025-11-04 11:16:19.423183,14.0
1369,fe9e0b55-3601-4032-aecd-2578784f6335,2025-07-28,STR004,SKU1004,73,90.0,2025-11-04 11:16:19.423183,17.0
1370,fe9e0b55-3601-4032-aecd-2578784f6335,2025-07-28,STR004,SKU1005,56,56.0,2025-11-04 11:16:19.423183,0.0
1371,fe9e0b55-3601-4032-aecd-2578784f6335,2025-07-28,STR005,SKU1001,31,28.0,2025-11-04 11:16:19.423183,3.0
1372,fe9e0b55-3601-4032-aecd-2578784f6335,2025-07-28,STR005,SKU1002,26,25.0,2025-11-04 11:16:19.423183,1.0
1373,fe9e0b55-3601-4032-aecd-2578784f6335,2025-07-28,STR005,SKU1003,23,20.0,2025-11-04 11:16:19.423183,3.0
1374,fe9e0b55-3601-4032-aecd-2578784f6335,2025-07-28,STR005,SKU1004,6,5.0,2025-11-04 11:16:19.423183,1.0
1375,fe9e0b55-3601-4032-aecd-2578784f6335,2025-07-28,STR005,SKU1005,6,5.0,2025-11-04 11:16:19.423183,1.0
1376,fe9e0b55-3601-4032-aecd-2578784f6335,2025-07-28,STR006,SKU1001,267,297.0,2025-11-04 11:16:19.423183,30.0
1377,fe9e0b55-3601-4032-aecd-2578784f6335,2025-07-28,STR006,SKU1002,204,255.0,2025-11-04 11:16:19.423183,51.0
1378,fe9e0b55-3601-4032-aecd-2578784f6335,2025-07-28,STR006,SKU1003,295,295.0,2025-11-04 11:16:19.423183,0.0
1379,fe9e0b55-3601-4032-aecd-2578784f6335,2025-07-28,STR006,SKU1004,307,265.0,2025-11-04 11:16:19.423183,42.0
1380,fe9e0b55-3601-4032-aecd-2578784f6335,2025-07-28,STR006,SKU1005,197,222.0,2025-11-04 11:16:19.423183,25.0
1381,fe9e0b55-3601-4032-aecd-2578784f6335,2025-07-28,STR007,SKU1001,341,298.0,2025-11-04 11:16:19.423183,43.0
1382,fe9e0b55-3601-4032-aecd-2578784f6335,2025-07-28,STR007,SKU1002,321,270.0,2025-11-04 11:16:19.423183,51.0
1383,fe9e0b55-3601-4032-aecd-2578784f6335,2025-07-28,STR007,SKU1003,296,266.0,2025-11-04 11:16:19.423183,30.0
1384,fe9e0b55-3601-4032-aecd-2578784f6335,2025-07-28,STR007,SKU1004,228,211.0,2025-11-04 11:16:19.423183,17.0
1385,fe9e0b55-3601-4032-aecd-2578784f6335,2025-07-28,STR007,SKU1005,257,273.0,2025-11-04 11:16:19.423183,16.0
1386,fe9e0b55-3601-4032-aecd-2578784f6335,2025-07-28,STR008,SKU1001,96,102.0,2025-11-04 11:16:19.423183,6.0
1387,fe9e0b55-3601-4032-aecd-2578784f6335,2025-07-28,STR008,SKU1002,59,50.0,2025-11-04 11:16:19.423183,9.0
1388,fe9e0b55-3601-4032-aecd-2578784f6335,2025-07-28,STR008,SKU1003,134,113.0,2025-11-04 11:16:19.423183,21.0
1389,fe9e0b55-3601-4032-aecd-2578784f6335,2025-07-28,STR008,SKU1004,62,56.0,2025-11-04 11:16:19.423183,6.0
1390,fe9e0b55-3601-4032-aecd-2578784f6335,2025-07-28,STR008,SKU1005,53,60.0,2025-11-04 11:16:19.423183,7.0
1391,fe9e0b55-3601-4032-aecd-2578784f6335,2025-07-28,STR009,SKU1001,80,69.0,2025-11-04 11:16:19.423183,11.0
1392,fe9e0b55-3601-4032-aecd-2578784f6335,2025-07-28,STR009,SKU1002,112,94.0,2025-11-04 11:16:19.423183,18.0
1393,fe9e0b55-3601-4032-aecd-2578784f6335,2025-07-28,STR009,SKU1003,116,113.0,2025-11-04 11:16:19.423183,3.0
1394,fe9e0b55-3601-4032-aecd-2578784f6335,2025-07-28,STR009,SKU1004,85,75.0,2025-11-04 11:16:19.423183,10.0
1395,fe9e0b55-3601-4032-aecd-2578784f6335,2025-07-28,STR009,SKU1005,68,57.0,2025-11-04 11:16:19.423183,11.0
1396,fe9e0b55-3601-4032-aecd-2578784f6335,2025-07-28,STR010,SKU1001,65,62.0,2025-11-04 11:16:19.423183,3.0
1397,fe9e0b55-3601-4032-aecd-2578784f6335,2025-07-28,STR010,SKU1002,128,118.0,2025-11-04 11:16:19.423183,10.0
1398,fe9e0b55-3601-4032-aecd-2578784f6335,2025-07-28,STR010,SKU1003,51,52.0,2025-11-04 11:16:19.423183,1.0
1399,fe9e0b55-3601-4032-aecd-2578784f6335,2025-07-28,STR010,SKU1004,107,109.0,2025-11-04 11:16:19.423183,2.0
1400,fe9e0b55-3601-4032-aecd-2578784f6335,2025-07-28,STR010,SKU1005,101,110.0,2025-11-04 11:16:19.423183,9.0
1401,fe9e0b55-3601-4032-aecd-2578784f6335,2025-07-29,STR001,SKU1001,103,107.0,2025-11-04 11:16:19.423183,4.0
1402,fe9e0b55-3601-4032-aecd-2578784f6335,2025-07-29,STR001,SKU1002,91,103.0,2025-11-04 11:16:19.423183,12.0
1403,fe9e0b55-3601-4032-aecd-2578784f6335,2025-07-29,STR001,SKU1003,90,93.0,2025-11-04 11:16:19.423183,3.0
1404,fe9e0b55-3601-4032-aecd-2578784f6335,2025-07-29,STR001,SKU1004,81,75.0,2025-11-04 11:16:19.423183,6.0
1405,fe9e0b55-3601-4032-aecd-2578784f6335,2025-07-29,STR001,SKU1005,56,56.0,2025-11-04 11:16:19.423183,0.0
1406,fe9e0b55-3601-4032-aecd-2578784f6335,2025-07-29,STR002,SKU1001,25,28.0,2025-11-04 11:16:19.423183,3.0
1407,fe9e0b55-3601-4032-aecd-2578784f6335,2025-07-29,STR002,SKU1002,11,10.0,2025-11-04 11:16:19.423183,1.0
1408,fe9e0b55-3601-4032-aecd-2578784f6335,2025-07-29,STR002,SKU1003,12,11.0,2025-11-04 11:16:19.423183,1.0
1409,fe9e0b55-3601-4032-aecd-2578784f6335,2025-07-29,STR002,SKU1004,22,19.0,2025-11-04 11:16:19.423183,3.0
1410,fe9e0b55-3601-4032-aecd-2578784f6335,2025-07-29,STR002,SKU1005,20,17.0,2025-11-04 11:16:19.423183,3.0
1411,fe9e0b55-3601-4032-aecd-2578784f6335,2025-07-29,STR003,SKU1001,21,24.0,2025-11-04 11:16:19.423183,3.0
1412,fe9e0b55-3601-4032-aecd-2578784f6335,2025-07-29,STR003,SKU1002,20,17.0,2025-11-04 11:16:19.423183,3.0
1413,fe9e0b55-3601-4032-aecd-2578784f6335,2025-07-29,STR003,SKU1003,28,24.0,2025-11-04 11:16:19.423183,4.0
1414,fe9e0b55-3601-4032-aecd-2578784f6335,2025-07-29,STR003,SKU1004,14,14.0,2025-11-04 11:16:19.423183,0.0
1415,fe9e0b55-3601-4032-aecd-2578784f6335,2025-07-29,STR003,SKU1005,6,6.0,2025-11-04 11:16:19.423183,0.0
1416,fe9e0b55-3601-4032-aecd-2578784f6335,2025-07-29,STR004,SKU1001,121,114.0,2025-11-04 11:16:19.423183,7.0
1417,fe9e0b55-3601-4032-aecd-2578784f6335,2025-07-29,STR004,SKU1002,113,113.0,2025-11-04 11:16:19.423183,0.0
1418,fe9e0b55-3601-4032-aecd-2578784f6335,2025-07-29,STR004,SKU1003,96,95.0,2025-11-04 11:16:19.423183,1.0
1419,fe9e0b55-3601-4032-aecd-2578784f6335,2025-07-29,STR004,SKU1004,92,109.0,2025-11-04 11:16:19.423183,17.0
1420,fe9e0b55-3601-4032-aecd-2578784f6335,2025-07-29,STR004,SKU1005,91,77.0,2025-11-04 11:16:19.423183,14.0
1421,fe9e0b55-3601-4032-aecd-2578784f6335,2025-07-29,STR005,SKU1001,11,12.0,2025-11-04 11:16:19.423183,1.0
1422,fe9e0b55-3601-4032-aecd-2578784f6335,2025-07-29,STR005,SKU1002,11,13.0,2025-11-04 11:16:19.423183,2.0
1423,fe9e0b55-3601-4032-aecd-2578784f6335,2025-07-29,STR005,SKU1003,8,9.0,2025-11-04 11:16:19.423183,1.0
1424,fe9e0b55-3601-4032-aecd-2578784f6335,2025-07-29,STR005,SKU1004,18,21.0,2025-11-04 11:16:19.423183,3.0
1425,fe9e0b55-3601-4032-aecd-2578784f6335,2025-07-29,STR005,SKU1005,8,7.0,2025-11-04 11:16:19.423183,1.0
1426,fe9e0b55-3601-4032-aecd-2578784f6335,2025-07-29,STR006,SKU1001,271,255.0,2025-11-04 11:16:19.423183,16.0
1427,fe9e0b55-3601-4032-aecd-2578784f6335,2025-07-29,STR006,SKU1002,253,223.0,2025-11-04 11:16:19.423183,30.0
1428,fe9e0b55-3601-4032-aecd-2578784f6335,2025-07-29,STR006,SKU1003,248,214.0,2025-11-04 11:16:19.423183,34.0
1429,fe9e0b55-3601-4032-aecd-2578784f6335,2025-07-29,STR006,SKU1004,182,228.0,2025-11-04 11:16:19.423183,46.0
1430,fe9e0b55-3601-4032-aecd-2578784f6335,2025-07-29,STR006,SKU1005,202,218.0,2025-11-04 11:16:19.423183,16.0
1431,fe9e0b55-3601-4032-aecd-2578784f6335,2025-07-29,STR007,SKU1001,301,281.0,2025-11-04 11:16:19.423183,20.0
1432,fe9e0b55-3601-4032-aecd-2578784f6335,2025-07-29,STR007,SKU1002,207,177.0,2025-11-04 11:16:19.423183,30.0
1433,fe9e0b55-3601-4032-aecd-2578784f6335,2025-07-29,STR007,SKU1003,212,248.0,2025-11-04 11:16:19.423183,36.0
1434,fe9e0b55-3601-4032-aecd-2578784f6335,2025-07-29,STR007,SKU1004,300,290.0,2025-11-04 11:16:19.423183,10.0
1435,fe9e0b55-3601-4032-aecd-2578784f6335,2025-07-29,STR007,SKU1005,343,293.0,2025-11-04 11:16:19.423183,50.0
1436,fe9e0b55-3601-4032-aecd-2578784f6335,2025-07-29,STR008,SKU1001,115,103.0,2025-11-04 11:16:19.423183,12.0
1437,fe9e0b55-3601-4032-aecd-2578784f6335,2025-07-29,STR008,SKU1002,98,101.0,2025-11-04 11:16:19.423183,3.0
1438,fe9e0b55-3601-4032-aecd-2578784f6335,2025-07-29,STR008,SKU1003,58,50.0,2025-11-04 11:16:19.423183,8.0
1439,fe9e0b55-3601-4032-aecd-2578784f6335,2025-07-29,STR008,SKU1004,80,77.0,2025-11-04 11:16:19.423183,3.0
1440,fe9e0b55-3601-4032-aecd-2578784f6335,2025-07-29,STR008,SKU1005,79,80.0,2025-11-04 11:16:19.423183,1.0
1441,fe9e0b55-3601-4032-aecd-2578784f6335,2025-07-29,STR009,SKU1001,70,66.0,2025-11-04 11:16:19.423183,4.0
1442,fe9e0b55-3601-4032-aecd-2578784f6335,2025-07-29,STR009,SKU1002,55,56.0,2025-11-04 11:16:19.423183,1.0
1443,fe9e0b55-3601-4032-aecd-2578784f6335,2025-07-29,STR009,SKU1003,90,99.0,2025-11-04 11:16:19.423183,9.0
1444,fe9e0b55-3601-4032-aecd-2578784f6335,2025-07-29,STR009,SKU1004,114,106.0,2025-11-04 11:16:19.423183,8.0
1445,fe9e0b55-3601-4032-aecd-2578784f6335,2025-07-29,STR009,SKU1005,80,85.0,2025-11-04 11:16:19.423183,5.0
1446,fe9e0b55-3601-4032-aecd-2578784f6335,2025-07-29,STR010,SKU1001,86,95.0,2025-11-04 11:16:19.423183,9.0
1447,fe9e0b55-3601-4032-aecd-2578784f6335,2025-07-29,STR010,SKU1002,115,110.0,2025-11-04 11:16:19.423183,5.0
1448,fe9e0b55-3601-4032-aecd-2578784f6335,2025-07-29,STR010,SKU1003,80,71.0,2025-11-04 11:16:19.423183,9.0
1449,fe9e0b55-3601-4032-aecd-2578784f6335,2025-07-29,STR010,SKU1004,87,91.0,2025-11-04 11:16:19.423183,4.0
1450,fe9e0b55-3601-4032-aecd-2578784f6335,2025-07-29,STR010,SKU1005,57,63.0,2025-11-04 11:16:19.423183,6.0
1451,fe9e0b55-3601-4032-aecd-2578784f6335,2025-07-30,STR001,SKU1001,83,89.0,2025-11-04 11:16:19.423183,6.0
1452,fe9e0b55-3601-4032-aecd-2578784f6335,2025-07-30,STR001,SKU1002,97,88.0,2025-11-04 11:16:19.423183,9.0
1453,fe9e0b55-3601-4032-aecd-2578784f6335,2025-07-30,STR001,SKU1003,77,91.0,2025-11-04 11:16:19.423183,14.0
1454,fe9e0b55-3601-4032-aecd-2578784f6335,2025-07-30,STR001,SKU1004,77,85.0,2025-11-04 11:16:19.423183,8.0
1455,fe9e0b55-3601-4032-aecd-2578784f6335,2025-07-30,STR001,SKU1005,122,106.0,2025-11-04 11:16:19.423183,16.0
1456,fe9e0b55-3601-4032-aecd-2578784f6335,2025-07-30,STR002,SKU1001,18,20.0,2025-11-04 11:16:19.423183,2.0
1457,fe9e0b55-3601-4032-aecd-2578784f6335,2025-07-30,STR002,SKU1002,26,24.0,2025-11-04 11:16:19.423183,2.0
1458,fe9e0b55-3601-4032-aecd-2578784f6335,2025-07-30,STR002,SKU1003,10,10.0,2025-11-04 11:16:19.423183,0.0
1459,fe9e0b55-3601-4032-aecd-2578784f6335,2025-07-30,STR002,SKU1004,10,11.0,2025-11-04 11:16:19.423183,1.0
1460,fe9e0b55-3601-4032-aecd-2578784f6335,2025-07-30,STR002,SKU1005,29,25.0,2025-11-04 11:16:19.423183,4.0
1461,fe9e0b55-3601-4032-aecd-2578784f6335,2025-07-30,STR003,SKU1001,4,5.0,2025-11-04 11:16:19.423183,1.0
1462,fe9e0b55-3601-4032-aecd-2578784f6335,2025-07-30,STR003,SKU1002,8,9.0,2025-11-04 11:16:19.423183,1.0
1463,fe9e0b55-3601-4032-aecd-2578784f6335,2025-07-30,STR003,SKU1003,20,24.0,2025-11-04 11:16:19.423183,4.0
1464,fe9e0b55-3601-4032-aecd-2578784f6335,2025-07-30,STR003,SKU1004,6,6.0,2025-11-04 11:16:19.423183,0.0
1465,fe9e0b55-3601-4032-aecd-2578784f6335,2025-07-30,STR003,SKU1005,13,12.0,2025-11-04 11:16:19.423183,1.0
1466,fe9e0b55-3601-4032-aecd-2578784f6335,2025-07-30,STR004,SKU1001,71,82.0,2025-11-04 11:16:19.423183,11.0
1467,fe9e0b55-3601-4032-aecd-2578784f6335,2025-07-30,STR004,SKU1002,57,64.0,2025-11-04 11:16:19.423183,7.0
1468,fe9e0b55-3601-4032-aecd-2578784f6335,2025-07-30,STR004,SKU1003,92,95.0,2025-11-04 11:16:19.423183,3.0
1469,fe9e0b55-3601-4032-aecd-2578784f6335,2025-07-30,STR004,SKU1004,69,80.0,2025-11-04 11:16:19.423183,11.0
1470,fe9e0b55-3601-4032-aecd-2578784f6335,2025-07-30,STR004,SKU1005,84,92.0,2025-11-04 11:16:19.423183,8.0
1471,fe9e0b55-3601-4032-aecd-2578784f6335,2025-07-30,STR005,SKU1001,6,6.0,2025-11-04 11:16:19.423183,0.0
1472,fe9e0b55-3601-4032-aecd-2578784f6335,2025-07-30,STR005,SKU1002,20,18.0,2025-11-04 11:16:19.423183,2.0
1473,fe9e0b55-3601-4032-aecd-2578784f6335,2025-07-30,STR005,SKU1003,11,10.0,2025-11-04 11:16:19.423183,1.0
1474,fe9e0b55-3601-4032-aecd-2578784f6335,2025-07-30,STR005,SKU1004,28,24.0,2025-11-04 11:16:19.423183,4.0
1475,fe9e0b55-3601-4032-aecd-2578784f6335,2025-07-30,STR005,SKU1005,23,21.0,2025-11-04 11:16:19.423183,2.0
1476,fe9e0b55-3601-4032-aecd-2578784f6335,2025-07-30,STR006,SKU1001,213,217.0,2025-11-04 11:16:19.423183,4.0
1477,fe9e0b55-3601-4032-aecd-2578784f6335,2025-07-30,STR006,SKU1002,303,276.0,2025-11-04 11:16:19.423183,27.0
1478,fe9e0b55-3601-4032-aecd-2578784f6335,2025-07-30,STR006,SKU1003,241,212.0,2025-11-04 11:16:19.423183,29.0
1479,fe9e0b55-3601-4032-aecd-2578784f6335,2025-07-30,STR006,SKU1004,199,220.0,2025-11-04 11:16:19.423183,21.0
1480,fe9e0b55-3601-4032-aecd-2578784f6335,2025-07-30,STR006,SKU1005,173,187.0,2025-11-04 11:16:19.423183,14.0
1481,fe9e0b55-3601-4032-aecd-2578784f6335,2025-07-30,STR007,SKU1001,200,212.0,2025-11-04 11:16:19.423183,12.0
1482,fe9e0b55-3601-4032-aecd-2578784f6335,2025-07-30,STR007,SKU1002,222,262.0,2025-11-04 11:16:19.423183,40.0
1483,fe9e0b55-3601-4032-aecd-2578784f6335,2025-07-30,STR007,SKU1003,296,257.0,2025-11-04 11:16:19.423183,39.0
1484,fe9e0b55-3601-4032-aecd-2578784f6335,2025-07-30,STR007,SKU1004,287,259.0,2025-11-04 11:16:19.423183,28.0
1485,fe9e0b55-3601-4032-aecd-2578784f6335,2025-07-30,STR007,SKU1005,138,154.0,2025-11-04 11:16:19.423183,16.0
1486,fe9e0b55-3601-4032-aecd-2578784f6335,2025-07-30,STR008,SKU1001,68,60.0,2025-11-04 11:16:19.423183,8.0
1487,fe9e0b55-3601-4032-aecd-2578784f6335,2025-07-30,STR008,SKU1002,97,102.0,2025-11-04 11:16:19.423183,5.0
1488,fe9e0b55-3601-4032-aecd-2578784f6335,2025-07-30,STR008,SKU1003,59,68.0,2025-11-04 11:16:19.423183,9.0
1489,fe9e0b55-3601-4032-aecd-2578784f6335,2025-07-30,STR008,SKU1004,98,115.0,2025-11-04 11:16:19.423183,17.0
1490,fe9e0b55-3601-4032-aecd-2578784f6335,2025-07-30,STR008,SKU1005,127,111.0,2025-11-04 11:16:19.423183,16.0
1491,fe9e0b55-3601-4032-aecd-2578784f6335,2025-07-30,STR009,SKU1001,107,105.0,2025-11-04 11:16:19.423183,2.0
1492,fe9e0b55-3601-4032-aecd-2578784f6335,2025-07-30,STR009,SKU1002,95,116.0,2025-11-04 11:16:19.423183,21.0
1493,fe9e0b55-3601-4032-aecd-2578784f6335,2025-07-30,STR009,SKU1003,102,92.0,2025-11-04 11:16:19.423183,10.0
1494,fe9e0b55-3601-4032-aecd-2578784f6335,2025-07-30,STR009,SKU1004,52,51.0,2025-11-04 11:16:19.423183,1.0
1495,fe9e0b55-3601-4032-aecd-2578784f6335,2025-07-30,STR009,SKU1005,134,117.0,2025-11-04 11:16:19.423183,17.0
1496,fe9e0b55-3601-4032-aecd-2578784f6335,2025-07-30,STR010,SKU1001,80,100.0,2025-11-04 11:16:19.423183,20.0
1497,fe9e0b55-3601-4032-aecd-2578784f6335,2025-07-30,STR010,SKU1002,89,77.0,2025-11-04 11:16:19.423183,12.0
1498,fe9e0b55-3601-4032-aecd-2578784f6335,2025-07-30,STR010,SKU1003,49,52.0,2025-11-04 11:16:19.423183,3.0
1499,fe9e0b55-3601-4032-aecd-2578784f6335,2025-07-30,STR010,SKU1004,67,58.0,2025-11-04 11:16:19.423183,9.0
1500,fe9e0b55-3601-4032-aecd-2578784f6335,2025-07-30,STR010,SKU1005,84,81.0,2025-11-04 11:16:19.423183,3.0
1501,fe9e0b55-3601-4032-aecd-2578784f6335,2025-07-31,STR001,SKU1001,60,58.0,2025-11-04 11:16:19.423183,2.0
1502,fe9e0b55-3601-4032-aecd-2578784f6335,2025-07-31,STR001,SKU1002,84,96.0,2025-11-04 11:16:19.423183,12.0
1503,fe9e0b55-3601-4032-aecd-2578784f6335,2025-07-31,STR001,SKU1003,60,53.0,2025-11-04 11:16:19.423183,7.0
1504,fe9e0b55-3601-4032-aecd-2578784f6335,2025-07-31,STR001,SKU1004,47,53.0,2025-11-04 11:16:19.423183,6.0
1505,fe9e0b55-3601-4032-aecd-2578784f6335,2025-07-31,STR001,SKU1005,59,62.0,2025-11-04 11:16:19.423183,3.0
1506,fe9e0b55-3601-4032-aecd-2578784f6335,2025-07-31,STR002,SKU1001,8,9.0,2025-11-04 11:16:19.423183,1.0
1507,fe9e0b55-3601-4032-aecd-2578784f6335,2025-07-31,STR002,SKU1002,19,18.0,2025-11-04 11:16:19.423183,1.0
1508,fe9e0b55-3601-4032-aecd-2578784f6335,2025-07-31,STR002,SKU1003,24,22.0,2025-11-04 11:16:19.423183,2.0
1509,fe9e0b55-3601-4032-aecd-2578784f6335,2025-07-31,STR002,SKU1004,16,19.0,2025-11-04 11:16:19.423183,3.0
1510,fe9e0b55-3601-4032-aecd-2578784f6335,2025-07-31,STR002,SKU1005,26,27.0,2025-11-04 11:16:19.423183,1.0
1511,fe9e0b55-3601-4032-aecd-2578784f6335,2025-07-31,STR003,SKU1001,14,13.0,2025-11-04 11:16:19.423183,1.0
1512,fe9e0b55-3601-4032-aecd-2578784f6335,2025-07-31,STR003,SKU1002,24,26.0,2025-11-04 11:16:19.423183,2.0
1513,fe9e0b55-3601-4032-aecd-2578784f6335,2025-07-31,STR003,SKU1003,10,10.0,2025-11-04 11:16:19.423183,0.0
1514,fe9e0b55-3601-4032-aecd-2578784f6335,2025-07-31,STR003,SKU1004,18,16.0,2025-11-04 11:16:19.423183,2.0
1515,fe9e0b55-3601-4032-aecd-2578784f6335,2025-07-31,STR003,SKU1005,23,22.0,2025-11-04 11:16:19.423183,1.0
1516,fe9e0b55-3601-4032-aecd-2578784f6335,2025-07-31,STR004,SKU1001,58,64.0,2025-11-04 11:16:19.423183,6.0
1517,fe9e0b55-3601-4032-aecd-2578784f6335,2025-07-31,STR004,SKU1002,120,107.0,2025-11-04 11:16:19.423183,13.0
1518,fe9e0b55-3601-4032-aecd-2578784f6335,2025-07-31,STR004,SKU1003,55,54.0,2025-11-04 11:16:19.423183,1.0
1519,fe9e0b55-3601-4032-aecd-2578784f6335,2025-07-31,STR004,SKU1004,71,83.0,2025-11-04 11:16:19.423183,12.0
1520,fe9e0b55-3601-4032-aecd-2578784f6335,2025-07-31,STR004,SKU1005,96,109.0,2025-11-04 11:16:19.423183,13.0
1521,fe9e0b55-3601-4032-aecd-2578784f6335,2025-07-31,STR005,SKU1001,11,10.0,2025-11-04 11:16:19.423183,1.0
1522,fe9e0b55-3601-4032-aecd-2578784f6335,2025-07-31,STR005,SKU1002,16,14.0,2025-11-04 11:16:19.423183,2.0
1523,fe9e0b55-3601-4032-aecd-2578784f6335,2025-07-31,STR005,SKU1003,21,24.0,2025-11-04 11:16:19.423183,3.0
1524,fe9e0b55-3601-4032-aecd-2578784f6335,2025-07-31,STR005,SKU1004,9,8.0,2025-11-04 11:16:19.423183,1.0
1525,fe9e0b55-3601-4032-aecd-2578784f6335,2025-07-31,STR005,SKU1005,14,15.0,2025-11-04 11:16:19.423183,1.0
1526,fe9e0b55-3601-4032-aecd-2578784f6335,2025-07-31,STR006,SKU1001,195,227.0,2025-11-04 11:16:19.423183,32.0
1527,fe9e0b55-3601-4032-aecd-2578784f6335,2025-07-31,STR006,SKU1002,178,168.0,2025-11-04 11:16:19.423183,10.0
1528,fe9e0b55-3601-4032-aecd-2578784f6335,2025-07-31,STR006,SKU1003,187,209.0,2025-11-04 11:16:19.423183,22.0
1529,fe9e0b55-3601-4032-aecd-2578784f6335,2025-07-31,STR006,SKU1004,290,270.0,2025-11-04 11:16:19.423183,20.0
1530,fe9e0b55-3601-4032-aecd-2578784f6335,2025-07-31,STR006,SKU1005,194,188.0,2025-11-04 11:16:19.423183,6.0
1531,fe9e0b55-3601-4032-aecd-2578784f6335,2025-07-31,STR007,SKU1001,227,215.0,2025-11-04 11:16:19.423183,12.0
1532,fe9e0b55-3601-4032-aecd-2578784f6335,2025-07-31,STR007,SKU1002,273,268.0,2025-11-04 11:16:19.423183,5.0
1533,fe9e0b55-3601-4032-aecd-2578784f6335,2025-07-31,STR007,SKU1003,216,256.0,2025-11-04 11:16:19.423183,40.0
1534,fe9e0b55-3601-4032-aecd-2578784f6335,2025-07-31,STR007,SKU1004,197,178.0,2025-11-04 11:16:19.423183,19.0
1535,fe9e0b55-3601-4032-aecd-2578784f6335,2025-07-31,STR007,SKU1005,194,238.0,2025-11-04 11:16:19.423183,44.0
1536,fe9e0b55-3601-4032-aecd-2578784f6335,2025-07-31,STR008,SKU1001,66,76.0,2025-11-04 11:16:19.423183,10.0
1537,fe9e0b55-3601-4032-aecd-2578784f6335,2025-07-31,STR008,SKU1002,67,62.0,2025-11-04 11:16:19.423183,5.0
1538,fe9e0b55-3601-4032-aecd-2578784f6335,2025-07-31,STR008,SKU1003,88,87.0,2025-11-04 11:16:19.423183,1.0
1539,fe9e0b55-3601-4032-aecd-2578784f6335,2025-07-31,STR008,SKU1004,105,106.0,2025-11-04 11:16:19.423183,1.0
1540,fe9e0b55-3601-4032-aecd-2578784f6335,2025-07-31,STR008,SKU1005,87,91.0,2025-11-04 11:16:19.423183,4.0
1541,fe9e0b55-3601-4032-aecd-2578784f6335,2025-07-31,STR009,SKU1001,65,76.0,2025-11-04 11:16:19.423183,11.0
1542,fe9e0b55-3601-4032-aecd-2578784f6335,2025-07-31,STR009,SKU1002,101,89.0,2025-11-04 11:16:19.423183,12.0
1543,fe9e0b55-3601-4032-aecd-2578784f6335,2025-07-31,STR009,SKU1003,75,67.0,2025-11-04 11:16:19.423183,8.0
1544,fe9e0b55-3601-4032-aecd-2578784f6335,2025-07-31,STR009,SKU1004,73,69.0,2025-11-04 11:16:19.423183,4.0
1545,fe9e0b55-3601-4032-aecd-2578784f6335,2025-07-31,STR009,SKU1005,74,68.0,2025-11-04 11:16:19.423183,6.0
1546,fe9e0b55-3601-4032-aecd-2578784f6335,2025-07-31,STR010,SKU1001,70,66.0,2025-11-04 11:16:19.423183,4.0
1547,fe9e0b55-3601-4032-aecd-2578784f6335,2025-07-31,STR010,SKU1002,94,87.0,2025-11-04 11:16:19.423183,7.0
1548,fe9e0b55-3601-4032-aecd-2578784f6335,2025-07-31,STR010,SKU1003,69,82.0,2025-11-04 11:16:19.423183,13.0
1549,fe9e0b55-3601-4032-aecd-2578784f6335,2025-07-31,STR010,SKU1004,87,78.0,2025-11-04 11:16:19.423183,9.0
1550,fe9e0b55-3601-4032-aecd-2578784f6335,2025-07-31,STR010,SKU1005,74,91.0,2025-11-04 11:16:19.423183,17.0
1551,fe9e0b55-3601-4032-aecd-2578784f6335,2025-08-01,STR001,SKU1001,47,51.0,2025-11-04 11:16:19.423183,4.0
1552,fe9e0b55-3601-4032-aecd-2578784f6335,2025-08-01,STR001,SKU1002,72,83.0,2025-11-04 11:16:19.423183,11.0
1553,fe9e0b55-3601-4032-aecd-2578784f6335,2025-08-01,STR001,SKU1003,61,72.0,2025-11-04 11:16:19.423183,11.0
1554,fe9e0b55-3601-4032-aecd-2578784f6335,2025-08-01,STR001,SKU1004,100,119.0,2025-11-04 11:16:19.423183,19.0
1555,fe9e0b55-3601-4032-aecd-2578784f6335,2025-08-01,STR001,SKU1005,44,55.0,2025-11-04 11:16:19.423183,11.0
1556,fe9e0b55-3601-4032-aecd-2578784f6335,2025-08-01,STR002,SKU1001,19,20.0,2025-11-04 11:16:19.423183,1.0
1557,fe9e0b55-3601-4032-aecd-2578784f6335,2025-08-01,STR002,SKU1002,17,27.0,2025-11-04 11:16:19.423183,10.0
1558,fe9e0b55-3601-4032-aecd-2578784f6335,2025-08-01,STR002,SKU1003,32,26.0,2025-11-04 11:16:19.423183,6.0
1559,fe9e0b55-3601-4032-aecd-2578784f6335,2025-08-01,STR002,SKU1004,10,12.0,2025-11-04 11:16:19.423183,2.0
1560,fe9e0b55-3601-4032-aecd-2578784f6335,2025-08-01,STR002,SKU1005,27,28.0,2025-11-04 11:16:19.423183,1.0
1561,fe9e0b55-3601-4032-aecd-2578784f6335,2025-08-01,STR003,SKU1001,28,23.0,2025-11-04 11:16:19.423183,5.0
1562,fe9e0b55-3601-4032-aecd-2578784f6335,2025-08-01,STR003,SKU1002,9,10.0,2025-11-04 11:16:19.423183,1.0
1563,fe9e0b55-3601-4032-aecd-2578784f6335,2025-08-01,STR003,SKU1003,22,24.0,2025-11-04 11:16:19.423183,2.0
1564,fe9e0b55-3601-4032-aecd-2578784f6335,2025-08-01,STR003,SKU1004,18,16.0,2025-11-04 11:16:19.423183,2.0
1565,fe9e0b55-3601-4032-aecd-2578784f6335,2025-08-01,STR003,SKU1005,28,26.0,2025-11-04 11:16:19.423183,2.0
1566,fe9e0b55-3601-4032-aecd-2578784f6335,2025-08-01,STR004,SKU1001,64,65.0,2025-11-04 11:16:19.423183,1.0
1567,fe9e0b55-3601-4032-aecd-2578784f6335,2025-08-01,STR004,SKU1002,58,53.0,2025-11-04 11:16:19.423183,5.0
1568,fe9e0b55-3601-4032-aecd-2578784f6335,2025-08-01,STR004,SKU1003,107,114.0,2025-11-04 11:16:19.423183,7.0
1569,fe9e0b55-3601-4032-aecd-2578784f6335,2025-08-01,STR004,SKU1004,75,67.0,2025-11-04 11:16:19.423183,8.0
1570,fe9e0b55-3601-4032-aecd-2578784f6335,2025-08-01,STR004,SKU1005,89,87.0,2025-11-04 11:16:19.423183,2.0
1571,fe9e0b55-3601-4032-aecd-2578784f6335,2025-08-01,STR005,SKU1001,22,18.0,2025-11-04 11:16:19.423183,4.0
1572,fe9e0b55-3601-4032-aecd-2578784f6335,2025-08-01,STR005,SKU1002,17,21.0,2025-11-04 11:16:19.423183,4.0
1573,fe9e0b55-3601-4032-aecd-2578784f6335,2025-08-01,STR005,SKU1003,7,6.0,2025-11-04 11:16:19.423183,1.0
1574,fe9e0b55-3601-4032-aecd-2578784f6335,2025-08-01,STR005,SKU1004,23,27.0,2025-11-04 11:16:19.423183,4.0
1575,fe9e0b55-3601-4032-aecd-2578784f6335,2025-08-01,STR005,SKU1005,7,8.0,2025-11-04 11:16:19.423183,1.0
1576,fe9e0b55-3601-4032-aecd-2578784f6335,2025-08-01,STR006,SKU1001,225,178.0,2025-11-04 11:16:19.423183,47.0
1577,fe9e0b55-3601-4032-aecd-2578784f6335,2025-08-01,STR006,SKU1002,184,190.0,2025-11-04 11:16:19.423183,6.0
1578,fe9e0b55-3601-4032-aecd-2578784f6335,2025-08-01,STR006,SKU1003,141,187.0,2025-11-04 11:16:19.423183,46.0
1579,fe9e0b55-3601-4032-aecd-2578784f6335,2025-08-01,STR006,SKU1004,303,281.0,2025-11-04 11:16:19.423183,22.0
1580,fe9e0b55-3601-4032-aecd-2578784f6335,2025-08-01,STR006,SKU1005,399,274.0,2025-11-04 11:16:19.423183,125.0
1581,fe9e0b55-3601-4032-aecd-2578784f6335,2025-08-01,STR007,SKU1001,213,198.0,2025-11-04 11:16:19.423183,15.0
1582,fe9e0b55-3601-4032-aecd-2578784f6335,2025-08-01,STR007,SKU1002,245,259.0,2025-11-04 11:16:19.423183,14.0
1583,fe9e0b55-3601-4032-aecd-2578784f6335,2025-08-01,STR007,SKU1003,182,185.0,2025-11-04 11:16:19.423183,3.0
1584,fe9e0b55-3601-4032-aecd-2578784f6335,2025-08-01,STR007,SKU1004,348,298.0,2025-11-04 11:16:19.423183,50.0
1585,fe9e0b55-3601-4032-aecd-2578784f6335,2025-08-01,STR007,SKU1005,302,299.0,2025-11-04 11:16:19.423183,3.0
1586,fe9e0b55-3601-4032-aecd-2578784f6335,2025-08-01,STR008,SKU1001,126,115.0,2025-11-04 11:16:19.423183,11.0
1587,fe9e0b55-3601-4032-aecd-2578784f6335,2025-08-01,STR008,SKU1002,95,70.0,2025-11-04 11:16:19.423183,25.0
1588,fe9e0b55-3601-4032-aecd-2578784f6335,2025-08-01,STR008,SKU1003,78,70.0,2025-11-04 11:16:19.423183,8.0
1589,fe9e0b55-3601-4032-aecd-2578784f6335,2025-08-01,STR008,SKU1004,67,70.0,2025-11-04 11:16:19.423183,3.0
1590,fe9e0b55-3601-4032-aecd-2578784f6335,2025-08-01,STR008,SKU1005,60,53.0,2025-11-04 11:16:19.423183,7.0
1591,fe9e0b55-3601-4032-aecd-2578784f6335,2025-08-01,STR009,SKU1001,80,90.0,2025-11-04 11:16:19.423183,10.0
1592,fe9e0b55-3601-4032-aecd-2578784f6335,2025-08-01,STR009,SKU1002,103,117.0,2025-11-04 11:16:19.423183,14.0
1593,fe9e0b55-3601-4032-aecd-2578784f6335,2025-08-01,STR009,SKU1003,108,110.0,2025-11-04 11:16:19.423183,2.0
1594,fe9e0b55-3601-4032-aecd-2578784f6335,2025-08-01,STR009,SKU1004,101,96.0,2025-11-04 11:16:19.423183,5.0
1595,fe9e0b55-3601-4032-aecd-2578784f6335,2025-08-01,STR009,SKU1005,88,87.0,2025-11-04 11:16:19.423183,1.0
1596,fe9e0b55-3601-4032-aecd-2578784f6335,2025-08-01,STR010,SKU1001,128,102.0,2025-11-04 11:16:19.423183,26.0
1597,fe9e0b55-3601-4032-aecd-2578784f6335,2025-08-01,STR010,SKU1002,85,90.0,2025-11-04 11:16:19.423183,5.0
1598,fe9e0b55-3601-4032-aecd-2578784f6335,2025-08-01,STR010,SKU1003,56,67.0,2025-11-04 11:16:19.423183,11.0
1599,fe9e0b55-3601-4032-aecd-2578784f6335,2025-08-01,STR010,SKU1004,112,104.0,2025-11-04 11:16:19.423183,8.0
1600,fe9e0b55-3601-4032-aecd-2578784f6335,2025-08-01,STR010,SKU1005,90,88.0,2025-11-04 11:16:19.423183,2.0
1601,fe9e0b55-3601-4032-aecd-2578784f6335,2025-08-02,STR001,SKU1001,52,54.0,2025-11-04 11:16:19.423183,2.0
1602,fe9e0b55-3601-4032-aecd-2578784f6335,2025-08-02,STR001,SKU1002,85,65.0,2025-11-04 11:16:19.423183,20.0
1603,fe9e0b55-3601-4032-aecd-2578784f6335,2025-08-02,STR001,SKU1003,91,99.0,2025-11-04 11:16:19.423183,8.0
1604,fe9e0b55-3601-4032-aecd-2578784f6335,2025-08-02,STR001,SKU1004,105,117.0,2025-11-04 11:16:19.423183,12.0
1605,fe9e0b55-3601-4032-aecd-2578784f6335,2025-08-02,STR001,SKU1005,55,81.0,2025-11-04 11:16:19.423183,26.0
1606,fe9e0b55-3601-4032-aecd-2578784f6335,2025-08-02,STR002,SKU1001,30,28.0,2025-11-04 11:16:19.423183,2.0
1607,fe9e0b55-3601-4032-aecd-2578784f6335,2025-08-02,STR002,SKU1002,27,29.0,2025-11-04 11:16:19.423183,2.0
1608,fe9e0b55-3601-4032-aecd-2578784f6335,2025-08-02,STR002,SKU1003,16,14.0,2025-11-04 11:16:19.423183,2.0
1609,fe9e0b55-3601-4032-aecd-2578784f6335,2025-08-02,STR002,SKU1004,6,6.0,2025-11-04 11:16:19.423183,0.0
1610,fe9e0b55-3601-4032-aecd-2578784f6335,2025-08-02,STR002,SKU1005,27,24.0,2025-11-04 11:16:19.423183,3.0
1611,fe9e0b55-3601-4032-aecd-2578784f6335,2025-08-02,STR003,SKU1001,5,5.0,2025-11-04 11:16:19.423183,0.0
1612,fe9e0b55-3601-4032-aecd-2578784f6335,2025-08-02,STR003,SKU1002,21,21.0,2025-11-04 11:16:19.423183,0.0
1613,fe9e0b55-3601-4032-aecd-2578784f6335,2025-08-02,STR003,SKU1003,9,9.0,2025-11-04 11:16:19.423183,0.0
1614,fe9e0b55-3601-4032-aecd-2578784f6335,2025-08-02,STR003,SKU1004,4,5.0,2025-11-04 11:16:19.423183,1.0
1615,fe9e0b55-3601-4032-aecd-2578784f6335,2025-08-02,STR003,SKU1005,7,6.0,2025-11-04 11:16:19.423183,1.0
1616,fe9e0b55-3601-4032-aecd-2578784f6335,2025-08-02,STR004,SKU1001,70,82.0,2025-11-04 11:16:19.423183,12.0
1617,fe9e0b55-3601-4032-aecd-2578784f6335,2025-08-02,STR004,SKU1002,102,104.0,2025-11-04 11:16:19.423183,2.0
1618,fe9e0b55-3601-4032-aecd-2578784f6335,2025-08-02,STR004,SKU1003,141,117.0,2025-11-04 11:16:19.423183,24.0
1619,fe9e0b55-3601-4032-aecd-2578784f6335,2025-08-02,STR004,SKU1004,82,78.0,2025-11-04 11:16:19.423183,4.0
1620,fe9e0b55-3601-4032-aecd-2578784f6335,2025-08-02,STR004,SKU1005,78,58.0,2025-11-04 11:16:19.423183,20.0
1621,fe9e0b55-3601-4032-aecd-2578784f6335,2025-08-02,STR005,SKU1001,14,13.0,2025-11-04 11:16:19.423183,1.0
1622,fe9e0b55-3601-4032-aecd-2578784f6335,2025-08-02,STR005,SKU1002,22,23.0,2025-11-04 11:16:19.423183,1.0
1623,fe9e0b55-3601-4032-aecd-2578784f6335,2025-08-02,STR005,SKU1003,21,22.0,2025-11-04 11:16:19.423183,1.0
1624,fe9e0b55-3601-4032-aecd-2578784f6335,2025-08-02,STR005,SKU1004,35,28.0,2025-11-04 11:16:19.423183,7.0
1625,fe9e0b55-3601-4032-aecd-2578784f6335,2025-08-02,STR005,SKU1005,19,18.0,2025-11-04 11:16:19.423183,1.0
1626,fe9e0b55-3601-4032-aecd-2578784f6335,2025-08-02,STR006,SKU1001,192,187.0,2025-11-04 11:16:19.423183,5.0
1627,fe9e0b55-3601-4032-aecd-2578784f6335,2025-08-02,STR006,SKU1002,309,292.0,2025-11-04 11:16:19.423183,17.0
1628,fe9e0b55-3601-4032-aecd-2578784f6335,2025-08-02,STR006,SKU1003,242,218.0,2025-11-04 11:16:19.423183,24.0
1629,fe9e0b55-3601-4032-aecd-2578784f6335,2025-08-02,STR006,SKU1004,169,151.0,2025-11-04 11:16:19.423183,18.0
1630,fe9e0b55-3601-4032-aecd-2578784f6335,2025-08-02,STR006,SKU1005,189,184.0,2025-11-04 11:16:19.423183,5.0
1631,fe9e0b55-3601-4032-aecd-2578784f6335,2025-08-02,STR007,SKU1001,164,173.0,2025-11-04 11:16:19.423183,9.0
1632,fe9e0b55-3601-4032-aecd-2578784f6335,2025-08-02,STR007,SKU1002,201,232.0,2025-11-04 11:16:19.423183,31.0
1633,fe9e0b55-3601-4032-aecd-2578784f6335,2025-08-02,STR007,SKU1003,171,167.0,2025-11-04 11:16:19.423183,4.0
1634,fe9e0b55-3601-4032-aecd-2578784f6335,2025-08-02,STR007,SKU1004,212,276.0,2025-11-04 11:16:19.423183,64.0
1635,fe9e0b55-3601-4032-aecd-2578784f6335,2025-08-02,STR007,SKU1005,246,203.0,2025-11-04 11:16:19.423183,43.0
1636,fe9e0b55-3601-4032-aecd-2578784f6335,2025-08-02,STR008,SKU1001,59,54.0,2025-11-04 11:16:19.423183,5.0
1637,fe9e0b55-3601-4032-aecd-2578784f6335,2025-08-02,STR008,SKU1002,58,54.0,2025-11-04 11:16:19.423183,4.0
1638,fe9e0b55-3601-4032-aecd-2578784f6335,2025-08-02,STR008,SKU1003,79,87.0,2025-11-04 11:16:19.423183,8.0
1639,fe9e0b55-3601-4032-aecd-2578784f6335,2025-08-02,STR008,SKU1004,87,73.0,2025-11-04 11:16:19.423183,14.0
1640,fe9e0b55-3601-4032-aecd-2578784f6335,2025-08-02,STR008,SKU1005,65,68.0,2025-11-04 11:16:19.423183,3.0
1641,fe9e0b55-3601-4032-aecd-2578784f6335,2025-08-02,STR009,SKU1001,67,64.0,2025-11-04 11:16:19.423183,3.0
1642,fe9e0b55-3601-4032-aecd-2578784f6335,2025-08-02,STR009,SKU1002,92,104.0,2025-11-04 11:16:19.423183,12.0
1643,fe9e0b55-3601-4032-aecd-2578784f6335,2025-08-02,STR009,SKU1003,68,70.0,2025-11-04 11:16:19.423183,2.0
1644,fe9e0b55-3601-4032-aecd-2578784f6335,2025-08-02,STR009,SKU1004,91,86.0,2025-11-04 11:16:19.423183,5.0
1645,fe9e0b55-3601-4032-aecd-2578784f6335,2025-08-02,STR009,SKU1005,103,106.0,2025-11-04 11:16:19.423183,3.0
1646,fe9e0b55-3601-4032-aecd-2578784f6335,2025-08-02,STR010,SKU1001,49,50.0,2025-11-04 11:16:19.423183,1.0
1647,fe9e0b55-3601-4032-aecd-2578784f6335,2025-08-02,STR010,SKU1002,98,92.0,2025-11-04 11:16:19.423183,6.0
1648,fe9e0b55-3601-4032-aecd-2578784f6335,2025-08-02,STR010,SKU1003,58,61.0,2025-11-04 11:16:19.423183,3.0
1649,fe9e0b55-3601-4032-aecd-2578784f6335,2025-08-02,STR010,SKU1004,47,50.0,2025-11-04 11:16:19.423183,3.0
1650,fe9e0b55-3601-4032-aecd-2578784f6335,2025-08-02,STR010,SKU1005,51,54.0,2025-11-04 11:16:19.423183,3.0
1651,fe9e0b55-3601-4032-aecd-2578784f6335,2025-08-03,STR001,SKU1001,66,60.0,2025-11-04 11:16:19.423183,6.0
1652,fe9e0b55-3601-4032-aecd-2578784f6335,2025-08-03,STR001,SKU1002,92,96.0,2025-11-04 11:16:19.423183,4.0
1653,fe9e0b55-3601-4032-aecd-2578784f6335,2025-08-03,STR001,SKU1003,111,107.0,2025-11-04 11:16:19.423183,4.0
1654,fe9e0b55-3601-4032-aecd-2578784f6335,2025-08-03,STR001,SKU1004,146,118.0,2025-11-04 11:16:19.423183,28.0
1655,fe9e0b55-3601-4032-aecd-2578784f6335,2025-08-03,STR001,SKU1005,60,64.0,2025-11-04 11:16:19.423183,4.0
1656,fe9e0b55-3601-4032-aecd-2578784f6335,2025-08-03,STR002,SKU1001,8,10.0,2025-11-04 11:16:19.423183,2.0
1657,fe9e0b55-3601-4032-aecd-2578784f6335,2025-08-03,STR002,SKU1002,19,19.0,2025-11-04 11:16:19.423183,0.0
1658,fe9e0b55-3601-4032-aecd-2578784f6335,2025-08-03,STR002,SKU1003,12,16.0,2025-11-04 11:16:19.423183,4.0
1659,fe9e0b55-3601-4032-aecd-2578784f6335,2025-08-03,STR002,SKU1004,5,5.0,2025-11-04 11:16:19.423183,0.0
1660,fe9e0b55-3601-4032-aecd-2578784f6335,2025-08-03,STR002,SKU1005,15,16.0,2025-11-04 11:16:19.423183,1.0
1661,fe9e0b55-3601-4032-aecd-2578784f6335,2025-08-03,STR003,SKU1001,22,23.0,2025-11-04 11:16:19.423183,1.0
1662,fe9e0b55-3601-4032-aecd-2578784f6335,2025-08-03,STR003,SKU1002,8,8.0,2025-11-04 11:16:19.423183,0.0
1663,fe9e0b55-3601-4032-aecd-2578784f6335,2025-08-03,STR003,SKU1003,9,10.0,2025-11-04 11:16:19.423183,1.0
1664,fe9e0b55-3601-4032-aecd-2578784f6335,2025-08-03,STR003,SKU1004,15,14.0,2025-11-04 11:16:19.423183,1.0
1665,fe9e0b55-3601-4032-aecd-2578784f6335,2025-08-03,STR003,SKU1005,16,17.0,2025-11-04 11:16:19.423183,1.0
1666,fe9e0b55-3601-4032-aecd-2578784f6335,2025-08-03,STR004,SKU1001,102,101.0,2025-11-04 11:16:19.423183,1.0
1667,fe9e0b55-3601-4032-aecd-2578784f6335,2025-08-03,STR004,SKU1002,88,93.0,2025-11-04 11:16:19.423183,5.0
1668,fe9e0b55-3601-4032-aecd-2578784f6335,2025-08-03,STR004,SKU1003,97,92.0,2025-11-04 11:16:19.423183,5.0
1669,fe9e0b55-3601-4032-aecd-2578784f6335,2025-08-03,STR004,SKU1004,58,61.0,2025-11-04 11:16:19.423183,3.0
1670,fe9e0b55-3601-4032-aecd-2578784f6335,2025-08-03,STR004,SKU1005,101,85.0,2025-11-04 11:16:19.423183,16.0
1671,fe9e0b55-3601-4032-aecd-2578784f6335,2025-08-03,STR005,SKU1001,6,6.0,2025-11-04 11:16:19.423183,0.0
1672,fe9e0b55-3601-4032-aecd-2578784f6335,2025-08-03,STR005,SKU1002,27,26.0,2025-11-04 11:16:19.423183,1.0
1673,fe9e0b55-3601-4032-aecd-2578784f6335,2025-08-03,STR005,SKU1003,28,23.0,2025-11-04 11:16:19.423183,5.0
1674,fe9e0b55-3601-4032-aecd-2578784f6335,2025-08-03,STR005,SKU1004,23,26.0,2025-11-04 11:16:19.423183,3.0
1675,fe9e0b55-3601-4032-aecd-2578784f6335,2025-08-03,STR005,SKU1005,10,9.0,2025-11-04 11:16:19.423183,1.0
1676,fe9e0b55-3601-4032-aecd-2578784f6335,2025-08-03,STR006,SKU1001,183,181.0,2025-11-04 11:16:19.423183,2.0
1677,fe9e0b55-3601-4032-aecd-2578784f6335,2025-08-03,STR006,SKU1002,241,288.0,2025-11-04 11:16:19.423183,47.0
1678,fe9e0b55-3601-4032-aecd-2578784f6335,2025-08-03,STR006,SKU1003,173,166.0,2025-11-04 11:16:19.423183,7.0
1679,fe9e0b55-3601-4032-aecd-2578784f6335,2025-08-03,STR006,SKU1004,228,243.0,2025-11-04 11:16:19.423183,15.0
1680,fe9e0b55-3601-4032-aecd-2578784f6335,2025-08-03,STR006,SKU1005,159,212.0,2025-11-04 11:16:19.423183,53.0
1681,fe9e0b55-3601-4032-aecd-2578784f6335,2025-08-03,STR007,SKU1001,207,236.0,2025-11-04 11:16:19.423183,29.0
1682,fe9e0b55-3601-4032-aecd-2578784f6335,2025-08-03,STR007,SKU1002,187,177.0,2025-11-04 11:16:19.423183,10.0
1683,fe9e0b55-3601-4032-aecd-2578784f6335,2025-08-03,STR007,SKU1003,223,200.0,2025-11-04 11:16:19.423183,23.0
1684,fe9e0b55-3601-4032-aecd-2578784f6335,2025-08-03,STR007,SKU1004,151,156.0,2025-11-04 11:16:19.423183,5.0
1685,fe9e0b55-3601-4032-aecd-2578784f6335,2025-08-03,STR007,SKU1005,192,195.0,2025-11-04 11:16:19.423183,3.0
1686,fe9e0b55-3601-4032-aecd-2578784f6335,2025-08-03,STR008,SKU1001,104,98.0,2025-11-04 11:16:19.423183,6.0
1687,fe9e0b55-3601-4032-aecd-2578784f6335,2025-08-03,STR008,SKU1002,111,110.0,2025-11-04 11:16:19.423183,1.0
1688,fe9e0b55-3601-4032-aecd-2578784f6335,2025-08-03,STR008,SKU1003,71,77.0,2025-11-04 11:16:19.423183,6.0
1689,fe9e0b55-3601-4032-aecd-2578784f6335,2025-08-03,STR008,SKU1004,67,92.0,2025-11-04 11:16:19.423183,25.0
1690,fe9e0b55-3601-4032-aecd-2578784f6335,2025-08-03,STR008,SKU1005,78,67.0,2025-11-04 11:16:19.423183,11.0
1691,fe9e0b55-3601-4032-aecd-2578784f6335,2025-08-03,STR009,SKU1001,64,78.0,2025-11-04 11:16:19.423183,14.0
1692,fe9e0b55-3601-4032-aecd-2578784f6335,2025-08-03,STR009,SKU1002,84,70.0,2025-11-04 11:16:19.423183,14.0
1693,fe9e0b55-3601-4032-aecd-2578784f6335,2025-08-03,STR009,SKU1003,84,68.0,2025-11-04 11:16:19.423183,16.0
1694,fe9e0b55-3601-4032-aecd-2578784f6335,2025-08-03,STR009,SKU1004,107,111.0,2025-11-04 11:16:19.423183,4.0
1695,fe9e0b55-3601-4032-aecd-2578784f6335,2025-08-03,STR009,SKU1005,91,107.0,2025-11-04 11:16:19.423183,16.0
1696,fe9e0b55-3601-4032-aecd-2578784f6335,2025-08-03,STR010,SKU1001,78,87.0,2025-11-04 11:16:19.423183,9.0
1697,fe9e0b55-3601-4032-aecd-2578784f6335,2025-08-03,STR010,SKU1002,55,52.0,2025-11-04 11:16:19.423183,3.0
1698,fe9e0b55-3601-4032-aecd-2578784f6335,2025-08-03,STR010,SKU1003,102,97.0,2025-11-04 11:16:19.423183,5.0
1699,fe9e0b55-3601-4032-aecd-2578784f6335,2025-08-03,STR010,SKU1004,105,82.0,2025-11-04 11:16:19.423183,23.0
1700,fe9e0b55-3601-4032-aecd-2578784f6335,2025-08-03,STR010,SKU1005,102,105.0,2025-11-04 11:16:19.423183,3.0
1701,fe9e0b55-3601-4032-aecd-2578784f6335,2025-08-04,STR001,SKU1001,70,71.0,2025-11-04 11:16:19.423183,1.0
1702,fe9e0b55-3601-4032-aecd-2578784f6335,2025-08-04,STR001,SKU1002,82,82.0,2025-11-04 11:16:19.423183,0.0
1703,fe9e0b55-3601-4032-aecd-2578784f6335,2025-08-04,STR001,SKU1003,106,111.0,2025-11-04 11:16:19.423183,5.0
1704,fe9e0b55-3601-4032-aecd-2578784f6335,2025-08-04,STR001,SKU1004,93,92.0,2025-11-04 11:16:19.423183,1.0
1705,fe9e0b55-3601-4032-aecd-2578784f6335,2025-08-04,STR001,SKU1005,111,114.0,2025-11-04 11:16:19.423183,3.0
1706,fe9e0b55-3601-4032-aecd-2578784f6335,2025-08-04,STR002,SKU1001,14,14.0,2025-11-04 11:16:19.423183,0.0
1707,fe9e0b55-3601-4032-aecd-2578784f6335,2025-08-04,STR002,SKU1002,26,26.0,2025-11-04 11:16:19.423183,0.0
1708,fe9e0b55-3601-4032-aecd-2578784f6335,2025-08-04,STR002,SKU1003,8,7.0,2025-11-04 11:16:19.423183,1.0
1709,fe9e0b55-3601-4032-aecd-2578784f6335,2025-08-04,STR002,SKU1004,29,22.0,2025-11-04 11:16:19.423183,7.0
1710,fe9e0b55-3601-4032-aecd-2578784f6335,2025-08-04,STR002,SKU1005,13,13.0,2025-11-04 11:16:19.423183,0.0
1711,fe9e0b55-3601-4032-aecd-2578784f6335,2025-08-04,STR003,SKU1001,26,24.0,2025-11-04 11:16:19.423183,2.0
1712,fe9e0b55-3601-4032-aecd-2578784f6335,2025-08-04,STR003,SKU1002,15,15.0,2025-11-04 11:16:19.423183,0.0
1713,fe9e0b55-3601-4032-aecd-2578784f6335,2025-08-04,STR003,SKU1003,11,11.0,2025-11-04 11:16:19.423183,0.0
1714,fe9e0b55-3601-4032-aecd-2578784f6335,2025-08-04,STR003,SKU1004,25,23.0,2025-11-04 11:16:19.423183,2.0
1715,fe9e0b55-3601-4032-aecd-2578784f6335,2025-08-04,STR003,SKU1005,5,5.0,2025-11-04 11:16:19.423183,0.0
1716,fe9e0b55-3601-4032-aecd-2578784f6335,2025-08-04,STR004,SKU1001,68,80.0,2025-11-04 11:16:19.423183,12.0
1717,fe9e0b55-3601-4032-aecd-2578784f6335,2025-08-04,STR004,SKU1002,114,115.0,2025-11-04 11:16:19.423183,1.0
1718,fe9e0b55-3601-4032-aecd-2578784f6335,2025-08-04,STR004,SKU1003,85,119.0,2025-11-04 11:16:19.423183,34.0
1719,fe9e0b55-3601-4032-aecd-2578784f6335,2025-08-04,STR004,SKU1004,81,98.0,2025-11-04 11:16:19.423183,17.0
1720,fe9e0b55-3601-4032-aecd-2578784f6335,2025-08-04,STR004,SKU1005,104,117.0,2025-11-04 11:16:19.423183,13.0
1721,fe9e0b55-3601-4032-aecd-2578784f6335,2025-08-04,STR005,SKU1001,15,17.0,2025-11-04 11:16:19.423183,2.0
1722,fe9e0b55-3601-4032-aecd-2578784f6335,2025-08-04,STR005,SKU1002,9,8.0,2025-11-04 11:16:19.423183,1.0
1723,fe9e0b55-3601-4032-aecd-2578784f6335,2025-08-04,STR005,SKU1003,8,12.0,2025-11-04 11:16:19.423183,4.0
1724,fe9e0b55-3601-4032-aecd-2578784f6335,2025-08-04,STR005,SKU1004,23,23.0,2025-11-04 11:16:19.423183,0.0
1725,fe9e0b55-3601-4032-aecd-2578784f6335,2025-08-04,STR005,SKU1005,31,29.0,2025-11-04 11:16:19.423183,2.0
1726,fe9e0b55-3601-4032-aecd-2578784f6335,2025-08-04,STR006,SKU1001,266,234.0,2025-11-04 11:16:19.423183,32.0
1727,fe9e0b55-3601-4032-aecd-2578784f6335,2025-08-04,STR006,SKU1002,295,225.0,2025-11-04 11:16:19.423183,70.0
1728,fe9e0b55-3601-4032-aecd-2578784f6335,2025-08-04,STR006,SKU1003,154,159.0,2025-11-04 11:16:19.423183,5.0
1729,fe9e0b55-3601-4032-aecd-2578784f6335,2025-08-04,STR006,SKU1004,254,289.0,2025-11-04 11:16:19.423183,35.0
1730,fe9e0b55-3601-4032-aecd-2578784f6335,2025-08-04,STR006,SKU1005,183,183.0,2025-11-04 11:16:19.423183,0.0
1731,fe9e0b55-3601-4032-aecd-2578784f6335,2025-08-04,STR007,SKU1001,222,207.0,2025-11-04 11:16:19.423183,15.0
1732,fe9e0b55-3601-4032-aecd-2578784f6335,2025-08-04,STR007,SKU1002,161,188.0,2025-11-04 11:16:19.423183,27.0
1733,fe9e0b55-3601-4032-aecd-2578784f6335,2025-08-04,STR007,SKU1003,164,194.0,2025-11-04 11:16:19.423183,30.0
1734,fe9e0b55-3601-4032-aecd-2578784f6335,2025-08-04,STR007,SKU1004,324,280.0,2025-11-04 11:16:19.423183,44.0
1735,fe9e0b55-3601-4032-aecd-2578784f6335,2025-08-04,STR007,SKU1005,133,179.0,2025-11-04 11:16:19.423183,46.0
1736,fe9e0b55-3601-4032-aecd-2578784f6335,2025-08-04,STR008,SKU1001,53,55.0,2025-11-04 11:16:19.423183,2.0
1737,fe9e0b55-3601-4032-aecd-2578784f6335,2025-08-04,STR008,SKU1002,104,78.0,2025-11-04 11:16:19.423183,26.0
1738,fe9e0b55-3601-4032-aecd-2578784f6335,2025-08-04,STR008,SKU1003,109,101.0,2025-11-04 11:16:19.423183,8.0
1739,fe9e0b55-3601-4032-aecd-2578784f6335,2025-08-04,STR008,SKU1004,74,83.0,2025-11-04 11:16:19.423183,9.0
1740,fe9e0b55-3601-4032-aecd-2578784f6335,2025-08-04,STR008,SKU1005,81,106.0,2025-11-04 11:16:19.423183,25.0
1741,fe9e0b55-3601-4032-aecd-2578784f6335,2025-08-04,STR009,SKU1001,38,53.0,2025-11-04 11:16:19.423183,15.0
1742,fe9e0b55-3601-4032-aecd-2578784f6335,2025-08-04,STR009,SKU1002,83,70.0,2025-11-04 11:16:19.423183,13.0
1743,fe9e0b55-3601-4032-aecd-2578784f6335,2025-08-04,STR009,SKU1003,80,100.0,2025-11-04 11:16:19.423183,20.0
1744,fe9e0b55-3601-4032-aecd-2578784f6335,2025-08-04,STR009,SKU1004,68,68.0,2025-11-04 11:16:19.423183,0.0
1745,fe9e0b55-3601-4032-aecd-2578784f6335,2025-08-04,STR009,SKU1005,69,89.0,2025-11-04 11:16:19.423183,20.0
1746,fe9e0b55-3601-4032-aecd-2578784f6335,2025-08-04,STR010,SKU1001,143,114.0,2025-11-04 11:16:19.423183,29.0
1747,fe9e0b55-3601-4032-aecd-2578784f6335,2025-08-04,STR010,SKU1002,81,78.0,2025-11-04 11:16:19.423183,3.0
1748,fe9e0b55-3601-4032-aecd-2578784f6335,2025-08-04,STR010,SKU1003,76,85.0,2025-11-04 11:16:19.423183,9.0
1749,fe9e0b55-3601-4032-aecd-2578784f6335,2025-08-04,STR010,SKU1004,85,74.0,2025-11-04 11:16:19.423183,11.0
1750,fe9e0b55-3601-4032-aecd-2578784f6335,2025-08-04,STR010,SKU1005,76,74.0,2025-11-04 11:16:19.423183,2.0
1751,fe9e0b55-3601-4032-aecd-2578784f6335,2025-08-05,STR001,SKU1001,90,95.0,2025-11-04 11:16:19.423183,5.0
1752,fe9e0b55-3601-4032-aecd-2578784f6335,2025-08-05,STR001,SKU1002,98,119.0,2025-11-04 11:16:19.423183,21.0
1753,fe9e0b55-3601-4032-aecd-2578784f6335,2025-08-05,STR001,SKU1003,73,67.0,2025-11-04 11:16:19.423183,6.0
1754,fe9e0b55-3601-4032-aecd-2578784f6335,2025-08-05,STR001,SKU1004,42,52.0,2025-11-04 11:16:19.423183,10.0
1755,fe9e0b55-3601-4032-aecd-2578784f6335,2025-08-05,STR001,SKU1005,72,51.0,2025-11-04 11:16:19.423183,21.0
1756,fe9e0b55-3601-4032-aecd-2578784f6335,2025-08-05,STR002,SKU1001,23,21.0,2025-11-04 11:16:19.423183,2.0
1757,fe9e0b55-3601-4032-aecd-2578784f6335,2025-08-05,STR002,SKU1002,12,9.0,2025-11-04 11:16:19.423183,3.0
1758,fe9e0b55-3601-4032-aecd-2578784f6335,2025-08-05,STR002,SKU1003,16,15.0,2025-11-04 11:16:19.423183,1.0
1759,fe9e0b55-3601-4032-aecd-2578784f6335,2025-08-05,STR002,SKU1004,16,16.0,2025-11-04 11:16:19.423183,0.0
1760,fe9e0b55-3601-4032-aecd-2578784f6335,2025-08-05,STR002,SKU1005,22,21.0,2025-11-04 11:16:19.423183,1.0
1761,fe9e0b55-3601-4032-aecd-2578784f6335,2025-08-05,STR003,SKU1001,17,18.0,2025-11-04 11:16:19.423183,1.0
1762,fe9e0b55-3601-4032-aecd-2578784f6335,2025-08-05,STR003,SKU1002,24,21.0,2025-11-04 11:16:19.423183,3.0
1763,fe9e0b55-3601-4032-aecd-2578784f6335,2025-08-05,STR003,SKU1003,28,29.0,2025-11-04 11:16:19.423183,1.0
1764,fe9e0b55-3601-4032-aecd-2578784f6335,2025-08-05,STR003,SKU1004,26,27.0,2025-11-04 11:16:19.423183,1.0
1765,fe9e0b55-3601-4032-aecd-2578784f6335,2025-08-05,STR003,SKU1005,24,23.0,2025-11-04 11:16:19.423183,1.0
1766,fe9e0b55-3601-4032-aecd-2578784f6335,2025-08-05,STR004,SKU1001,55,53.0,2025-11-04 11:16:19.423183,2.0
1767,fe9e0b55-3601-4032-aecd-2578784f6335,2025-08-05,STR004,SKU1002,63,84.0,2025-11-04 11:16:19.423183,21.0
1768,fe9e0b55-3601-4032-aecd-2578784f6335,2025-08-05,STR004,SKU1003,98,112.0,2025-11-04 11:16:19.423183,14.0
1769,fe9e0b55-3601-4032-aecd-2578784f6335,2025-08-05,STR004,SKU1004,142,117.0,2025-11-04 11:16:19.423183,25.0
1770,fe9e0b55-3601-4032-aecd-2578784f6335,2025-08-05,STR004,SKU1005,95,85.0,2025-11-04 11:16:19.423183,10.0
1771,fe9e0b55-3601-4032-aecd-2578784f6335,2025-08-05,STR005,SKU1001,12,11.0,2025-11-04 11:16:19.423183,1.0
1772,fe9e0b55-3601-4032-aecd-2578784f6335,2025-08-05,STR005,SKU1002,13,12.0,2025-11-04 11:16:19.423183,1.0
1773,fe9e0b55-3601-4032-aecd-2578784f6335,2025-08-05,STR005,SKU1003,29,26.0,2025-11-04 11:16:19.423183,3.0
1774,fe9e0b55-3601-4032-aecd-2578784f6335,2025-08-05,STR005,SKU1004,27,23.0,2025-11-04 11:16:19.423183,4.0
1775,fe9e0b55-3601-4032-aecd-2578784f6335,2025-08-05,STR005,SKU1005,7,8.0,2025-11-04 11:16:19.423183,1.0
1776,fe9e0b55-3601-4032-aecd-2578784f6335,2025-08-05,STR006,SKU1001,215,181.0,2025-11-04 11:16:19.423183,34.0
1777,fe9e0b55-3601-4032-aecd-2578784f6335,2025-08-05,STR006,SKU1002,195,214.0,2025-11-04 11:16:19.423183,19.0
1778,fe9e0b55-3601-4032-aecd-2578784f6335,2025-08-05,STR006,SKU1003,279,272.0,2025-11-04 11:16:19.423183,7.0
1779,fe9e0b55-3601-4032-aecd-2578784f6335,2025-08-05,STR006,SKU1004,267,281.0,2025-11-04 11:16:19.423183,14.0
1780,fe9e0b55-3601-4032-aecd-2578784f6335,2025-08-05,STR006,SKU1005,255,204.0,2025-11-04 11:16:19.423183,51.0
1781,fe9e0b55-3601-4032-aecd-2578784f6335,2025-08-05,STR007,SKU1001,276,266.0,2025-11-04 11:16:19.423183,10.0
1782,fe9e0b55-3601-4032-aecd-2578784f6335,2025-08-05,STR007,SKU1002,246,246.0,2025-11-04 11:16:19.423183,0.0
1783,fe9e0b55-3601-4032-aecd-2578784f6335,2025-08-05,STR007,SKU1003,244,207.0,2025-11-04 11:16:19.423183,37.0
1784,fe9e0b55-3601-4032-aecd-2578784f6335,2025-08-05,STR007,SKU1004,164,165.0,2025-11-04 11:16:19.423183,1.0
1785,fe9e0b55-3601-4032-aecd-2578784f6335,2025-08-05,STR007,SKU1005,310,257.0,2025-11-04 11:16:19.423183,53.0
1786,fe9e0b55-3601-4032-aecd-2578784f6335,2025-08-05,STR008,SKU1001,54,51.0,2025-11-04 11:16:19.423183,3.0
1787,fe9e0b55-3601-4032-aecd-2578784f6335,2025-08-05,STR008,SKU1002,83,82.0,2025-11-04 11:16:19.423183,1.0
1788,fe9e0b55-3601-4032-aecd-2578784f6335,2025-08-05,STR008,SKU1003,88,94.0,2025-11-04 11:16:19.423183,6.0
1789,fe9e0b55-3601-4032-aecd-2578784f6335,2025-08-05,STR008,SKU1004,58,52.0,2025-11-04 11:16:19.423183,6.0
1790,fe9e0b55-3601-4032-aecd-2578784f6335,2025-08-05,STR008,SKU1005,99,102.0,2025-11-04 11:16:19.423183,3.0
1791,fe9e0b55-3601-4032-aecd-2578784f6335,2025-08-05,STR009,SKU1001,76,70.0,2025-11-04 11:16:19.423183,6.0
1792,fe9e0b55-3601-4032-aecd-2578784f6335,2025-08-05,STR009,SKU1002,63,78.0,2025-11-04 11:16:19.423183,15.0
1793,fe9e0b55-3601-4032-aecd-2578784f6335,2025-08-05,STR009,SKU1003,66,60.0,2025-11-04 11:16:19.423183,6.0
1794,fe9e0b55-3601-4032-aecd-2578784f6335,2025-08-05,STR009,SKU1004,103,92.0,2025-11-04 11:16:19.423183,11.0
1795,fe9e0b55-3601-4032-aecd-2578784f6335,2025-08-05,STR009,SKU1005,75,83.0,2025-11-04 11:16:19.423183,8.0
1796,fe9e0b55-3601-4032-aecd-2578784f6335,2025-08-05,STR010,SKU1001,61,69.0,2025-11-04 11:16:19.423183,8.0
1797,fe9e0b55-3601-4032-aecd-2578784f6335,2025-08-05,STR010,SKU1002,112,96.0,2025-11-04 11:16:19.423183,16.0
1798,fe9e0b55-3601-4032-aecd-2578784f6335,2025-08-05,STR010,SKU1003,85,90.0,2025-11-04 11:16:19.423183,5.0
1799,fe9e0b55-3601-4032-aecd-2578784f6335,2025-08-05,STR010,SKU1004,70,62.0,2025-11-04 11:16:19.423183,8.0
1800,fe9e0b55-3601-4032-aecd-2578784f6335,2025-08-05,STR010,SKU1005,76,114.0,2025-11-04 11:16:19.423183,38.0
1801,fe9e0b55-3601-4032-aecd-2578784f6335,2025-08-06,STR001,SKU1001,62,81.0,2025-11-04 11:16:19.423183,19.0
1802,fe9e0b55-3601-4032-aecd-2578784f6335,2025-08-06,STR001,SKU1002,78,105.0,2025-11-04 11:16:19.423183,27.0
1803,fe9e0b55-3601-4032-aecd-2578784f6335,2025-08-06,STR001,SKU1003,78,66.0,2025-11-04 11:16:19.423183,12.0
1804,fe9e0b55-3601-4032-aecd-2578784f6335,2025-08-06,STR001,SKU1004,76,75.0,2025-11-04 11:16:19.423183,1.0
1805,fe9e0b55-3601-4032-aecd-2578784f6335,2025-08-06,STR001,SKU1005,95,104.0,2025-11-04 11:16:19.423183,9.0
1806,fe9e0b55-3601-4032-aecd-2578784f6335,2025-08-06,STR002,SKU1001,22,24.0,2025-11-04 11:16:19.423183,2.0
1807,fe9e0b55-3601-4032-aecd-2578784f6335,2025-08-06,STR002,SKU1002,20,19.0,2025-11-04 11:16:19.423183,1.0
1808,fe9e0b55-3601-4032-aecd-2578784f6335,2025-08-06,STR002,SKU1003,10,9.0,2025-11-04 11:16:19.423183,1.0
1809,fe9e0b55-3601-4032-aecd-2578784f6335,2025-08-06,STR002,SKU1004,23,20.0,2025-11-04 11:16:19.423183,3.0
1810,fe9e0b55-3601-4032-aecd-2578784f6335,2025-08-06,STR002,SKU1005,9,8.0,2025-11-04 11:16:19.423183,1.0
1811,fe9e0b55-3601-4032-aecd-2578784f6335,2025-08-06,STR003,SKU1001,20,19.0,2025-11-04 11:16:19.423183,1.0
1812,fe9e0b55-3601-4032-aecd-2578784f6335,2025-08-06,STR003,SKU1002,19,23.0,2025-11-04 11:16:19.423183,4.0
1813,fe9e0b55-3601-4032-aecd-2578784f6335,2025-08-06,STR003,SKU1003,12,13.0,2025-11-04 11:16:19.423183,1.0
1814,fe9e0b55-3601-4032-aecd-2578784f6335,2025-08-06,STR003,SKU1004,20,21.0,2025-11-04 11:16:19.423183,1.0
1815,fe9e0b55-3601-4032-aecd-2578784f6335,2025-08-06,STR003,SKU1005,12,15.0,2025-11-04 11:16:19.423183,3.0
1816,fe9e0b55-3601-4032-aecd-2578784f6335,2025-08-06,STR004,SKU1001,59,73.0,2025-11-04 11:16:19.423183,14.0
1817,fe9e0b55-3601-4032-aecd-2578784f6335,2025-08-06,STR004,SKU1002,111,95.0,2025-11-04 11:16:19.423183,16.0
1818,fe9e0b55-3601-4032-aecd-2578784f6335,2025-08-06,STR004,SKU1003,65,82.0,2025-11-04 11:16:19.423183,17.0
1819,fe9e0b55-3601-4032-aecd-2578784f6335,2025-08-06,STR004,SKU1004,79,55.0,2025-11-04 11:16:19.423183,24.0
1820,fe9e0b55-3601-4032-aecd-2578784f6335,2025-08-06,STR004,SKU1005,114,104.0,2025-11-04 11:16:19.423183,10.0
1821,fe9e0b55-3601-4032-aecd-2578784f6335,2025-08-06,STR005,SKU1001,8,8.0,2025-11-04 11:16:19.423183,0.0
1822,fe9e0b55-3601-4032-aecd-2578784f6335,2025-08-06,STR005,SKU1002,8,9.0,2025-11-04 11:16:19.423183,1.0
1823,fe9e0b55-3601-4032-aecd-2578784f6335,2025-08-06,STR005,SKU1003,8,8.0,2025-11-04 11:16:19.423183,0.0
1824,fe9e0b55-3601-4032-aecd-2578784f6335,2025-08-06,STR005,SKU1004,6,5.0,2025-11-04 11:16:19.423183,1.0
1825,fe9e0b55-3601-4032-aecd-2578784f6335,2025-08-06,STR005,SKU1005,21,18.0,2025-11-04 11:16:19.423183,3.0
1826,fe9e0b55-3601-4032-aecd-2578784f6335,2025-08-06,STR006,SKU1001,147,155.0,2025-11-04 11:16:19.423183,8.0
1827,fe9e0b55-3601-4032-aecd-2578784f6335,2025-08-06,STR006,SKU1002,273,282.0,2025-11-04 11:16:19.423183,9.0
1828,fe9e0b55-3601-4032-aecd-2578784f6335,2025-08-06,STR006,SKU1003,155,175.0,2025-11-04 11:16:19.423183,20.0
1829,fe9e0b55-3601-4032-aecd-2578784f6335,2025-08-06,STR006,SKU1004,233,222.0,2025-11-04 11:16:19.423183,11.0
1830,fe9e0b55-3601-4032-aecd-2578784f6335,2025-08-06,STR006,SKU1005,146,154.0,2025-11-04 11:16:19.423183,8.0
1831,fe9e0b55-3601-4032-aecd-2578784f6335,2025-08-06,STR007,SKU1001,165,180.0,2025-11-04 11:16:19.423183,15.0
1832,fe9e0b55-3601-4032-aecd-2578784f6335,2025-08-06,STR007,SKU1002,234,275.0,2025-11-04 11:16:19.423183,41.0
1833,fe9e0b55-3601-4032-aecd-2578784f6335,2025-08-06,STR007,SKU1003,288,255.0,2025-11-04 11:16:19.423183,33.0
1834,fe9e0b55-3601-4032-aecd-2578784f6335,2025-08-06,STR007,SKU1004,226,236.0,2025-11-04 11:16:19.423183,10.0
1835,fe9e0b55-3601-4032-aecd-2578784f6335,2025-08-06,STR007,SKU1005,200,210.0,2025-11-04 11:16:19.423183,10.0
1836,fe9e0b55-3601-4032-aecd-2578784f6335,2025-08-06,STR008,SKU1001,69,64.0,2025-11-04 11:16:19.423183,5.0
1837,fe9e0b55-3601-4032-aecd-2578784f6335,2025-08-06,STR008,SKU1002,60,54.0,2025-11-04 11:16:19.423183,6.0
1838,fe9e0b55-3601-4032-aecd-2578784f6335,2025-08-06,STR008,SKU1003,73,79.0,2025-11-04 11:16:19.423183,6.0
1839,fe9e0b55-3601-4032-aecd-2578784f6335,2025-08-06,STR008,SKU1004,45,64.0,2025-11-04 11:16:19.423183,19.0
1840,fe9e0b55-3601-4032-aecd-2578784f6335,2025-08-06,STR008,SKU1005,119,100.0,2025-11-04 11:16:19.423183,19.0
1841,fe9e0b55-3601-4032-aecd-2578784f6335,2025-08-06,STR009,SKU1001,107,109.0,2025-11-04 11:16:19.423183,2.0
1842,fe9e0b55-3601-4032-aecd-2578784f6335,2025-08-06,STR009,SKU1002,130,103.0,2025-11-04 11:16:19.423183,27.0
1843,fe9e0b55-3601-4032-aecd-2578784f6335,2025-08-06,STR009,SKU1003,148,115.0,2025-11-04 11:16:19.423183,33.0
1844,fe9e0b55-3601-4032-aecd-2578784f6335,2025-08-06,STR009,SKU1004,55,52.0,2025-11-04 11:16:19.423183,3.0
1845,fe9e0b55-3601-4032-aecd-2578784f6335,2025-08-06,STR009,SKU1005,42,58.0,2025-11-04 11:16:19.423183,16.0
1846,fe9e0b55-3601-4032-aecd-2578784f6335,2025-08-06,STR010,SKU1001,51,60.0,2025-11-04 11:16:19.423183,9.0
1847,fe9e0b55-3601-4032-aecd-2578784f6335,2025-08-06,STR010,SKU1002,70,72.0,2025-11-04 11:16:19.423183,2.0
1848,fe9e0b55-3601-4032-aecd-2578784f6335,2025-08-06,STR010,SKU1003,77,88.0,2025-11-04 11:16:19.423183,11.0
1849,fe9e0b55-3601-4032-aecd-2578784f6335,2025-08-06,STR010,SKU1004,70,60.0,2025-11-04 11:16:19.423183,10.0
1850,fe9e0b55-3601-4032-aecd-2578784f6335,2025-08-06,STR010,SKU1005,66,75.0,2025-11-04 11:16:19.423183,9.0
1851,fe9e0b55-3601-4032-aecd-2578784f6335,2025-08-07,STR001,SKU1001,130,113.0,2025-11-04 11:16:19.423183,17.0
1852,fe9e0b55-3601-4032-aecd-2578784f6335,2025-08-07,STR001,SKU1002,101,119.0,2025-11-04 11:16:19.423183,18.0
1853,fe9e0b55-3601-4032-aecd-2578784f6335,2025-08-07,STR001,SKU1003,95,90.0,2025-11-04 11:16:19.423183,5.0
1854,fe9e0b55-3601-4032-aecd-2578784f6335,2025-08-07,STR001,SKU1004,45,57.0,2025-11-04 11:16:19.423183,12.0
1855,fe9e0b55-3601-4032-aecd-2578784f6335,2025-08-07,STR001,SKU1005,99,111.0,2025-11-04 11:16:19.423183,12.0
1856,fe9e0b55-3601-4032-aecd-2578784f6335,2025-08-07,STR002,SKU1001,6,7.0,2025-11-04 11:16:19.423183,1.0
1857,fe9e0b55-3601-4032-aecd-2578784f6335,2025-08-07,STR002,SKU1002,10,12.0,2025-11-04 11:16:19.423183,2.0
1858,fe9e0b55-3601-4032-aecd-2578784f6335,2025-08-07,STR002,SKU1003,7,7.0,2025-11-04 11:16:19.423183,0.0
1859,fe9e0b55-3601-4032-aecd-2578784f6335,2025-08-07,STR002,SKU1004,5,6.0,2025-11-04 11:16:19.423183,1.0
1860,fe9e0b55-3601-4032-aecd-2578784f6335,2025-08-07,STR002,SKU1005,14,14.0,2025-11-04 11:16:19.423183,0.0
1861,fe9e0b55-3601-4032-aecd-2578784f6335,2025-08-07,STR003,SKU1001,22,29.0,2025-11-04 11:16:19.423183,7.0
1862,fe9e0b55-3601-4032-aecd-2578784f6335,2025-08-07,STR003,SKU1002,13,14.0,2025-11-04 11:16:19.423183,1.0
1863,fe9e0b55-3601-4032-aecd-2578784f6335,2025-08-07,STR003,SKU1003,8,8.0,2025-11-04 11:16:19.423183,0.0
1864,fe9e0b55-3601-4032-aecd-2578784f6335,2025-08-07,STR003,SKU1004,34,28.0,2025-11-04 11:16:19.423183,6.0
1865,fe9e0b55-3601-4032-aecd-2578784f6335,2025-08-07,STR003,SKU1005,9,8.0,2025-11-04 11:16:19.423183,1.0
1866,fe9e0b55-3601-4032-aecd-2578784f6335,2025-08-07,STR004,SKU1001,80,86.0,2025-11-04 11:16:19.423183,6.0
1867,fe9e0b55-3601-4032-aecd-2578784f6335,2025-08-07,STR004,SKU1002,95,83.0,2025-11-04 11:16:19.423183,12.0
1868,fe9e0b55-3601-4032-aecd-2578784f6335,2025-08-07,STR004,SKU1003,111,106.0,2025-11-04 11:16:19.423183,5.0
1869,fe9e0b55-3601-4032-aecd-2578784f6335,2025-08-07,STR004,SKU1004,124,116.0,2025-11-04 11:16:19.423183,8.0
1870,fe9e0b55-3601-4032-aecd-2578784f6335,2025-08-07,STR004,SKU1005,52,52.0,2025-11-04 11:16:19.423183,0.0
1871,fe9e0b55-3601-4032-aecd-2578784f6335,2025-08-07,STR005,SKU1001,24,21.0,2025-11-04 11:16:19.423183,3.0
1872,fe9e0b55-3601-4032-aecd-2578784f6335,2025-08-07,STR005,SKU1002,12,13.0,2025-11-04 11:16:19.423183,1.0
1873,fe9e0b55-3601-4032-aecd-2578784f6335,2025-08-07,STR005,SKU1003,5,5.0,2025-11-04 11:16:19.423183,0.0
1874,fe9e0b55-3601-4032-aecd-2578784f6335,2025-08-07,STR005,SKU1004,11,14.0,2025-11-04 11:16:19.423183,3.0
1875,fe9e0b55-3601-4032-aecd-2578784f6335,2025-08-07,STR005,SKU1005,16,12.0,2025-11-04 11:16:19.423183,4.0
1876,fe9e0b55-3601-4032-aecd-2578784f6335,2025-08-07,STR006,SKU1001,179,287.0,2025-11-04 11:16:19.423183,108.0
1877,fe9e0b55-3601-4032-aecd-2578784f6335,2025-08-07,STR006,SKU1002,299,285.0,2025-11-04 11:16:19.423183,14.0
1878,fe9e0b55-3601-4032-aecd-2578784f6335,2025-08-07,STR006,SKU1003,225,190.0,2025-11-04 11:16:19.423183,35.0
1879,fe9e0b55-3601-4032-aecd-2578784f6335,2025-08-07,STR006,SKU1004,296,280.0,2025-11-04 11:16:19.423183,16.0
1880,fe9e0b55-3601-4032-aecd-2578784f6335,2025-08-07,STR006,SKU1005,143,171.0,2025-11-04 11:16:19.423183,28.0
1881,fe9e0b55-3601-4032-aecd-2578784f6335,2025-08-07,STR007,SKU1001,185,191.0,2025-11-04 11:16:19.423183,6.0
1882,fe9e0b55-3601-4032-aecd-2578784f6335,2025-08-07,STR007,SKU1002,306,281.0,2025-11-04 11:16:19.423183,25.0
1883,fe9e0b55-3601-4032-aecd-2578784f6335,2025-08-07,STR007,SKU1003,192,179.0,2025-11-04 11:16:19.423183,13.0
1884,fe9e0b55-3601-4032-aecd-2578784f6335,2025-08-07,STR007,SKU1004,144,154.0,2025-11-04 11:16:19.423183,10.0
1885,fe9e0b55-3601-4032-aecd-2578784f6335,2025-08-07,STR007,SKU1005,167,169.0,2025-11-04 11:16:19.423183,2.0
1886,fe9e0b55-3601-4032-aecd-2578784f6335,2025-08-07,STR008,SKU1001,108,93.0,2025-11-04 11:16:19.423183,15.0
1887,fe9e0b55-3601-4032-aecd-2578784f6335,2025-08-07,STR008,SKU1002,89,97.0,2025-11-04 11:16:19.423183,8.0
1888,fe9e0b55-3601-4032-aecd-2578784f6335,2025-08-07,STR008,SKU1003,67,92.0,2025-11-04 11:16:19.423183,25.0
1889,fe9e0b55-3601-4032-aecd-2578784f6335,2025-08-07,STR008,SKU1004,75,94.0,2025-11-04 11:16:19.423183,19.0
1890,fe9e0b55-3601-4032-aecd-2578784f6335,2025-08-07,STR008,SKU1005,98,116.0,2025-11-04 11:16:19.423183,18.0
1891,fe9e0b55-3601-4032-aecd-2578784f6335,2025-08-07,STR009,SKU1001,92,93.0,2025-11-04 11:16:19.423183,1.0
1892,fe9e0b55-3601-4032-aecd-2578784f6335,2025-08-07,STR009,SKU1002,70,67.0,2025-11-04 11:16:19.423183,3.0
1893,fe9e0b55-3601-4032-aecd-2578784f6335,2025-08-07,STR009,SKU1003,73,69.0,2025-11-04 11:16:19.423183,4.0
1894,fe9e0b55-3601-4032-aecd-2578784f6335,2025-08-07,STR009,SKU1004,66,65.0,2025-11-04 11:16:19.423183,1.0
1895,fe9e0b55-3601-4032-aecd-2578784f6335,2025-08-07,STR009,SKU1005,94,68.0,2025-11-04 11:16:19.423183,26.0
1896,fe9e0b55-3601-4032-aecd-2578784f6335,2025-08-07,STR010,SKU1001,75,109.0,2025-11-04 11:16:19.423183,34.0
1897,fe9e0b55-3601-4032-aecd-2578784f6335,2025-08-07,STR010,SKU1002,87,70.0,2025-11-04 11:16:19.423183,17.0
1898,fe9e0b55-3601-4032-aecd-2578784f6335,2025-08-07,STR010,SKU1003,71,68.0,2025-11-04 11:16:19.423183,3.0
1899,fe9e0b55-3601-4032-aecd-2578784f6335,2025-08-07,STR010,SKU1004,85,91.0,2025-11-04 11:16:19.423183,6.0
1900,fe9e0b55-3601-4032-aecd-2578784f6335,2025-08-07,STR010,SKU1005,90,97.0,2025-11-04 11:16:19.423183,7.0
1901,fe9e0b55-3601-4032-aecd-2578784f6335,2025-08-08,STR001,SKU1001,106,109.0,2025-11-04 11:16:19.423183,3.0
1902,fe9e0b55-3601-4032-aecd-2578784f6335,2025-08-08,STR001,SKU1002,62,64.0,2025-11-04 11:16:19.423183,2.0
1903,fe9e0b55-3601-4032-aecd-2578784f6335,2025-08-08,STR001,SKU1003,118,103.0,2025-11-04 11:16:19.423183,15.0
1904,fe9e0b55-3601-4032-aecd-2578784f6335,2025-08-08,STR001,SKU1004,123,97.0,2025-11-04 11:16:19.423183,26.0
1905,fe9e0b55-3601-4032-aecd-2578784f6335,2025-08-08,STR001,SKU1005,102,104.0,2025-11-04 11:16:19.423183,2.0
1906,fe9e0b55-3601-4032-aecd-2578784f6335,2025-08-08,STR002,SKU1001,13,11.0,2025-11-04 11:16:19.423183,2.0
1907,fe9e0b55-3601-4032-aecd-2578784f6335,2025-08-08,STR002,SKU1002,6,6.0,2025-11-04 11:16:19.423183,0.0
1908,fe9e0b55-3601-4032-aecd-2578784f6335,2025-08-08,STR002,SKU1003,24,24.0,2025-11-04 11:16:19.423183,0.0
1909,fe9e0b55-3601-4032-aecd-2578784f6335,2025-08-08,STR002,SKU1004,22,19.0,2025-11-04 11:16:19.423183,3.0
1910,fe9e0b55-3601-4032-aecd-2578784f6335,2025-08-08,STR002,SKU1005,19,15.0,2025-11-04 11:16:19.423183,4.0
1911,fe9e0b55-3601-4032-aecd-2578784f6335,2025-08-08,STR003,SKU1001,27,29.0,2025-11-04 11:16:19.423183,2.0
1912,fe9e0b55-3601-4032-aecd-2578784f6335,2025-08-08,STR003,SKU1002,18,19.0,2025-11-04 11:16:19.423183,1.0
1913,fe9e0b55-3601-4032-aecd-2578784f6335,2025-08-08,STR003,SKU1003,17,14.0,2025-11-04 11:16:19.423183,3.0
1914,fe9e0b55-3601-4032-aecd-2578784f6335,2025-08-08,STR003,SKU1004,24,22.0,2025-11-04 11:16:19.423183,2.0
1915,fe9e0b55-3601-4032-aecd-2578784f6335,2025-08-08,STR003,SKU1005,18,17.0,2025-11-04 11:16:19.423183,1.0
1916,fe9e0b55-3601-4032-aecd-2578784f6335,2025-08-08,STR004,SKU1001,92,102.0,2025-11-04 11:16:19.423183,10.0
1917,fe9e0b55-3601-4032-aecd-2578784f6335,2025-08-08,STR004,SKU1002,55,81.0,2025-11-04 11:16:19.423183,26.0
1918,fe9e0b55-3601-4032-aecd-2578784f6335,2025-08-08,STR004,SKU1003,60,70.0,2025-11-04 11:16:19.423183,10.0
1919,fe9e0b55-3601-4032-aecd-2578784f6335,2025-08-08,STR004,SKU1004,77,90.0,2025-11-04 11:16:19.423183,13.0
1920,fe9e0b55-3601-4032-aecd-2578784f6335,2025-08-08,STR004,SKU1005,93,91.0,2025-11-04 11:16:19.423183,2.0
1921,fe9e0b55-3601-4032-aecd-2578784f6335,2025-08-08,STR005,SKU1001,13,11.0,2025-11-04 11:16:19.423183,2.0
1922,fe9e0b55-3601-4032-aecd-2578784f6335,2025-08-08,STR005,SKU1002,6,7.0,2025-11-04 11:16:19.423183,1.0
1923,fe9e0b55-3601-4032-aecd-2578784f6335,2025-08-08,STR005,SKU1003,6,10.0,2025-11-04 11:16:19.423183,4.0
1924,fe9e0b55-3601-4032-aecd-2578784f6335,2025-08-08,STR005,SKU1004,14,13.0,2025-11-04 11:16:19.423183,1.0
1925,fe9e0b55-3601-4032-aecd-2578784f6335,2025-08-08,STR005,SKU1005,24,27.0,2025-11-04 11:16:19.423183,3.0
1926,fe9e0b55-3601-4032-aecd-2578784f6335,2025-08-08,STR006,SKU1001,217,227.0,2025-11-04 11:16:19.423183,10.0
1927,fe9e0b55-3601-4032-aecd-2578784f6335,2025-08-08,STR006,SKU1002,217,214.0,2025-11-04 11:16:19.423183,3.0
1928,fe9e0b55-3601-4032-aecd-2578784f6335,2025-08-08,STR006,SKU1003,255,257.0,2025-11-04 11:16:19.423183,2.0
1929,fe9e0b55-3601-4032-aecd-2578784f6335,2025-08-08,STR006,SKU1004,201,154.0,2025-11-04 11:16:19.423183,47.0
1930,fe9e0b55-3601-4032-aecd-2578784f6335,2025-08-08,STR006,SKU1005,183,180.0,2025-11-04 11:16:19.423183,3.0
1931,fe9e0b55-3601-4032-aecd-2578784f6335,2025-08-08,STR007,SKU1001,245,275.0,2025-11-04 11:16:19.423183,30.0
1932,fe9e0b55-3601-4032-aecd-2578784f6335,2025-08-08,STR007,SKU1002,200,168.0,2025-11-04 11:16:19.423183,32.0
1933,fe9e0b55-3601-4032-aecd-2578784f6335,2025-08-08,STR007,SKU1003,309,281.0,2025-11-04 11:16:19.423183,28.0
1934,fe9e0b55-3601-4032-aecd-2578784f6335,2025-08-08,STR007,SKU1004,359,297.0,2025-11-04 11:16:19.423183,62.0
1935,fe9e0b55-3601-4032-aecd-2578784f6335,2025-08-08,STR007,SKU1005,247,271.0,2025-11-04 11:16:19.423183,24.0
1936,fe9e0b55-3601-4032-aecd-2578784f6335,2025-08-08,STR008,SKU1001,111,85.0,2025-11-04 11:16:19.423183,26.0
1937,fe9e0b55-3601-4032-aecd-2578784f6335,2025-08-08,STR008,SKU1002,132,114.0,2025-11-04 11:16:19.423183,18.0
1938,fe9e0b55-3601-4032-aecd-2578784f6335,2025-08-08,STR008,SKU1003,56,61.0,2025-11-04 11:16:19.423183,5.0
1939,fe9e0b55-3601-4032-aecd-2578784f6335,2025-08-08,STR008,SKU1004,43,55.0,2025-11-04 11:16:19.423183,12.0
1940,fe9e0b55-3601-4032-aecd-2578784f6335,2025-08-08,STR008,SKU1005,83,74.0,2025-11-04 11:16:19.423183,9.0
1941,fe9e0b55-3601-4032-aecd-2578784f6335,2025-08-08,STR009,SKU1001,45,51.0,2025-11-04 11:16:19.423183,6.0
1942,fe9e0b55-3601-4032-aecd-2578784f6335,2025-08-08,STR009,SKU1002,82,72.0,2025-11-04 11:16:19.423183,10.0
1943,fe9e0b55-3601-4032-aecd-2578784f6335,2025-08-08,STR009,SKU1003,122,116.0,2025-11-04 11:16:19.423183,6.0
1944,fe9e0b55-3601-4032-aecd-2578784f6335,2025-08-08,STR009,SKU1004,53,56.0,2025-11-04 11:16:19.423183,3.0
1945,fe9e0b55-3601-4032-aecd-2578784f6335,2025-08-08,STR009,SKU1005,113,90.0,2025-11-04 11:16:19.423183,23.0
1946,fe9e0b55-3601-4032-aecd-2578784f6335,2025-08-08,STR010,SKU1001,97,89.0,2025-11-04 11:16:19.423183,8.0
1947,fe9e0b55-3601-4032-aecd-2578784f6335,2025-08-08,STR010,SKU1002,114,93.0,2025-11-04 11:16:19.423183,21.0
1948,fe9e0b55-3601-4032-aecd-2578784f6335,2025-08-08,STR010,SKU1003,90,82.0,2025-11-04 11:16:19.423183,8.0
1949,fe9e0b55-3601-4032-aecd-2578784f6335,2025-08-08,STR010,SKU1004,77,70.0,2025-11-04 11:16:19.423183,7.0
1950,fe9e0b55-3601-4032-aecd-2578784f6335,2025-08-08,STR010,SKU1005,67,60.0,2025-11-04 11:16:19.423183,7.0
1951,fe9e0b55-3601-4032-aecd-2578784f6335,2025-08-09,STR001,SKU1001,74,105.0,2025-11-04 11:16:19.423183,31.0
1952,fe9e0b55-3601-4032-aecd-2578784f6335,2025-08-09,STR001,SKU1002,87,67.0,2025-11-04 11:16:19.423183,20.0
1953,fe9e0b55-3601-4032-aecd-2578784f6335,2025-08-09,STR001,SKU1003,56,52.0,2025-11-04 11:16:19.423183,4.0
1954,fe9e0b55-3601-4032-aecd-2578784f6335,2025-08-09,STR001,SKU1004,95,94.0,2025-11-04 11:16:19.423183,1.0
1955,fe9e0b55-3601-4032-aecd-2578784f6335,2025-08-09,STR001,SKU1005,55,52.0,2025-11-04 11:16:19.423183,3.0
1956,fe9e0b55-3601-4032-aecd-2578784f6335,2025-08-09,STR002,SKU1001,31,28.0,2025-11-04 11:16:19.423183,3.0
1957,fe9e0b55-3601-4032-aecd-2578784f6335,2025-08-09,STR002,SKU1002,19,20.0,2025-11-04 11:16:19.423183,1.0
1958,fe9e0b55-3601-4032-aecd-2578784f6335,2025-08-09,STR002,SKU1003,24,25.0,2025-11-04 11:16:19.423183,1.0
1959,fe9e0b55-3601-4032-aecd-2578784f6335,2025-08-09,STR002,SKU1004,15,13.0,2025-11-04 11:16:19.423183,2.0
1960,fe9e0b55-3601-4032-aecd-2578784f6335,2025-08-09,STR002,SKU1005,21,25.0,2025-11-04 11:16:19.423183,4.0
1961,fe9e0b55-3601-4032-aecd-2578784f6335,2025-08-09,STR003,SKU1001,17,13.0,2025-11-04 11:16:19.423183,4.0
1962,fe9e0b55-3601-4032-aecd-2578784f6335,2025-08-09,STR003,SKU1002,30,29.0,2025-11-04 11:16:19.423183,1.0
1963,fe9e0b55-3601-4032-aecd-2578784f6335,2025-08-09,STR003,SKU1003,28,27.0,2025-11-04 11:16:19.423183,1.0
1964,fe9e0b55-3601-4032-aecd-2578784f6335,2025-08-09,STR003,SKU1004,4,6.0,2025-11-04 11:16:19.423183,2.0
1965,fe9e0b55-3601-4032-aecd-2578784f6335,2025-08-09,STR003,SKU1005,15,12.0,2025-11-04 11:16:19.423183,3.0
1966,fe9e0b55-3601-4032-aecd-2578784f6335,2025-08-09,STR004,SKU1001,82,81.0,2025-11-04 11:16:19.423183,1.0
1967,fe9e0b55-3601-4032-aecd-2578784f6335,2025-08-09,STR004,SKU1002,132,115.0,2025-11-04 11:16:19.423183,17.0
1968,fe9e0b55-3601-4032-aecd-2578784f6335,2025-08-09,STR004,SKU1003,66,95.0,2025-11-04 11:16:19.423183,29.0
1969,fe9e0b55-3601-4032-aecd-2578784f6335,2025-08-09,STR004,SKU1004,90,78.0,2025-11-04 11:16:19.423183,12.0
1970,fe9e0b55-3601-4032-aecd-2578784f6335,2025-08-09,STR004,SKU1005,44,56.0,2025-11-04 11:16:19.423183,12.0
1971,fe9e0b55-3601-4032-aecd-2578784f6335,2025-08-09,STR005,SKU1001,20,22.0,2025-11-04 11:16:19.423183,2.0
1972,fe9e0b55-3601-4032-aecd-2578784f6335,2025-08-09,STR005,SKU1002,13,11.0,2025-11-04 11:16:19.423183,2.0
1973,fe9e0b55-3601-4032-aecd-2578784f6335,2025-08-09,STR005,SKU1003,20,23.0,2025-11-04 11:16:19.423183,3.0
1974,fe9e0b55-3601-4032-aecd-2578784f6335,2025-08-09,STR005,SKU1004,20,25.0,2025-11-04 11:16:19.423183,5.0
1975,fe9e0b55-3601-4032-aecd-2578784f6335,2025-08-09,STR005,SKU1005,7,7.0,2025-11-04 11:16:19.423183,0.0
1976,fe9e0b55-3601-4032-aecd-2578784f6335,2025-08-09,STR006,SKU1001,205,242.0,2025-11-04 11:16:19.423183,37.0
1977,fe9e0b55-3601-4032-aecd-2578784f6335,2025-08-09,STR006,SKU1002,151,161.0,2025-11-04 11:16:19.423183,10.0
1978,fe9e0b55-3601-4032-aecd-2578784f6335,2025-08-09,STR006,SKU1003,204,175.0,2025-11-04 11:16:19.423183,29.0
1979,fe9e0b55-3601-4032-aecd-2578784f6335,2025-08-09,STR006,SKU1004,207,184.0,2025-11-04 11:16:19.423183,23.0
1980,fe9e0b55-3601-4032-aecd-2578784f6335,2025-08-09,STR006,SKU1005,223,256.0,2025-11-04 11:16:19.423183,33.0
1981,fe9e0b55-3601-4032-aecd-2578784f6335,2025-08-09,STR007,SKU1001,247,250.0,2025-11-04 11:16:19.423183,3.0
1982,fe9e0b55-3601-4032-aecd-2578784f6335,2025-08-09,STR007,SKU1002,262,280.0,2025-11-04 11:16:19.423183,18.0
1983,fe9e0b55-3601-4032-aecd-2578784f6335,2025-08-09,STR007,SKU1003,229,268.0,2025-11-04 11:16:19.423183,39.0
1984,fe9e0b55-3601-4032-aecd-2578784f6335,2025-08-09,STR007,SKU1004,289,265.0,2025-11-04 11:16:19.423183,24.0
1985,fe9e0b55-3601-4032-aecd-2578784f6335,2025-08-09,STR007,SKU1005,241,196.0,2025-11-04 11:16:19.423183,45.0
1986,fe9e0b55-3601-4032-aecd-2578784f6335,2025-08-09,STR008,SKU1001,86,108.0,2025-11-04 11:16:19.423183,22.0
1987,fe9e0b55-3601-4032-aecd-2578784f6335,2025-08-09,STR008,SKU1002,104,101.0,2025-11-04 11:16:19.423183,3.0
1988,fe9e0b55-3601-4032-aecd-2578784f6335,2025-08-09,STR008,SKU1003,76,69.0,2025-11-04 11:16:19.423183,7.0
1989,fe9e0b55-3601-4032-aecd-2578784f6335,2025-08-09,STR008,SKU1004,54,53.0,2025-11-04 11:16:19.423183,1.0
1990,fe9e0b55-3601-4032-aecd-2578784f6335,2025-08-09,STR008,SKU1005,57,55.0,2025-11-04 11:16:19.423183,2.0
1991,fe9e0b55-3601-4032-aecd-2578784f6335,2025-08-09,STR009,SKU1001,96,115.0,2025-11-04 11:16:19.423183,19.0
1992,fe9e0b55-3601-4032-aecd-2578784f6335,2025-08-09,STR009,SKU1002,61,92.0,2025-11-04 11:16:19.423183,31.0
1993,fe9e0b55-3601-4032-aecd-2578784f6335,2025-08-09,STR009,SKU1003,81,96.0,2025-11-04 11:16:19.423183,15.0
1994,fe9e0b55-3601-4032-aecd-2578784f6335,2025-08-09,STR009,SKU1004,123,107.0,2025-11-04 11:16:19.423183,16.0
1995,fe9e0b55-3601-4032-aecd-2578784f6335,2025-08-09,STR009,SKU1005,95,89.0,2025-11-04 11:16:19.423183,6.0
1996,fe9e0b55-3601-4032-aecd-2578784f6335,2025-08-09,STR010,SKU1001,84,107.0,2025-11-04 11:16:19.423183,23.0
1997,fe9e0b55-3601-4032-aecd-2578784f6335,2025-08-09,STR010,SKU1002,64,53.0,2025-11-04 11:16:19.423183,11.0
1998,fe9e0b55-3601-4032-aecd-2578784f6335,2025-08-09,STR010,SKU1003,106,119.0,2025-11-04 11:16:19.423183,13.0
1999,fe9e0b55-3601-4032-aecd-2578784f6335,2025-08-09,STR010,SKU1004,120,116.0,2025-11-04 11:16:19.423183,4.0
2000,fe9e0b55-3601-4032-aecd-2578784f6335,2025-08-09,STR010,SKU1005,45,50.0,2025-11-04 11:16:19.423183,5.0
2001,fe9e0b55-3601-4032-aecd-2578784f6335,2025-08-10,STR001,SKU1001,113,103.0,2025-11-04 11:16:19.423183,10.0
2002,fe9e0b55-3601-4032-aecd-2578784f6335,2025-08-10,STR001,SKU1002,67,62.0,2025-11-04 11:16:19.423183,5.0
2003,fe9e0b55-3601-4032-aecd-2578784f6335,2025-08-10,STR001,SKU1003,89,78.0,2025-11-04 11:16:19.423183,11.0
2004,fe9e0b55-3601-4032-aecd-2578784f6335,2025-08-10,STR001,SKU1004,69,77.0,2025-11-04 11:16:19.423183,8.0
2005,fe9e0b55-3601-4032-aecd-2578784f6335,2025-08-10,STR001,SKU1005,68,52.0,2025-11-04 11:16:19.423183,16.0
2006,fe9e0b55-3601-4032-aecd-2578784f6335,2025-08-10,STR002,SKU1001,18,16.0,2025-11-04 11:16:19.423183,2.0
2007,fe9e0b55-3601-4032-aecd-2578784f6335,2025-08-10,STR002,SKU1002,20,19.0,2025-11-04 11:16:19.423183,1.0
2008,fe9e0b55-3601-4032-aecd-2578784f6335,2025-08-10,STR002,SKU1003,17,17.0,2025-11-04 11:16:19.423183,0.0
2009,fe9e0b55-3601-4032-aecd-2578784f6335,2025-08-10,STR002,SKU1004,15,17.0,2025-11-04 11:16:19.423183,2.0
2010,fe9e0b55-3601-4032-aecd-2578784f6335,2025-08-10,STR002,SKU1005,15,14.0,2025-11-04 11:16:19.423183,1.0
2011,fe9e0b55-3601-4032-aecd-2578784f6335,2025-08-10,STR003,SKU1001,12,10.0,2025-11-04 11:16:19.423183,2.0
2012,fe9e0b55-3601-4032-aecd-2578784f6335,2025-08-10,STR003,SKU1002,23,23.0,2025-11-04 11:16:19.423183,0.0
2013,fe9e0b55-3601-4032-aecd-2578784f6335,2025-08-10,STR003,SKU1003,8,8.0,2025-11-04 11:16:19.423183,0.0
2014,fe9e0b55-3601-4032-aecd-2578784f6335,2025-08-10,STR003,SKU1004,27,21.0,2025-11-04 11:16:19.423183,6.0
2015,fe9e0b55-3601-4032-aecd-2578784f6335,2025-08-10,STR003,SKU1005,6,6.0,2025-11-04 11:16:19.423183,0.0
2016,fe9e0b55-3601-4032-aecd-2578784f6335,2025-08-10,STR004,SKU1001,53,54.0,2025-11-04 11:16:19.423183,1.0
2017,fe9e0b55-3601-4032-aecd-2578784f6335,2025-08-10,STR004,SKU1002,95,73.0,2025-11-04 11:16:19.423183,22.0
2018,fe9e0b55-3601-4032-aecd-2578784f6335,2025-08-10,STR004,SKU1003,76,115.0,2025-11-04 11:16:19.423183,39.0
2019,fe9e0b55-3601-4032-aecd-2578784f6335,2025-08-10,STR004,SKU1004,73,64.0,2025-11-04 11:16:19.423183,9.0
2020,fe9e0b55-3601-4032-aecd-2578784f6335,2025-08-10,STR004,SKU1005,77,65.0,2025-11-04 11:16:19.423183,12.0
2021,fe9e0b55-3601-4032-aecd-2578784f6335,2025-08-10,STR005,SKU1001,18,17.0,2025-11-04 11:16:19.423183,1.0
2022,fe9e0b55-3601-4032-aecd-2578784f6335,2025-08-10,STR005,SKU1002,3,5.0,2025-11-04 11:16:19.423183,2.0
2023,fe9e0b55-3601-4032-aecd-2578784f6335,2025-08-10,STR005,SKU1003,6,6.0,2025-11-04 11:16:19.423183,0.0
2024,fe9e0b55-3601-4032-aecd-2578784f6335,2025-08-10,STR005,SKU1004,8,6.0,2025-11-04 11:16:19.423183,2.0
2025,fe9e0b55-3601-4032-aecd-2578784f6335,2025-08-10,STR005,SKU1005,26,29.0,2025-11-04 11:16:19.423183,3.0
2026,fe9e0b55-3601-4032-aecd-2578784f6335,2025-08-10,STR006,SKU1001,265,284.0,2025-11-04 11:16:19.423183,19.0
2027,fe9e0b55-3601-4032-aecd-2578784f6335,2025-08-10,STR006,SKU1002,121,161.0,2025-11-04 11:16:19.423183,40.0
2028,fe9e0b55-3601-4032-aecd-2578784f6335,2025-08-10,STR006,SKU1003,208,217.0,2025-11-04 11:16:19.423183,9.0
2029,fe9e0b55-3601-4032-aecd-2578784f6335,2025-08-10,STR006,SKU1004,198,191.0,2025-11-04 11:16:19.423183,7.0
2030,fe9e0b55-3601-4032-aecd-2578784f6335,2025-08-10,STR006,SKU1005,242,228.0,2025-11-04 11:16:19.423183,14.0
2031,fe9e0b55-3601-4032-aecd-2578784f6335,2025-08-10,STR007,SKU1001,184,214.0,2025-11-04 11:16:19.423183,30.0
2032,fe9e0b55-3601-4032-aecd-2578784f6335,2025-08-10,STR007,SKU1002,160,176.0,2025-11-04 11:16:19.423183,16.0
2033,fe9e0b55-3601-4032-aecd-2578784f6335,2025-08-10,STR007,SKU1003,211,173.0,2025-11-04 11:16:19.423183,38.0
2034,fe9e0b55-3601-4032-aecd-2578784f6335,2025-08-10,STR007,SKU1004,164,166.0,2025-11-04 11:16:19.423183,2.0
2035,fe9e0b55-3601-4032-aecd-2578784f6335,2025-08-10,STR007,SKU1005,283,297.0,2025-11-04 11:16:19.423183,14.0
2036,fe9e0b55-3601-4032-aecd-2578784f6335,2025-08-10,STR008,SKU1001,91,94.0,2025-11-04 11:16:19.423183,3.0
2037,fe9e0b55-3601-4032-aecd-2578784f6335,2025-08-10,STR008,SKU1002,89,115.0,2025-11-04 11:16:19.423183,26.0
2038,fe9e0b55-3601-4032-aecd-2578784f6335,2025-08-10,STR008,SKU1003,84,75.0,2025-11-04 11:16:19.423183,9.0
2039,fe9e0b55-3601-4032-aecd-2578784f6335,2025-08-10,STR008,SKU1004,92,77.0,2025-11-04 11:16:19.423183,15.0
2040,fe9e0b55-3601-4032-aecd-2578784f6335,2025-08-10,STR008,SKU1005,84,99.0,2025-11-04 11:16:19.423183,15.0
2041,fe9e0b55-3601-4032-aecd-2578784f6335,2025-08-10,STR009,SKU1001,111,93.0,2025-11-04 11:16:19.423183,18.0
2042,fe9e0b55-3601-4032-aecd-2578784f6335,2025-08-10,STR009,SKU1002,69,55.0,2025-11-04 11:16:19.423183,14.0
2043,fe9e0b55-3601-4032-aecd-2578784f6335,2025-08-10,STR009,SKU1003,66,63.0,2025-11-04 11:16:19.423183,3.0
2044,fe9e0b55-3601-4032-aecd-2578784f6335,2025-08-10,STR009,SKU1004,67,70.0,2025-11-04 11:16:19.423183,3.0
2045,fe9e0b55-3601-4032-aecd-2578784f6335,2025-08-10,STR009,SKU1005,51,51.0,2025-11-04 11:16:19.423183,0.0
2046,fe9e0b55-3601-4032-aecd-2578784f6335,2025-08-10,STR010,SKU1001,84,85.0,2025-11-04 11:16:19.423183,1.0
2047,fe9e0b55-3601-4032-aecd-2578784f6335,2025-08-10,STR010,SKU1002,114,106.0,2025-11-04 11:16:19.423183,8.0
2048,fe9e0b55-3601-4032-aecd-2578784f6335,2025-08-10,STR010,SKU1003,104,107.0,2025-11-04 11:16:19.423183,3.0
2049,fe9e0b55-3601-4032-aecd-2578784f6335,2025-08-10,STR010,SKU1004,121,112.0,2025-11-04 11:16:19.423183,9.0
2050,fe9e0b55-3601-4032-aecd-2578784f6335,2025-08-10,STR010,SKU1005,69,83.0,2025-11-04 11:16:19.423183,14.0
2051,fe9e0b55-3601-4032-aecd-2578784f6335,2025-08-11,STR001,SKU1001,43,58.0,2025-11-04 11:16:19.423183,15.0
2052,fe9e0b55-3601-4032-aecd-2578784f6335,2025-08-11,STR001,SKU1002,77,71.0,2025-11-04 11:16:19.423183,6.0
2053,fe9e0b55-3601-4032-aecd-2578784f6335,2025-08-11,STR001,SKU1003,85,81.0,2025-11-04 11:16:19.423183,4.0
2054,fe9e0b55-3601-4032-aecd-2578784f6335,2025-08-11,STR001,SKU1004,91,62.0,2025-11-04 11:16:19.423183,29.0
2055,fe9e0b55-3601-4032-aecd-2578784f6335,2025-08-11,STR001,SKU1005,75,84.0,2025-11-04 11:16:19.423183,9.0
2056,fe9e0b55-3601-4032-aecd-2578784f6335,2025-08-11,STR002,SKU1001,10,13.0,2025-11-04 11:16:19.423183,3.0
2057,fe9e0b55-3601-4032-aecd-2578784f6335,2025-08-11,STR002,SKU1002,19,24.0,2025-11-04 11:16:19.423183,5.0
2058,fe9e0b55-3601-4032-aecd-2578784f6335,2025-08-11,STR002,SKU1003,7,7.0,2025-11-04 11:16:19.423183,0.0
2059,fe9e0b55-3601-4032-aecd-2578784f6335,2025-08-11,STR002,SKU1004,17,20.0,2025-11-04 11:16:19.423183,3.0
2060,fe9e0b55-3601-4032-aecd-2578784f6335,2025-08-11,STR002,SKU1005,10,10.0,2025-11-04 11:16:19.423183,0.0
2061,fe9e0b55-3601-4032-aecd-2578784f6335,2025-08-11,STR003,SKU1001,15,20.0,2025-11-04 11:16:19.423183,5.0
2062,fe9e0b55-3601-4032-aecd-2578784f6335,2025-08-11,STR003,SKU1002,28,28.0,2025-11-04 11:16:19.423183,0.0
2063,fe9e0b55-3601-4032-aecd-2578784f6335,2025-08-11,STR003,SKU1003,21,18.0,2025-11-04 11:16:19.423183,3.0
2064,fe9e0b55-3601-4032-aecd-2578784f6335,2025-08-11,STR003,SKU1004,6,5.0,2025-11-04 11:16:19.423183,1.0
2065,fe9e0b55-3601-4032-aecd-2578784f6335,2025-08-11,STR003,SKU1005,24,23.0,2025-11-04 11:16:19.423183,1.0
2066,fe9e0b55-3601-4032-aecd-2578784f6335,2025-08-11,STR004,SKU1001,114,115.0,2025-11-04 11:16:19.423183,1.0
2067,fe9e0b55-3601-4032-aecd-2578784f6335,2025-08-11,STR004,SKU1002,72,81.0,2025-11-04 11:16:19.423183,9.0
2068,fe9e0b55-3601-4032-aecd-2578784f6335,2025-08-11,STR004,SKU1003,78,79.0,2025-11-04 11:16:19.423183,1.0
2069,fe9e0b55-3601-4032-aecd-2578784f6335,2025-08-11,STR004,SKU1004,82,82.0,2025-11-04 11:16:19.423183,0.0
2070,fe9e0b55-3601-4032-aecd-2578784f6335,2025-08-11,STR004,SKU1005,59,57.0,2025-11-04 11:16:19.423183,2.0
2071,fe9e0b55-3601-4032-aecd-2578784f6335,2025-08-11,STR005,SKU1001,9,7.0,2025-11-04 11:16:19.423183,2.0
2072,fe9e0b55-3601-4032-aecd-2578784f6335,2025-08-11,STR005,SKU1002,11,10.0,2025-11-04 11:16:19.423183,1.0
2073,fe9e0b55-3601-4032-aecd-2578784f6335,2025-08-11,STR005,SKU1003,28,25.0,2025-11-04 11:16:19.423183,3.0
2074,fe9e0b55-3601-4032-aecd-2578784f6335,2025-08-11,STR005,SKU1004,22,27.0,2025-11-04 11:16:19.423183,5.0
2075,fe9e0b55-3601-4032-aecd-2578784f6335,2025-08-11,STR005,SKU1005,18,17.0,2025-11-04 11:16:19.423183,1.0
2076,fe9e0b55-3601-4032-aecd-2578784f6335,2025-08-11,STR006,SKU1001,126,153.0,2025-11-04 11:16:19.423183,27.0
2077,fe9e0b55-3601-4032-aecd-2578784f6335,2025-08-11,STR006,SKU1002,231,223.0,2025-11-04 11:16:19.423183,8.0
2078,fe9e0b55-3601-4032-aecd-2578784f6335,2025-08-11,STR006,SKU1003,271,290.0,2025-11-04 11:16:19.423183,19.0
2079,fe9e0b55-3601-4032-aecd-2578784f6335,2025-08-11,STR006,SKU1004,251,267.0,2025-11-04 11:16:19.423183,16.0
2080,fe9e0b55-3601-4032-aecd-2578784f6335,2025-08-11,STR006,SKU1005,186,211.0,2025-11-04 11:16:19.423183,25.0
2081,fe9e0b55-3601-4032-aecd-2578784f6335,2025-08-11,STR007,SKU1001,248,289.0,2025-11-04 11:16:19.423183,41.0
2082,fe9e0b55-3601-4032-aecd-2578784f6335,2025-08-11,STR007,SKU1002,244,278.0,2025-11-04 11:16:19.423183,34.0
2083,fe9e0b55-3601-4032-aecd-2578784f6335,2025-08-11,STR007,SKU1003,216,175.0,2025-11-04 11:16:19.423183,41.0
2084,fe9e0b55-3601-4032-aecd-2578784f6335,2025-08-11,STR007,SKU1004,235,218.0,2025-11-04 11:16:19.423183,17.0
2085,fe9e0b55-3601-4032-aecd-2578784f6335,2025-08-11,STR007,SKU1005,308,288.0,2025-11-04 11:16:19.423183,20.0
2086,fe9e0b55-3601-4032-aecd-2578784f6335,2025-08-11,STR008,SKU1001,132,119.0,2025-11-04 11:16:19.423183,13.0
2087,fe9e0b55-3601-4032-aecd-2578784f6335,2025-08-11,STR008,SKU1002,95,109.0,2025-11-04 11:16:19.423183,14.0
2088,fe9e0b55-3601-4032-aecd-2578784f6335,2025-08-11,STR008,SKU1003,85,92.0,2025-11-04 11:16:19.423183,7.0
2089,fe9e0b55-3601-4032-aecd-2578784f6335,2025-08-11,STR008,SKU1004,92,88.0,2025-11-04 11:16:19.423183,4.0
2090,fe9e0b55-3601-4032-aecd-2578784f6335,2025-08-11,STR008,SKU1005,130,118.0,2025-11-04 11:16:19.423183,12.0
2091,fe9e0b55-3601-4032-aecd-2578784f6335,2025-08-11,STR009,SKU1001,56,57.0,2025-11-04 11:16:19.423183,1.0
2092,fe9e0b55-3601-4032-aecd-2578784f6335,2025-08-11,STR009,SKU1002,71,61.0,2025-11-04 11:16:19.423183,10.0
2093,fe9e0b55-3601-4032-aecd-2578784f6335,2025-08-11,STR009,SKU1003,66,64.0,2025-11-04 11:16:19.423183,2.0
2094,fe9e0b55-3601-4032-aecd-2578784f6335,2025-08-11,STR009,SKU1004,53,68.0,2025-11-04 11:16:19.423183,15.0
2095,fe9e0b55-3601-4032-aecd-2578784f6335,2025-08-11,STR009,SKU1005,62,61.0,2025-11-04 11:16:19.423183,1.0
2096,fe9e0b55-3601-4032-aecd-2578784f6335,2025-08-11,STR010,SKU1001,51,53.0,2025-11-04 11:16:19.423183,2.0
2097,fe9e0b55-3601-4032-aecd-2578784f6335,2025-08-11,STR010,SKU1002,112,115.0,2025-11-04 11:16:19.423183,3.0
2098,fe9e0b55-3601-4032-aecd-2578784f6335,2025-08-11,STR010,SKU1003,74,74.0,2025-11-04 11:16:19.423183,0.0
2099,fe9e0b55-3601-4032-aecd-2578784f6335,2025-08-11,STR010,SKU1004,62,60.0,2025-11-04 11:16:19.423183,2.0
2100,fe9e0b55-3601-4032-aecd-2578784f6335,2025-08-11,STR010,SKU1005,50,65.0,2025-11-04 11:16:19.423183,15.0
2101,fe9e0b55-3601-4032-aecd-2578784f6335,2025-08-12,STR001,SKU1001,80,72.0,2025-11-04 11:16:19.423183,8.0
2102,fe9e0b55-3601-4032-aecd-2578784f6335,2025-08-12,STR001,SKU1002,115,116.0,2025-11-04 11:16:19.423183,1.0
2103,fe9e0b55-3601-4032-aecd-2578784f6335,2025-08-12,STR001,SKU1003,88,87.0,2025-11-04 11:16:19.423183,1.0
2104,fe9e0b55-3601-4032-aecd-2578784f6335,2025-08-12,STR001,SKU1004,99,106.0,2025-11-04 11:16:19.423183,7.0
2105,fe9e0b55-3601-4032-aecd-2578784f6335,2025-08-12,STR001,SKU1005,71,73.0,2025-11-04 11:16:19.423183,2.0
2106,fe9e0b55-3601-4032-aecd-2578784f6335,2025-08-12,STR002,SKU1001,21,21.0,2025-11-04 11:16:19.423183,0.0
2107,fe9e0b55-3601-4032-aecd-2578784f6335,2025-08-12,STR002,SKU1002,22,20.0,2025-11-04 11:16:19.423183,2.0
2108,fe9e0b55-3601-4032-aecd-2578784f6335,2025-08-12,STR002,SKU1003,22,25.0,2025-11-04 11:16:19.423183,3.0
2109,fe9e0b55-3601-4032-aecd-2578784f6335,2025-08-12,STR002,SKU1004,32,27.0,2025-11-04 11:16:19.423183,5.0
2110,fe9e0b55-3601-4032-aecd-2578784f6335,2025-08-12,STR002,SKU1005,15,13.0,2025-11-04 11:16:19.423183,2.0
2111,fe9e0b55-3601-4032-aecd-2578784f6335,2025-08-12,STR003,SKU1001,11,15.0,2025-11-04 11:16:19.423183,4.0
2112,fe9e0b55-3601-4032-aecd-2578784f6335,2025-08-12,STR003,SKU1002,8,8.0,2025-11-04 11:16:19.423183,0.0
2113,fe9e0b55-3601-4032-aecd-2578784f6335,2025-08-12,STR003,SKU1003,14,14.0,2025-11-04 11:16:19.423183,0.0
2114,fe9e0b55-3601-4032-aecd-2578784f6335,2025-08-12,STR003,SKU1004,14,20.0,2025-11-04 11:16:19.423183,6.0
2115,fe9e0b55-3601-4032-aecd-2578784f6335,2025-08-12,STR003,SKU1005,30,29.0,2025-11-04 11:16:19.423183,1.0
2116,fe9e0b55-3601-4032-aecd-2578784f6335,2025-08-12,STR004,SKU1001,108,119.0,2025-11-04 11:16:19.423183,11.0
2117,fe9e0b55-3601-4032-aecd-2578784f6335,2025-08-12,STR004,SKU1002,72,97.0,2025-11-04 11:16:19.423183,25.0
2118,fe9e0b55-3601-4032-aecd-2578784f6335,2025-08-12,STR004,SKU1003,71,77.0,2025-11-04 11:16:19.423183,6.0
2119,fe9e0b55-3601-4032-aecd-2578784f6335,2025-08-12,STR004,SKU1004,49,56.0,2025-11-04 11:16:19.423183,7.0
2120,fe9e0b55-3601-4032-aecd-2578784f6335,2025-08-12,STR004,SKU1005,115,116.0,2025-11-04 11:16:19.423183,1.0
2121,fe9e0b55-3601-4032-aecd-2578784f6335,2025-08-12,STR005,SKU1001,32,29.0,2025-11-04 11:16:19.423183,3.0
2122,fe9e0b55-3601-4032-aecd-2578784f6335,2025-08-12,STR005,SKU1002,27,29.0,2025-11-04 11:16:19.423183,2.0
2123,fe9e0b55-3601-4032-aecd-2578784f6335,2025-08-12,STR005,SKU1003,5,5.0,2025-11-04 11:16:19.423183,0.0
2124,fe9e0b55-3601-4032-aecd-2578784f6335,2025-08-12,STR005,SKU1004,15,16.0,2025-11-04 11:16:19.423183,1.0
2125,fe9e0b55-3601-4032-aecd-2578784f6335,2025-08-12,STR005,SKU1005,10,8.0,2025-11-04 11:16:19.423183,2.0
2126,fe9e0b55-3601-4032-aecd-2578784f6335,2025-08-12,STR006,SKU1001,328,277.0,2025-11-04 11:16:19.423183,51.0
2127,fe9e0b55-3601-4032-aecd-2578784f6335,2025-08-12,STR006,SKU1002,224,211.0,2025-11-04 11:16:19.423183,13.0
2128,fe9e0b55-3601-4032-aecd-2578784f6335,2025-08-12,STR006,SKU1003,352,289.0,2025-11-04 11:16:19.423183,63.0
2129,fe9e0b55-3601-4032-aecd-2578784f6335,2025-08-12,STR006,SKU1004,278,297.0,2025-11-04 11:16:19.423183,19.0
2130,fe9e0b55-3601-4032-aecd-2578784f6335,2025-08-12,STR006,SKU1005,97,153.0,2025-11-04 11:16:19.423183,56.0
2131,fe9e0b55-3601-4032-aecd-2578784f6335,2025-08-12,STR007,SKU1001,169,163.0,2025-11-04 11:16:19.423183,6.0
2132,fe9e0b55-3601-4032-aecd-2578784f6335,2025-08-12,STR007,SKU1002,271,251.0,2025-11-04 11:16:19.423183,20.0
2133,fe9e0b55-3601-4032-aecd-2578784f6335,2025-08-12,STR007,SKU1003,257,281.0,2025-11-04 11:16:19.423183,24.0
2134,fe9e0b55-3601-4032-aecd-2578784f6335,2025-08-12,STR007,SKU1004,228,275.0,2025-11-04 11:16:19.423183,47.0
2135,fe9e0b55-3601-4032-aecd-2578784f6335,2025-08-12,STR007,SKU1005,352,297.0,2025-11-04 11:16:19.423183,55.0
2136,fe9e0b55-3601-4032-aecd-2578784f6335,2025-08-12,STR008,SKU1001,72,104.0,2025-11-04 11:16:19.423183,32.0
2137,fe9e0b55-3601-4032-aecd-2578784f6335,2025-08-12,STR008,SKU1002,83,67.0,2025-11-04 11:16:19.423183,16.0
2138,fe9e0b55-3601-4032-aecd-2578784f6335,2025-08-12,STR008,SKU1003,55,68.0,2025-11-04 11:16:19.423183,13.0
2139,fe9e0b55-3601-4032-aecd-2578784f6335,2025-08-12,STR008,SKU1004,50,55.0,2025-11-04 11:16:19.423183,5.0
2140,fe9e0b55-3601-4032-aecd-2578784f6335,2025-08-12,STR008,SKU1005,136,118.0,2025-11-04 11:16:19.423183,18.0
2141,fe9e0b55-3601-4032-aecd-2578784f6335,2025-08-12,STR009,SKU1001,57,59.0,2025-11-04 11:16:19.423183,2.0
2142,fe9e0b55-3601-4032-aecd-2578784f6335,2025-08-12,STR009,SKU1002,111,105.0,2025-11-04 11:16:19.423183,6.0
2143,fe9e0b55-3601-4032-aecd-2578784f6335,2025-08-12,STR009,SKU1003,78,79.0,2025-11-04 11:16:19.423183,1.0
2144,fe9e0b55-3601-4032-aecd-2578784f6335,2025-08-12,STR009,SKU1004,72,74.0,2025-11-04 11:16:19.423183,2.0
2145,fe9e0b55-3601-4032-aecd-2578784f6335,2025-08-12,STR009,SKU1005,100,90.0,2025-11-04 11:16:19.423183,10.0
2146,fe9e0b55-3601-4032-aecd-2578784f6335,2025-08-12,STR010,SKU1001,52,54.0,2025-11-04 11:16:19.423183,2.0
2147,fe9e0b55-3601-4032-aecd-2578784f6335,2025-08-12,STR010,SKU1002,80,101.0,2025-11-04 11:16:19.423183,21.0
2148,fe9e0b55-3601-4032-aecd-2578784f6335,2025-08-12,STR010,SKU1003,91,83.0,2025-11-04 11:16:19.423183,8.0
2149,fe9e0b55-3601-4032-aecd-2578784f6335,2025-08-12,STR010,SKU1004,69,68.0,2025-11-04 11:16:19.423183,1.0
2150,fe9e0b55-3601-4032-aecd-2578784f6335,2025-08-12,STR010,SKU1005,93,92.0,2025-11-04 11:16:19.423183,1.0
2151,fe9e0b55-3601-4032-aecd-2578784f6335,2025-08-13,STR001,SKU1001,102,98.0,2025-11-04 11:16:19.423183,4.0
2152,fe9e0b55-3601-4032-aecd-2578784f6335,2025-08-13,STR001,SKU1002,135,106.0,2025-11-04 11:16:19.423183,29.0
2153,fe9e0b55-3601-4032-aecd-2578784f6335,2025-08-13,STR001,SKU1003,60,71.0,2025-11-04 11:16:19.423183,11.0
2154,fe9e0b55-3601-4032-aecd-2578784f6335,2025-08-13,STR001,SKU1004,63,58.0,2025-11-04 11:16:19.423183,5.0
2155,fe9e0b55-3601-4032-aecd-2578784f6335,2025-08-13,STR001,SKU1005,125,117.0,2025-11-04 11:16:19.423183,8.0
2156,fe9e0b55-3601-4032-aecd-2578784f6335,2025-08-13,STR002,SKU1001,10,9.0,2025-11-04 11:16:19.423183,1.0
2157,fe9e0b55-3601-4032-aecd-2578784f6335,2025-08-13,STR002,SKU1002,29,22.0,2025-11-04 11:16:19.423183,7.0
2158,fe9e0b55-3601-4032-aecd-2578784f6335,2025-08-13,STR002,SKU1003,26,21.0,2025-11-04 11:16:19.423183,5.0
2159,fe9e0b55-3601-4032-aecd-2578784f6335,2025-08-13,STR002,SKU1004,11,9.0,2025-11-04 11:16:19.423183,2.0
2160,fe9e0b55-3601-4032-aecd-2578784f6335,2025-08-13,STR002,SKU1005,26,26.0,2025-11-04 11:16:19.423183,0.0
2161,fe9e0b55-3601-4032-aecd-2578784f6335,2025-08-13,STR003,SKU1001,23,22.0,2025-11-04 11:16:19.423183,1.0
2162,fe9e0b55-3601-4032-aecd-2578784f6335,2025-08-13,STR003,SKU1002,12,13.0,2025-11-04 11:16:19.423183,1.0
2163,fe9e0b55-3601-4032-aecd-2578784f6335,2025-08-13,STR003,SKU1003,9,12.0,2025-11-04 11:16:19.423183,3.0
2164,fe9e0b55-3601-4032-aecd-2578784f6335,2025-08-13,STR003,SKU1004,31,27.0,2025-11-04 11:16:19.423183,4.0
2165,fe9e0b55-3601-4032-aecd-2578784f6335,2025-08-13,STR003,SKU1005,16,16.0,2025-11-04 11:16:19.423183,0.0
2166,fe9e0b55-3601-4032-aecd-2578784f6335,2025-08-13,STR004,SKU1001,100,111.0,2025-11-04 11:16:19.423183,11.0
2167,fe9e0b55-3601-4032-aecd-2578784f6335,2025-08-13,STR004,SKU1002,104,94.0,2025-11-04 11:16:19.423183,10.0
2168,fe9e0b55-3601-4032-aecd-2578784f6335,2025-08-13,STR004,SKU1003,90,89.0,2025-11-04 11:16:19.423183,1.0
2169,fe9e0b55-3601-4032-aecd-2578784f6335,2025-08-13,STR004,SKU1004,106,118.0,2025-11-04 11:16:19.423183,12.0
2170,fe9e0b55-3601-4032-aecd-2578784f6335,2025-08-13,STR004,SKU1005,54,76.0,2025-11-04 11:16:19.423183,22.0
2171,fe9e0b55-3601-4032-aecd-2578784f6335,2025-08-13,STR005,SKU1001,7,6.0,2025-11-04 11:16:19.423183,1.0
2172,fe9e0b55-3601-4032-aecd-2578784f6335,2025-08-13,STR005,SKU1002,8,7.0,2025-11-04 11:16:19.423183,1.0
2173,fe9e0b55-3601-4032-aecd-2578784f6335,2025-08-13,STR005,SKU1003,27,23.0,2025-11-04 11:16:19.423183,4.0
2174,fe9e0b55-3601-4032-aecd-2578784f6335,2025-08-13,STR005,SKU1004,6,6.0,2025-11-04 11:16:19.423183,0.0
2175,fe9e0b55-3601-4032-aecd-2578784f6335,2025-08-13,STR005,SKU1005,16,21.0,2025-11-04 11:16:19.423183,5.0
2176,fe9e0b55-3601-4032-aecd-2578784f6335,2025-08-13,STR006,SKU1001,265,298.0,2025-11-04 11:16:19.423183,33.0
2177,fe9e0b55-3601-4032-aecd-2578784f6335,2025-08-13,STR006,SKU1002,194,217.0,2025-11-04 11:16:19.423183,23.0
2178,fe9e0b55-3601-4032-aecd-2578784f6335,2025-08-13,STR006,SKU1003,249,278.0,2025-11-04 11:16:19.423183,29.0
2179,fe9e0b55-3601-4032-aecd-2578784f6335,2025-08-13,STR006,SKU1004,220,208.0,2025-11-04 11:16:19.423183,12.0
2180,fe9e0b55-3601-4032-aecd-2578784f6335,2025-08-13,STR006,SKU1005,215,221.0,2025-11-04 11:16:19.423183,6.0
2181,fe9e0b55-3601-4032-aecd-2578784f6335,2025-08-13,STR007,SKU1001,154,210.0,2025-11-04 11:16:19.423183,56.0
2182,fe9e0b55-3601-4032-aecd-2578784f6335,2025-08-13,STR007,SKU1002,307,238.0,2025-11-04 11:16:19.423183,69.0
2183,fe9e0b55-3601-4032-aecd-2578784f6335,2025-08-13,STR007,SKU1003,172,191.0,2025-11-04 11:16:19.423183,19.0
2184,fe9e0b55-3601-4032-aecd-2578784f6335,2025-08-13,STR007,SKU1004,317,272.0,2025-11-04 11:16:19.423183,45.0
2185,fe9e0b55-3601-4032-aecd-2578784f6335,2025-08-13,STR007,SKU1005,160,188.0,2025-11-04 11:16:19.423183,28.0
2186,fe9e0b55-3601-4032-aecd-2578784f6335,2025-08-13,STR008,SKU1001,66,88.0,2025-11-04 11:16:19.423183,22.0
2187,fe9e0b55-3601-4032-aecd-2578784f6335,2025-08-13,STR008,SKU1002,82,87.0,2025-11-04 11:16:19.423183,5.0
2188,fe9e0b55-3601-4032-aecd-2578784f6335,2025-08-13,STR008,SKU1003,115,118.0,2025-11-04 11:16:19.423183,3.0
2189,fe9e0b55-3601-4032-aecd-2578784f6335,2025-08-13,STR008,SKU1004,58,70.0,2025-11-04 11:16:19.423183,12.0
2190,fe9e0b55-3601-4032-aecd-2578784f6335,2025-08-13,STR008,SKU1005,72,62.0,2025-11-04 11:16:19.423183,10.0
2191,fe9e0b55-3601-4032-aecd-2578784f6335,2025-08-13,STR009,SKU1001,49,58.0,2025-11-04 11:16:19.423183,9.0
2192,fe9e0b55-3601-4032-aecd-2578784f6335,2025-08-13,STR009,SKU1002,71,66.0,2025-11-04 11:16:19.423183,5.0
2193,fe9e0b55-3601-4032-aecd-2578784f6335,2025-08-13,STR009,SKU1003,82,88.0,2025-11-04 11:16:19.423183,6.0
2194,fe9e0b55-3601-4032-aecd-2578784f6335,2025-08-13,STR009,SKU1004,60,57.0,2025-11-04 11:16:19.423183,3.0
2195,fe9e0b55-3601-4032-aecd-2578784f6335,2025-08-13,STR009,SKU1005,77,73.0,2025-11-04 11:16:19.423183,4.0
2196,fe9e0b55-3601-4032-aecd-2578784f6335,2025-08-13,STR010,SKU1001,116,113.0,2025-11-04 11:16:19.423183,3.0
2197,fe9e0b55-3601-4032-aecd-2578784f6335,2025-08-13,STR010,SKU1002,91,82.0,2025-11-04 11:16:19.423183,9.0
2198,fe9e0b55-3601-4032-aecd-2578784f6335,2025-08-13,STR010,SKU1003,84,86.0,2025-11-04 11:16:19.423183,2.0
2199,fe9e0b55-3601-4032-aecd-2578784f6335,2025-08-13,STR010,SKU1004,83,81.0,2025-11-04 11:16:19.423183,2.0
2200,fe9e0b55-3601-4032-aecd-2578784f6335,2025-08-13,STR010,SKU1005,100,95.0,2025-11-04 11:16:19.423183,5.0
2201,fe9e0b55-3601-4032-aecd-2578784f6335,2025-08-14,STR001,SKU1001,111,114.0,2025-11-04 11:16:19.423183,3.0
2202,fe9e0b55-3601-4032-aecd-2578784f6335,2025-08-14,STR001,SKU1002,126,109.0,2025-11-04 11:16:19.423183,17.0
2203,fe9e0b55-3601-4032-aecd-2578784f6335,2025-08-14,STR001,SKU1003,59,77.0,2025-11-04 11:16:19.423183,18.0
2204,fe9e0b55-3601-4032-aecd-2578784f6335,2025-08-14,STR001,SKU1004,93,79.0,2025-11-04 11:16:19.423183,14.0
2205,fe9e0b55-3601-4032-aecd-2578784f6335,2025-08-14,STR001,SKU1005,74,79.0,2025-11-04 11:16:19.423183,5.0
2206,fe9e0b55-3601-4032-aecd-2578784f6335,2025-08-14,STR002,SKU1001,7,6.0,2025-11-04 11:16:19.423183,1.0
2207,fe9e0b55-3601-4032-aecd-2578784f6335,2025-08-14,STR002,SKU1002,30,25.0,2025-11-04 11:16:19.423183,5.0
2208,fe9e0b55-3601-4032-aecd-2578784f6335,2025-08-14,STR002,SKU1003,20,16.0,2025-11-04 11:16:19.423183,4.0
2209,fe9e0b55-3601-4032-aecd-2578784f6335,2025-08-14,STR002,SKU1004,18,20.0,2025-11-04 11:16:19.423183,2.0
2210,fe9e0b55-3601-4032-aecd-2578784f6335,2025-08-14,STR002,SKU1005,10,9.0,2025-11-04 11:16:19.423183,1.0
2211,fe9e0b55-3601-4032-aecd-2578784f6335,2025-08-14,STR003,SKU1001,21,29.0,2025-11-04 11:16:19.423183,8.0
2212,fe9e0b55-3601-4032-aecd-2578784f6335,2025-08-14,STR003,SKU1002,13,14.0,2025-11-04 11:16:19.423183,1.0
2213,fe9e0b55-3601-4032-aecd-2578784f6335,2025-08-14,STR003,SKU1003,14,28.0,2025-11-04 11:16:19.423183,14.0
2214,fe9e0b55-3601-4032-aecd-2578784f6335,2025-08-14,STR003,SKU1004,8,7.0,2025-11-04 11:16:19.423183,1.0
2215,fe9e0b55-3601-4032-aecd-2578784f6335,2025-08-14,STR003,SKU1005,6,5.0,2025-11-04 11:16:19.423183,1.0
2216,fe9e0b55-3601-4032-aecd-2578784f6335,2025-08-14,STR004,SKU1001,59,52.0,2025-11-04 11:16:19.423183,7.0
2217,fe9e0b55-3601-4032-aecd-2578784f6335,2025-08-14,STR004,SKU1002,57,54.0,2025-11-04 11:16:19.423183,3.0
2218,fe9e0b55-3601-4032-aecd-2578784f6335,2025-08-14,STR004,SKU1003,46,51.0,2025-11-04 11:16:19.423183,5.0
2219,fe9e0b55-3601-4032-aecd-2578784f6335,2025-08-14,STR004,SKU1004,118,111.0,2025-11-04 11:16:19.423183,7.0
2220,fe9e0b55-3601-4032-aecd-2578784f6335,2025-08-14,STR004,SKU1005,101,118.0,2025-11-04 11:16:19.423183,17.0
2221,fe9e0b55-3601-4032-aecd-2578784f6335,2025-08-14,STR005,SKU1001,26,27.0,2025-11-04 11:16:19.423183,1.0
2222,fe9e0b55-3601-4032-aecd-2578784f6335,2025-08-14,STR005,SKU1002,22,25.0,2025-11-04 11:16:19.423183,3.0
2223,fe9e0b55-3601-4032-aecd-2578784f6335,2025-08-14,STR005,SKU1003,15,16.0,2025-11-04 11:16:19.423183,1.0
2224,fe9e0b55-3601-4032-aecd-2578784f6335,2025-08-14,STR005,SKU1004,22,22.0,2025-11-04 11:16:19.423183,0.0
2225,fe9e0b55-3601-4032-aecd-2578784f6335,2025-08-14,STR005,SKU1005,21,22.0,2025-11-04 11:16:19.423183,1.0
2226,fe9e0b55-3601-4032-aecd-2578784f6335,2025-08-14,STR006,SKU1001,256,225.0,2025-11-04 11:16:19.423183,31.0
2227,fe9e0b55-3601-4032-aecd-2578784f6335,2025-08-14,STR006,SKU1002,221,204.0,2025-11-04 11:16:19.423183,17.0
2228,fe9e0b55-3601-4032-aecd-2578784f6335,2025-08-14,STR006,SKU1003,172,157.0,2025-11-04 11:16:19.423183,15.0
2229,fe9e0b55-3601-4032-aecd-2578784f6335,2025-08-14,STR006,SKU1004,282,293.0,2025-11-04 11:16:19.423183,11.0
2230,fe9e0b55-3601-4032-aecd-2578784f6335,2025-08-14,STR006,SKU1005,170,175.0,2025-11-04 11:16:19.423183,5.0
2231,fe9e0b55-3601-4032-aecd-2578784f6335,2025-08-14,STR007,SKU1001,319,297.0,2025-11-04 11:16:19.423183,22.0
2232,fe9e0b55-3601-4032-aecd-2578784f6335,2025-08-14,STR007,SKU1002,182,156.0,2025-11-04 11:16:19.423183,26.0
2233,fe9e0b55-3601-4032-aecd-2578784f6335,2025-08-14,STR007,SKU1003,262,281.0,2025-11-04 11:16:19.423183,19.0
2234,fe9e0b55-3601-4032-aecd-2578784f6335,2025-08-14,STR007,SKU1004,144,166.0,2025-11-04 11:16:19.423183,22.0
2235,fe9e0b55-3601-4032-aecd-2578784f6335,2025-08-14,STR007,SKU1005,160,203.0,2025-11-04 11:16:19.423183,43.0
2236,fe9e0b55-3601-4032-aecd-2578784f6335,2025-08-14,STR008,SKU1001,67,63.0,2025-11-04 11:16:19.423183,4.0
2237,fe9e0b55-3601-4032-aecd-2578784f6335,2025-08-14,STR008,SKU1002,49,61.0,2025-11-04 11:16:19.423183,12.0
2238,fe9e0b55-3601-4032-aecd-2578784f6335,2025-08-14,STR008,SKU1003,65,109.0,2025-11-04 11:16:19.423183,44.0
2239,fe9e0b55-3601-4032-aecd-2578784f6335,2025-08-14,STR008,SKU1004,74,77.0,2025-11-04 11:16:19.423183,3.0
2240,fe9e0b55-3601-4032-aecd-2578784f6335,2025-08-14,STR008,SKU1005,77,86.0,2025-11-04 11:16:19.423183,9.0
2241,fe9e0b55-3601-4032-aecd-2578784f6335,2025-08-14,STR009,SKU1001,76,88.0,2025-11-04 11:16:19.423183,12.0
2242,fe9e0b55-3601-4032-aecd-2578784f6335,2025-08-14,STR009,SKU1002,58,55.0,2025-11-04 11:16:19.423183,3.0
2243,fe9e0b55-3601-4032-aecd-2578784f6335,2025-08-14,STR009,SKU1003,118,119.0,2025-11-04 11:16:19.423183,1.0
2244,fe9e0b55-3601-4032-aecd-2578784f6335,2025-08-14,STR009,SKU1004,98,83.0,2025-11-04 11:16:19.423183,15.0
2245,fe9e0b55-3601-4032-aecd-2578784f6335,2025-08-14,STR009,SKU1005,58,66.0,2025-11-04 11:16:19.423183,8.0
2246,fe9e0b55-3601-4032-aecd-2578784f6335,2025-08-14,STR010,SKU1001,106,111.0,2025-11-04 11:16:19.423183,5.0
2247,fe9e0b55-3601-4032-aecd-2578784f6335,2025-08-14,STR010,SKU1002,64,57.0,2025-11-04 11:16:19.423183,7.0
2248,fe9e0b55-3601-4032-aecd-2578784f6335,2025-08-14,STR010,SKU1003,84,77.0,2025-11-04 11:16:19.423183,7.0
2249,fe9e0b55-3601-4032-aecd-2578784f6335,2025-08-14,STR010,SKU1004,74,89.0,2025-11-04 11:16:19.423183,15.0
2250,fe9e0b55-3601-4032-aecd-2578784f6335,2025-08-14,STR010,SKU1005,98,89.0,2025-11-04 11:16:19.423183,9.0
2251,fe9e0b55-3601-4032-aecd-2578784f6335,2025-08-15,STR001,SKU1001,101,107.0,2025-11-04 11:16:19.423183,6.0
2252,fe9e0b55-3601-4032-aecd-2578784f6335,2025-08-15,STR001,SKU1002,36,51.0,2025-11-04 11:16:19.423183,15.0
2253,fe9e0b55-3601-4032-aecd-2578784f6335,2025-08-15,STR001,SKU1003,83,115.0,2025-11-04 11:16:19.423183,32.0
2254,fe9e0b55-3601-4032-aecd-2578784f6335,2025-08-15,STR001,SKU1004,42,51.0,2025-11-04 11:16:19.423183,9.0
2255,fe9e0b55-3601-4032-aecd-2578784f6335,2025-08-15,STR001,SKU1005,100,107.0,2025-11-04 11:16:19.423183,7.0
2256,fe9e0b55-3601-4032-aecd-2578784f6335,2025-08-15,STR002,SKU1001,23,21.0,2025-11-04 11:16:19.423183,2.0
2257,fe9e0b55-3601-4032-aecd-2578784f6335,2025-08-15,STR002,SKU1002,24,29.0,2025-11-04 11:16:19.423183,5.0
2258,fe9e0b55-3601-4032-aecd-2578784f6335,2025-08-15,STR002,SKU1003,11,12.0,2025-11-04 11:16:19.423183,1.0
2259,fe9e0b55-3601-4032-aecd-2578784f6335,2025-08-15,STR002,SKU1004,21,29.0,2025-11-04 11:16:19.423183,8.0
2260,fe9e0b55-3601-4032-aecd-2578784f6335,2025-08-15,STR002,SKU1005,24,23.0,2025-11-04 11:16:19.423183,1.0
2261,fe9e0b55-3601-4032-aecd-2578784f6335,2025-08-15,STR003,SKU1001,28,25.0,2025-11-04 11:16:19.423183,3.0
2262,fe9e0b55-3601-4032-aecd-2578784f6335,2025-08-15,STR003,SKU1002,7,7.0,2025-11-04 11:16:19.423183,0.0
2263,fe9e0b55-3601-4032-aecd-2578784f6335,2025-08-15,STR003,SKU1003,20,26.0,2025-11-04 11:16:19.423183,6.0
2264,fe9e0b55-3601-4032-aecd-2578784f6335,2025-08-15,STR003,SKU1004,22,25.0,2025-11-04 11:16:19.423183,3.0
2265,fe9e0b55-3601-4032-aecd-2578784f6335,2025-08-15,STR003,SKU1005,9,8.0,2025-11-04 11:16:19.423183,1.0
2266,fe9e0b55-3601-4032-aecd-2578784f6335,2025-08-15,STR004,SKU1001,143,117.0,2025-11-04 11:16:19.423183,26.0
2267,fe9e0b55-3601-4032-aecd-2578784f6335,2025-08-15,STR004,SKU1002,53,55.0,2025-11-04 11:16:19.423183,2.0
2268,fe9e0b55-3601-4032-aecd-2578784f6335,2025-08-15,STR004,SKU1003,47,50.0,2025-11-04 11:16:19.423183,3.0
2269,fe9e0b55-3601-4032-aecd-2578784f6335,2025-08-15,STR004,SKU1004,113,101.0,2025-11-04 11:16:19.423183,12.0
2270,fe9e0b55-3601-4032-aecd-2578784f6335,2025-08-15,STR004,SKU1005,100,83.0,2025-11-04 11:16:19.423183,17.0
2271,fe9e0b55-3601-4032-aecd-2578784f6335,2025-08-15,STR005,SKU1001,16,14.0,2025-11-04 11:16:19.423183,2.0
2272,fe9e0b55-3601-4032-aecd-2578784f6335,2025-08-15,STR005,SKU1002,20,20.0,2025-11-04 11:16:19.423183,0.0
2273,fe9e0b55-3601-4032-aecd-2578784f6335,2025-08-15,STR005,SKU1003,23,23.0,2025-11-04 11:16:19.423183,0.0
2274,fe9e0b55-3601-4032-aecd-2578784f6335,2025-08-15,STR005,SKU1004,28,23.0,2025-11-04 11:16:19.423183,5.0
2275,fe9e0b55-3601-4032-aecd-2578784f6335,2025-08-15,STR005,SKU1005,9,9.0,2025-11-04 11:16:19.423183,0.0
2276,fe9e0b55-3601-4032-aecd-2578784f6335,2025-08-15,STR006,SKU1001,159,208.0,2025-11-04 11:16:19.423183,49.0
2277,fe9e0b55-3601-4032-aecd-2578784f6335,2025-08-15,STR006,SKU1002,152,158.0,2025-11-04 11:16:19.423183,6.0
2278,fe9e0b55-3601-4032-aecd-2578784f6335,2025-08-15,STR006,SKU1003,188,284.0,2025-11-04 11:16:19.423183,96.0
2279,fe9e0b55-3601-4032-aecd-2578784f6335,2025-08-15,STR006,SKU1004,249,226.0,2025-11-04 11:16:19.423183,23.0
2280,fe9e0b55-3601-4032-aecd-2578784f6335,2025-08-15,STR006,SKU1005,270,261.0,2025-11-04 11:16:19.423183,9.0
2281,fe9e0b55-3601-4032-aecd-2578784f6335,2025-08-15,STR007,SKU1001,225,201.0,2025-11-04 11:16:19.423183,24.0
2282,fe9e0b55-3601-4032-aecd-2578784f6335,2025-08-15,STR007,SKU1002,250,239.0,2025-11-04 11:16:19.423183,11.0
2283,fe9e0b55-3601-4032-aecd-2578784f6335,2025-08-15,STR007,SKU1003,224,254.0,2025-11-04 11:16:19.423183,30.0
2284,fe9e0b55-3601-4032-aecd-2578784f6335,2025-08-15,STR007,SKU1004,253,268.0,2025-11-04 11:16:19.423183,15.0
2285,fe9e0b55-3601-4032-aecd-2578784f6335,2025-08-15,STR007,SKU1005,287,299.0,2025-11-04 11:16:19.423183,12.0
2286,fe9e0b55-3601-4032-aecd-2578784f6335,2025-08-15,STR008,SKU1001,57,63.0,2025-11-04 11:16:19.423183,6.0
2287,fe9e0b55-3601-4032-aecd-2578784f6335,2025-08-15,STR008,SKU1002,45,56.0,2025-11-04 11:16:19.423183,11.0
2288,fe9e0b55-3601-4032-aecd-2578784f6335,2025-08-15,STR008,SKU1003,102,95.0,2025-11-04 11:16:19.423183,7.0
2289,fe9e0b55-3601-4032-aecd-2578784f6335,2025-08-15,STR008,SKU1004,58,61.0,2025-11-04 11:16:19.423183,3.0
2290,fe9e0b55-3601-4032-aecd-2578784f6335,2025-08-15,STR008,SKU1005,81,84.0,2025-11-04 11:16:19.423183,3.0
2291,fe9e0b55-3601-4032-aecd-2578784f6335,2025-08-15,STR009,SKU1001,63,65.0,2025-11-04 11:16:19.423183,2.0
2292,fe9e0b55-3601-4032-aecd-2578784f6335,2025-08-15,STR009,SKU1002,64,75.0,2025-11-04 11:16:19.423183,11.0
2293,fe9e0b55-3601-4032-aecd-2578784f6335,2025-08-15,STR009,SKU1003,115,116.0,2025-11-04 11:16:19.423183,1.0
2294,fe9e0b55-3601-4032-aecd-2578784f6335,2025-08-15,STR009,SKU1004,72,88.0,2025-11-04 11:16:19.423183,16.0
2295,fe9e0b55-3601-4032-aecd-2578784f6335,2025-08-15,STR009,SKU1005,98,102.0,2025-11-04 11:16:19.423183,4.0
2296,fe9e0b55-3601-4032-aecd-2578784f6335,2025-08-15,STR010,SKU1001,78,84.0,2025-11-04 11:16:19.423183,6.0
2297,fe9e0b55-3601-4032-aecd-2578784f6335,2025-08-15,STR010,SKU1002,59,64.0,2025-11-04 11:16:19.423183,5.0
2298,fe9e0b55-3601-4032-aecd-2578784f6335,2025-08-15,STR010,SKU1003,53,54.0,2025-11-04 11:16:19.423183,1.0
2299,fe9e0b55-3601-4032-aecd-2578784f6335,2025-08-15,STR010,SKU1004,142,107.0,2025-11-04 11:16:19.423183,35.0
2300,fe9e0b55-3601-4032-aecd-2578784f6335,2025-08-15,STR010,SKU1005,157,116.0,2025-11-04 11:16:19.423183,41.0
2301,fe9e0b55-3601-4032-aecd-2578784f6335,2025-08-16,STR001,SKU1001,121,105.0,2025-11-04 11:16:19.423183,16.0
2302,fe9e0b55-3601-4032-aecd-2578784f6335,2025-08-16,STR001,SKU1002,52,52.0,2025-11-04 11:16:19.423183,0.0
2303,fe9e0b55-3601-4032-aecd-2578784f6335,2025-08-16,STR001,SKU1003,123,117.0,2025-11-04 11:16:19.423183,6.0
2304,fe9e0b55-3601-4032-aecd-2578784f6335,2025-08-16,STR001,SKU1004,76,75.0,2025-11-04 11:16:19.423183,1.0
2305,fe9e0b55-3601-4032-aecd-2578784f6335,2025-08-16,STR001,SKU1005,86,97.0,2025-11-04 11:16:19.423183,11.0
2306,fe9e0b55-3601-4032-aecd-2578784f6335,2025-08-16,STR002,SKU1001,6,10.0,2025-11-04 11:16:19.423183,4.0
2307,fe9e0b55-3601-4032-aecd-2578784f6335,2025-08-16,STR002,SKU1002,26,24.0,2025-11-04 11:16:19.423183,2.0
2308,fe9e0b55-3601-4032-aecd-2578784f6335,2025-08-16,STR002,SKU1003,13,16.0,2025-11-04 11:16:19.423183,3.0
2309,fe9e0b55-3601-4032-aecd-2578784f6335,2025-08-16,STR002,SKU1004,19,22.0,2025-11-04 11:16:19.423183,3.0
2310,fe9e0b55-3601-4032-aecd-2578784f6335,2025-08-16,STR002,SKU1005,21,18.0,2025-11-04 11:16:19.423183,3.0
2311,fe9e0b55-3601-4032-aecd-2578784f6335,2025-08-16,STR003,SKU1001,15,28.0,2025-11-04 11:16:19.423183,13.0
2312,fe9e0b55-3601-4032-aecd-2578784f6335,2025-08-16,STR003,SKU1002,9,9.0,2025-11-04 11:16:19.423183,0.0
2313,fe9e0b55-3601-4032-aecd-2578784f6335,2025-08-16,STR003,SKU1003,21,29.0,2025-11-04 11:16:19.423183,8.0
2314,fe9e0b55-3601-4032-aecd-2578784f6335,2025-08-16,STR003,SKU1004,8,10.0,2025-11-04 11:16:19.423183,2.0
2315,fe9e0b55-3601-4032-aecd-2578784f6335,2025-08-16,STR003,SKU1005,26,29.0,2025-11-04 11:16:19.423183,3.0
2316,fe9e0b55-3601-4032-aecd-2578784f6335,2025-08-16,STR004,SKU1001,106,83.0,2025-11-04 11:16:19.423183,23.0
2317,fe9e0b55-3601-4032-aecd-2578784f6335,2025-08-16,STR004,SKU1002,122,97.0,2025-11-04 11:16:19.423183,25.0
2318,fe9e0b55-3601-4032-aecd-2578784f6335,2025-08-16,STR004,SKU1003,61,82.0,2025-11-04 11:16:19.423183,21.0
2319,fe9e0b55-3601-4032-aecd-2578784f6335,2025-08-16,STR004,SKU1004,68,72.0,2025-11-04 11:16:19.423183,4.0
2320,fe9e0b55-3601-4032-aecd-2578784f6335,2025-08-16,STR004,SKU1005,68,77.0,2025-11-04 11:16:19.423183,9.0
2321,fe9e0b55-3601-4032-aecd-2578784f6335,2025-08-16,STR005,SKU1001,9,7.0,2025-11-04 11:16:19.423183,2.0
2322,fe9e0b55-3601-4032-aecd-2578784f6335,2025-08-16,STR005,SKU1002,15,16.0,2025-11-04 11:16:19.423183,1.0
2323,fe9e0b55-3601-4032-aecd-2578784f6335,2025-08-16,STR005,SKU1003,10,10.0,2025-11-04 11:16:19.423183,0.0
2324,fe9e0b55-3601-4032-aecd-2578784f6335,2025-08-16,STR005,SKU1004,19,18.0,2025-11-04 11:16:19.423183,1.0
2325,fe9e0b55-3601-4032-aecd-2578784f6335,2025-08-16,STR005,SKU1005,16,15.0,2025-11-04 11:16:19.423183,1.0
2326,fe9e0b55-3601-4032-aecd-2578784f6335,2025-08-16,STR006,SKU1001,177,212.0,2025-11-04 11:16:19.423183,35.0
2327,fe9e0b55-3601-4032-aecd-2578784f6335,2025-08-16,STR006,SKU1002,267,252.0,2025-11-04 11:16:19.423183,15.0
2328,fe9e0b55-3601-4032-aecd-2578784f6335,2025-08-16,STR006,SKU1003,273,257.0,2025-11-04 11:16:19.423183,16.0
2329,fe9e0b55-3601-4032-aecd-2578784f6335,2025-08-16,STR006,SKU1004,232,279.0,2025-11-04 11:16:19.423183,47.0
2330,fe9e0b55-3601-4032-aecd-2578784f6335,2025-08-16,STR006,SKU1005,268,251.0,2025-11-04 11:16:19.423183,17.0
2331,fe9e0b55-3601-4032-aecd-2578784f6335,2025-08-16,STR007,SKU1001,349,263.0,2025-11-04 11:16:19.423183,86.0
2332,fe9e0b55-3601-4032-aecd-2578784f6335,2025-08-16,STR007,SKU1002,156,188.0,2025-11-04 11:16:19.423183,32.0
2333,fe9e0b55-3601-4032-aecd-2578784f6335,2025-08-16,STR007,SKU1003,171,255.0,2025-11-04 11:16:19.423183,84.0
2334,fe9e0b55-3601-4032-aecd-2578784f6335,2025-08-16,STR007,SKU1004,230,219.0,2025-11-04 11:16:19.423183,11.0
2335,fe9e0b55-3601-4032-aecd-2578784f6335,2025-08-16,STR007,SKU1005,190,206.0,2025-11-04 11:16:19.423183,16.0
2336,fe9e0b55-3601-4032-aecd-2578784f6335,2025-08-16,STR008,SKU1001,124,109.0,2025-11-04 11:16:19.423183,15.0
2337,fe9e0b55-3601-4032-aecd-2578784f6335,2025-08-16,STR008,SKU1002,112,117.0,2025-11-04 11:16:19.423183,5.0
2338,fe9e0b55-3601-4032-aecd-2578784f6335,2025-08-16,STR008,SKU1003,138,117.0,2025-11-04 11:16:19.423183,21.0
2339,fe9e0b55-3601-4032-aecd-2578784f6335,2025-08-16,STR008,SKU1004,103,88.0,2025-11-04 11:16:19.423183,15.0
2340,fe9e0b55-3601-4032-aecd-2578784f6335,2025-08-16,STR008,SKU1005,54,67.0,2025-11-04 11:16:19.423183,13.0
2341,fe9e0b55-3601-4032-aecd-2578784f6335,2025-08-16,STR009,SKU1001,87,68.0,2025-11-04 11:16:19.423183,19.0
2342,fe9e0b55-3601-4032-aecd-2578784f6335,2025-08-16,STR009,SKU1002,65,61.0,2025-11-04 11:16:19.423183,4.0
2343,fe9e0b55-3601-4032-aecd-2578784f6335,2025-08-16,STR009,SKU1003,110,101.0,2025-11-04 11:16:19.423183,9.0
2344,fe9e0b55-3601-4032-aecd-2578784f6335,2025-08-16,STR009,SKU1004,93,91.0,2025-11-04 11:16:19.423183,2.0
2345,fe9e0b55-3601-4032-aecd-2578784f6335,2025-08-16,STR009,SKU1005,69,75.0,2025-11-04 11:16:19.423183,6.0
2346,fe9e0b55-3601-4032-aecd-2578784f6335,2025-08-16,STR010,SKU1001,63,55.0,2025-11-04 11:16:19.423183,8.0
2347,fe9e0b55-3601-4032-aecd-2578784f6335,2025-08-16,STR010,SKU1002,74,74.0,2025-11-04 11:16:19.423183,0.0
2348,fe9e0b55-3601-4032-aecd-2578784f6335,2025-08-16,STR010,SKU1003,97,106.0,2025-11-04 11:16:19.423183,9.0
2349,fe9e0b55-3601-4032-aecd-2578784f6335,2025-08-16,STR010,SKU1004,60,60.0,2025-11-04 11:16:19.423183,0.0
2350,fe9e0b55-3601-4032-aecd-2578784f6335,2025-08-16,STR010,SKU1005,65,92.0,2025-11-04 11:16:19.423183,27.0
2351,fe9e0b55-3601-4032-aecd-2578784f6335,2025-08-17,STR001,SKU1001,117,115.0,2025-11-04 11:16:19.423183,2.0
2352,fe9e0b55-3601-4032-aecd-2578784f6335,2025-08-17,STR001,SKU1002,134,110.0,2025-11-04 11:16:19.423183,24.0
2353,fe9e0b55-3601-4032-aecd-2578784f6335,2025-08-17,STR001,SKU1003,117,92.0,2025-11-04 11:16:19.423183,25.0
2354,fe9e0b55-3601-4032-aecd-2578784f6335,2025-08-17,STR001,SKU1004,81,72.0,2025-11-04 11:16:19.423183,9.0
2355,fe9e0b55-3601-4032-aecd-2578784f6335,2025-08-17,STR001,SKU1005,93,116.0,2025-11-04 11:16:19.423183,23.0
2356,fe9e0b55-3601-4032-aecd-2578784f6335,2025-08-17,STR002,SKU1001,24,28.0,2025-11-04 11:16:19.423183,4.0
2357,fe9e0b55-3601-4032-aecd-2578784f6335,2025-08-17,STR002,SKU1002,17,20.0,2025-11-04 11:16:19.423183,3.0
2358,fe9e0b55-3601-4032-aecd-2578784f6335,2025-08-17,STR002,SKU1003,27,26.0,2025-11-04 11:16:19.423183,1.0
2359,fe9e0b55-3601-4032-aecd-2578784f6335,2025-08-17,STR002,SKU1004,31,26.0,2025-11-04 11:16:19.423183,5.0
2360,fe9e0b55-3601-4032-aecd-2578784f6335,2025-08-17,STR002,SKU1005,18,16.0,2025-11-04 11:16:19.423183,2.0
2361,fe9e0b55-3601-4032-aecd-2578784f6335,2025-08-17,STR003,SKU1001,11,14.0,2025-11-04 11:16:19.423183,3.0
2362,fe9e0b55-3601-4032-aecd-2578784f6335,2025-08-17,STR003,SKU1002,23,23.0,2025-11-04 11:16:19.423183,0.0
2363,fe9e0b55-3601-4032-aecd-2578784f6335,2025-08-17,STR003,SKU1003,25,25.0,2025-11-04 11:16:19.423183,0.0
2364,fe9e0b55-3601-4032-aecd-2578784f6335,2025-08-17,STR003,SKU1004,25,26.0,2025-11-04 11:16:19.423183,1.0
2365,fe9e0b55-3601-4032-aecd-2578784f6335,2025-08-17,STR003,SKU1005,17,16.0,2025-11-04 11:16:19.423183,1.0
2366,fe9e0b55-3601-4032-aecd-2578784f6335,2025-08-17,STR004,SKU1001,44,58.0,2025-11-04 11:16:19.423183,14.0
2367,fe9e0b55-3601-4032-aecd-2578784f6335,2025-08-17,STR004,SKU1002,84,75.0,2025-11-04 11:16:19.423183,9.0
2368,fe9e0b55-3601-4032-aecd-2578784f6335,2025-08-17,STR004,SKU1003,87,95.0,2025-11-04 11:16:19.423183,8.0
2369,fe9e0b55-3601-4032-aecd-2578784f6335,2025-08-17,STR004,SKU1004,53,58.0,2025-11-04 11:16:19.423183,5.0
2370,fe9e0b55-3601-4032-aecd-2578784f6335,2025-08-17,STR004,SKU1005,93,107.0,2025-11-04 11:16:19.423183,14.0
2371,fe9e0b55-3601-4032-aecd-2578784f6335,2025-08-17,STR005,SKU1001,26,26.0,2025-11-04 11:16:19.423183,0.0
2372,fe9e0b55-3601-4032-aecd-2578784f6335,2025-08-17,STR005,SKU1002,15,21.0,2025-11-04 11:16:19.423183,6.0
2373,fe9e0b55-3601-4032-aecd-2578784f6335,2025-08-17,STR005,SKU1003,17,15.0,2025-11-04 11:16:19.423183,2.0
2374,fe9e0b55-3601-4032-aecd-2578784f6335,2025-08-17,STR005,SKU1004,17,16.0,2025-11-04 11:16:19.423183,1.0
2375,fe9e0b55-3601-4032-aecd-2578784f6335,2025-08-17,STR005,SKU1005,18,20.0,2025-11-04 11:16:19.423183,2.0
2376,fe9e0b55-3601-4032-aecd-2578784f6335,2025-08-17,STR006,SKU1001,220,216.0,2025-11-04 11:16:19.423183,4.0
2377,fe9e0b55-3601-4032-aecd-2578784f6335,2025-08-17,STR006,SKU1002,228,194.0,2025-11-04 11:16:19.423183,34.0
2378,fe9e0b55-3601-4032-aecd-2578784f6335,2025-08-17,STR006,SKU1003,170,190.0,2025-11-04 11:16:19.423183,20.0
2379,fe9e0b55-3601-4032-aecd-2578784f6335,2025-08-17,STR006,SKU1004,295,263.0,2025-11-04 11:16:19.423183,32.0
2380,fe9e0b55-3601-4032-aecd-2578784f6335,2025-08-17,STR006,SKU1005,221,217.0,2025-11-04 11:16:19.423183,4.0
2381,fe9e0b55-3601-4032-aecd-2578784f6335,2025-08-17,STR007,SKU1001,179,175.0,2025-11-04 11:16:19.423183,4.0
2382,fe9e0b55-3601-4032-aecd-2578784f6335,2025-08-17,STR007,SKU1002,168,168.0,2025-11-04 11:16:19.423183,0.0
2383,fe9e0b55-3601-4032-aecd-2578784f6335,2025-08-17,STR007,SKU1003,297,279.0,2025-11-04 11:16:19.423183,18.0
2384,fe9e0b55-3601-4032-aecd-2578784f6335,2025-08-17,STR007,SKU1004,177,206.0,2025-11-04 11:16:19.423183,29.0
2385,fe9e0b55-3601-4032-aecd-2578784f6335,2025-08-17,STR007,SKU1005,249,214.0,2025-11-04 11:16:19.423183,35.0
2386,fe9e0b55-3601-4032-aecd-2578784f6335,2025-08-17,STR008,SKU1001,85,90.0,2025-11-04 11:16:19.423183,5.0
2387,fe9e0b55-3601-4032-aecd-2578784f6335,2025-08-17,STR008,SKU1002,142,118.0,2025-11-04 11:16:19.423183,24.0
2388,fe9e0b55-3601-4032-aecd-2578784f6335,2025-08-17,STR008,SKU1003,90,86.0,2025-11-04 11:16:19.423183,4.0
2389,fe9e0b55-3601-4032-aecd-2578784f6335,2025-08-17,STR008,SKU1004,88,98.0,2025-11-04 11:16:19.423183,10.0
2390,fe9e0b55-3601-4032-aecd-2578784f6335,2025-08-17,STR008,SKU1005,109,109.0,2025-11-04 11:16:19.423183,0.0
2391,fe9e0b55-3601-4032-aecd-2578784f6335,2025-08-17,STR009,SKU1001,68,66.0,2025-11-04 11:16:19.423183,2.0
2392,fe9e0b55-3601-4032-aecd-2578784f6335,2025-08-17,STR009,SKU1002,118,100.0,2025-11-04 11:16:19.423183,18.0
2393,fe9e0b55-3601-4032-aecd-2578784f6335,2025-08-17,STR009,SKU1003,97,104.0,2025-11-04 11:16:19.423183,7.0
2394,fe9e0b55-3601-4032-aecd-2578784f6335,2025-08-17,STR009,SKU1004,57,70.0,2025-11-04 11:16:19.423183,13.0
2395,fe9e0b55-3601-4032-aecd-2578784f6335,2025-08-17,STR009,SKU1005,79,64.0,2025-11-04 11:16:19.423183,15.0
2396,fe9e0b55-3601-4032-aecd-2578784f6335,2025-08-17,STR010,SKU1001,104,87.0,2025-11-04 11:16:19.423183,17.0
2397,fe9e0b55-3601-4032-aecd-2578784f6335,2025-08-17,STR010,SKU1002,40,62.0,2025-11-04 11:16:19.423183,22.0
2398,fe9e0b55-3601-4032-aecd-2578784f6335,2025-08-17,STR010,SKU1003,72,69.0,2025-11-04 11:16:19.423183,3.0
2399,fe9e0b55-3601-4032-aecd-2578784f6335,2025-08-17,STR010,SKU1004,91,89.0,2025-11-04 11:16:19.423183,2.0
2400,fe9e0b55-3601-4032-aecd-2578784f6335,2025-08-17,STR010,SKU1005,138,116.0,2025-11-04 11:16:19.423183,22.0
2401,fe9e0b55-3601-4032-aecd-2578784f6335,2025-08-18,STR001,SKU1001,53,63.0,2025-11-04 11:16:19.423183,10.0
2402,fe9e0b55-3601-4032-aecd-2578784f6335,2025-08-18,STR001,SKU1002,63,57.0,2025-11-04 11:16:19.423183,6.0
2403,fe9e0b55-3601-4032-aecd-2578784f6335,2025-08-18,STR001,SKU1003,76,86.0,2025-11-04 11:16:19.423183,10.0
2404,fe9e0b55-3601-4032-aecd-2578784f6335,2025-08-18,STR001,SKU1004,83,86.0,2025-11-04 11:16:19.423183,3.0
2405,fe9e0b55-3601-4032-aecd-2578784f6335,2025-08-18,STR001,SKU1005,101,113.0,2025-11-04 11:16:19.423183,12.0
2406,fe9e0b55-3601-4032-aecd-2578784f6335,2025-08-18,STR002,SKU1001,28,24.0,2025-11-04 11:16:19.423183,4.0
2407,fe9e0b55-3601-4032-aecd-2578784f6335,2025-08-18,STR002,SKU1002,21,19.0,2025-11-04 11:16:19.423183,2.0
2408,fe9e0b55-3601-4032-aecd-2578784f6335,2025-08-18,STR002,SKU1003,16,21.0,2025-11-04 11:16:19.423183,5.0
2409,fe9e0b55-3601-4032-aecd-2578784f6335,2025-08-18,STR002,SKU1004,15,13.0,2025-11-04 11:16:19.423183,2.0
2410,fe9e0b55-3601-4032-aecd-2578784f6335,2025-08-18,STR002,SKU1005,9,10.0,2025-11-04 11:16:19.423183,1.0
2411,fe9e0b55-3601-4032-aecd-2578784f6335,2025-08-18,STR003,SKU1001,9,10.0,2025-11-04 11:16:19.423183,1.0
2412,fe9e0b55-3601-4032-aecd-2578784f6335,2025-08-18,STR003,SKU1002,20,20.0,2025-11-04 11:16:19.423183,0.0
2413,fe9e0b55-3601-4032-aecd-2578784f6335,2025-08-18,STR003,SKU1003,23,26.0,2025-11-04 11:16:19.423183,3.0
2414,fe9e0b55-3601-4032-aecd-2578784f6335,2025-08-18,STR003,SKU1004,17,17.0,2025-11-04 11:16:19.423183,0.0
2415,fe9e0b55-3601-4032-aecd-2578784f6335,2025-08-18,STR003,SKU1005,25,26.0,2025-11-04 11:16:19.423183,1.0
2416,fe9e0b55-3601-4032-aecd-2578784f6335,2025-08-18,STR004,SKU1001,83,74.0,2025-11-04 11:16:19.423183,9.0
2417,fe9e0b55-3601-4032-aecd-2578784f6335,2025-08-18,STR004,SKU1002,109,116.0,2025-11-04 11:16:19.423183,7.0
2418,fe9e0b55-3601-4032-aecd-2578784f6335,2025-08-18,STR004,SKU1003,63,67.0,2025-11-04 11:16:19.423183,4.0
2419,fe9e0b55-3601-4032-aecd-2578784f6335,2025-08-18,STR004,SKU1004,70,71.0,2025-11-04 11:16:19.423183,1.0
2420,fe9e0b55-3601-4032-aecd-2578784f6335,2025-08-18,STR004,SKU1005,68,75.0,2025-11-04 11:16:19.423183,7.0
2421,fe9e0b55-3601-4032-aecd-2578784f6335,2025-08-18,STR005,SKU1001,22,23.0,2025-11-04 11:16:19.423183,1.0
2422,fe9e0b55-3601-4032-aecd-2578784f6335,2025-08-18,STR005,SKU1002,25,18.0,2025-11-04 11:16:19.423183,7.0
2423,fe9e0b55-3601-4032-aecd-2578784f6335,2025-08-18,STR005,SKU1003,5,8.0,2025-11-04 11:16:19.423183,3.0
2424,fe9e0b55-3601-4032-aecd-2578784f6335,2025-08-18,STR005,SKU1004,18,20.0,2025-11-04 11:16:19.423183,2.0
2425,fe9e0b55-3601-4032-aecd-2578784f6335,2025-08-18,STR005,SKU1005,9,12.0,2025-11-04 11:16:19.423183,3.0
2426,fe9e0b55-3601-4032-aecd-2578784f6335,2025-08-18,STR006,SKU1001,233,197.0,2025-11-04 11:16:19.423183,36.0
2427,fe9e0b55-3601-4032-aecd-2578784f6335,2025-08-18,STR006,SKU1002,183,184.0,2025-11-04 11:16:19.423183,1.0
2428,fe9e0b55-3601-4032-aecd-2578784f6335,2025-08-18,STR006,SKU1003,229,209.0,2025-11-04 11:16:19.423183,20.0
2429,fe9e0b55-3601-4032-aecd-2578784f6335,2025-08-18,STR006,SKU1004,246,250.0,2025-11-04 11:16:19.423183,4.0
2430,fe9e0b55-3601-4032-aecd-2578784f6335,2025-08-18,STR006,SKU1005,130,168.0,2025-11-04 11:16:19.423183,38.0
2431,fe9e0b55-3601-4032-aecd-2578784f6335,2025-08-18,STR007,SKU1001,192,207.0,2025-11-04 11:16:19.423183,15.0
2432,fe9e0b55-3601-4032-aecd-2578784f6335,2025-08-18,STR007,SKU1002,218,204.0,2025-11-04 11:16:19.423183,14.0
2433,fe9e0b55-3601-4032-aecd-2578784f6335,2025-08-18,STR007,SKU1003,128,163.0,2025-11-04 11:16:19.423183,35.0
2434,fe9e0b55-3601-4032-aecd-2578784f6335,2025-08-18,STR007,SKU1004,146,155.0,2025-11-04 11:16:19.423183,9.0
2435,fe9e0b55-3601-4032-aecd-2578784f6335,2025-08-18,STR007,SKU1005,201,215.0,2025-11-04 11:16:19.423183,14.0
2436,fe9e0b55-3601-4032-aecd-2578784f6335,2025-08-18,STR008,SKU1001,68,72.0,2025-11-04 11:16:19.423183,4.0
2437,fe9e0b55-3601-4032-aecd-2578784f6335,2025-08-18,STR008,SKU1002,114,108.0,2025-11-04 11:16:19.423183,6.0
2438,fe9e0b55-3601-4032-aecd-2578784f6335,2025-08-18,STR008,SKU1003,100,88.0,2025-11-04 11:16:19.423183,12.0
2439,fe9e0b55-3601-4032-aecd-2578784f6335,2025-08-18,STR008,SKU1004,84,105.0,2025-11-04 11:16:19.423183,21.0
2440,fe9e0b55-3601-4032-aecd-2578784f6335,2025-08-18,STR008,SKU1005,103,105.0,2025-11-04 11:16:19.423183,2.0
2441,fe9e0b55-3601-4032-aecd-2578784f6335,2025-08-18,STR009,SKU1001,59,59.0,2025-11-04 11:16:19.423183,0.0
2442,fe9e0b55-3601-4032-aecd-2578784f6335,2025-08-18,STR009,SKU1002,79,67.0,2025-11-04 11:16:19.423183,12.0
2443,fe9e0b55-3601-4032-aecd-2578784f6335,2025-08-18,STR009,SKU1003,99,98.0,2025-11-04 11:16:19.423183,1.0
2444,fe9e0b55-3601-4032-aecd-2578784f6335,2025-08-18,STR009,SKU1004,95,101.0,2025-11-04 11:16:19.423183,6.0
2445,fe9e0b55-3601-4032-aecd-2578784f6335,2025-08-18,STR009,SKU1005,63,65.0,2025-11-04 11:16:19.423183,2.0
2446,fe9e0b55-3601-4032-aecd-2578784f6335,2025-08-18,STR010,SKU1001,74,81.0,2025-11-04 11:16:19.423183,7.0
2447,fe9e0b55-3601-4032-aecd-2578784f6335,2025-08-18,STR010,SKU1002,63,67.0,2025-11-04 11:16:19.423183,4.0
2448,fe9e0b55-3601-4032-aecd-2578784f6335,2025-08-18,STR010,SKU1003,102,94.0,2025-11-04 11:16:19.423183,8.0
2449,fe9e0b55-3601-4032-aecd-2578784f6335,2025-08-18,STR010,SKU1004,102,105.0,2025-11-04 11:16:19.423183,3.0
2450,fe9e0b55-3601-4032-aecd-2578784f6335,2025-08-18,STR010,SKU1005,102,85.0,2025-11-04 11:16:19.423183,17.0
2451,fe9e0b55-3601-4032-aecd-2578784f6335,2025-08-19,STR001,SKU1001,53,52.0,2025-11-04 11:16:19.423183,1.0
2452,fe9e0b55-3601-4032-aecd-2578784f6335,2025-08-19,STR001,SKU1002,81,69.0,2025-11-04 11:16:19.423183,12.0
2453,fe9e0b55-3601-4032-aecd-2578784f6335,2025-08-19,STR001,SKU1003,73,63.0,2025-11-04 11:16:19.423183,10.0
2454,fe9e0b55-3601-4032-aecd-2578784f6335,2025-08-19,STR001,SKU1004,75,71.0,2025-11-04 11:16:19.423183,4.0
2455,fe9e0b55-3601-4032-aecd-2578784f6335,2025-08-19,STR001,SKU1005,43,51.0,2025-11-04 11:16:19.423183,8.0
2456,fe9e0b55-3601-4032-aecd-2578784f6335,2025-08-19,STR002,SKU1001,12,13.0,2025-11-04 11:16:19.423183,1.0
2457,fe9e0b55-3601-4032-aecd-2578784f6335,2025-08-19,STR002,SKU1002,19,18.0,2025-11-04 11:16:19.423183,1.0
2458,fe9e0b55-3601-4032-aecd-2578784f6335,2025-08-19,STR002,SKU1003,21,20.0,2025-11-04 11:16:19.423183,1.0
2459,fe9e0b55-3601-4032-aecd-2578784f6335,2025-08-19,STR002,SKU1004,26,22.0,2025-11-04 11:16:19.423183,4.0
2460,fe9e0b55-3601-4032-aecd-2578784f6335,2025-08-19,STR002,SKU1005,28,27.0,2025-11-04 11:16:19.423183,1.0
2461,fe9e0b55-3601-4032-aecd-2578784f6335,2025-08-19,STR003,SKU1001,6,6.0,2025-11-04 11:16:19.423183,0.0
2462,fe9e0b55-3601-4032-aecd-2578784f6335,2025-08-19,STR003,SKU1002,9,13.0,2025-11-04 11:16:19.423183,4.0
2463,fe9e0b55-3601-4032-aecd-2578784f6335,2025-08-19,STR003,SKU1003,21,23.0,2025-11-04 11:16:19.423183,2.0
2464,fe9e0b55-3601-4032-aecd-2578784f6335,2025-08-19,STR003,SKU1004,21,21.0,2025-11-04 11:16:19.423183,0.0
2465,fe9e0b55-3601-4032-aecd-2578784f6335,2025-08-19,STR003,SKU1005,15,15.0,2025-11-04 11:16:19.423183,0.0
2466,fe9e0b55-3601-4032-aecd-2578784f6335,2025-08-19,STR004,SKU1001,130,105.0,2025-11-04 11:16:19.423183,25.0
2467,fe9e0b55-3601-4032-aecd-2578784f6335,2025-08-19,STR004,SKU1002,85,87.0,2025-11-04 11:16:19.423183,2.0
2468,fe9e0b55-3601-4032-aecd-2578784f6335,2025-08-19,STR004,SKU1003,86,90.0,2025-11-04 11:16:19.423183,4.0
2469,fe9e0b55-3601-4032-aecd-2578784f6335,2025-08-19,STR004,SKU1004,74,74.0,2025-11-04 11:16:19.423183,0.0
2470,fe9e0b55-3601-4032-aecd-2578784f6335,2025-08-19,STR004,SKU1005,53,54.0,2025-11-04 11:16:19.423183,1.0
2471,fe9e0b55-3601-4032-aecd-2578784f6335,2025-08-19,STR005,SKU1001,23,26.0,2025-11-04 11:16:19.423183,3.0
2472,fe9e0b55-3601-4032-aecd-2578784f6335,2025-08-19,STR005,SKU1002,25,25.0,2025-11-04 11:16:19.423183,0.0
2473,fe9e0b55-3601-4032-aecd-2578784f6335,2025-08-19,STR005,SKU1003,8,10.0,2025-11-04 11:16:19.423183,2.0
2474,fe9e0b55-3601-4032-aecd-2578784f6335,2025-08-19,STR005,SKU1004,23,24.0,2025-11-04 11:16:19.423183,1.0
2475,fe9e0b55-3601-4032-aecd-2578784f6335,2025-08-19,STR005,SKU1005,17,19.0,2025-11-04 11:16:19.423183,2.0
2476,fe9e0b55-3601-4032-aecd-2578784f6335,2025-08-19,STR006,SKU1001,171,206.0,2025-11-04 11:16:19.423183,35.0
2477,fe9e0b55-3601-4032-aecd-2578784f6335,2025-08-19,STR006,SKU1002,156,163.0,2025-11-04 11:16:19.423183,7.0
2478,fe9e0b55-3601-4032-aecd-2578784f6335,2025-08-19,STR006,SKU1003,314,274.0,2025-11-04 11:16:19.423183,40.0
2479,fe9e0b55-3601-4032-aecd-2578784f6335,2025-08-19,STR006,SKU1004,203,184.0,2025-11-04 11:16:19.423183,19.0
2480,fe9e0b55-3601-4032-aecd-2578784f6335,2025-08-19,STR006,SKU1005,247,227.0,2025-11-04 11:16:19.423183,20.0
2481,fe9e0b55-3601-4032-aecd-2578784f6335,2025-08-19,STR007,SKU1001,194,255.0,2025-11-04 11:16:19.423183,61.0
2482,fe9e0b55-3601-4032-aecd-2578784f6335,2025-08-19,STR007,SKU1002,198,228.0,2025-11-04 11:16:19.423183,30.0
2483,fe9e0b55-3601-4032-aecd-2578784f6335,2025-08-19,STR007,SKU1003,197,248.0,2025-11-04 11:16:19.423183,51.0
2484,fe9e0b55-3601-4032-aecd-2578784f6335,2025-08-19,STR007,SKU1004,242,244.0,2025-11-04 11:16:19.423183,2.0
2485,fe9e0b55-3601-4032-aecd-2578784f6335,2025-08-19,STR007,SKU1005,224,208.0,2025-11-04 11:16:19.423183,16.0
2486,fe9e0b55-3601-4032-aecd-2578784f6335,2025-08-19,STR008,SKU1001,62,58.0,2025-11-04 11:16:19.423183,4.0
2487,fe9e0b55-3601-4032-aecd-2578784f6335,2025-08-19,STR008,SKU1002,68,56.0,2025-11-04 11:16:19.423183,12.0
2488,fe9e0b55-3601-4032-aecd-2578784f6335,2025-08-19,STR008,SKU1003,60,68.0,2025-11-04 11:16:19.423183,8.0
2489,fe9e0b55-3601-4032-aecd-2578784f6335,2025-08-19,STR008,SKU1004,106,95.0,2025-11-04 11:16:19.423183,11.0
2490,fe9e0b55-3601-4032-aecd-2578784f6335,2025-08-19,STR008,SKU1005,67,76.0,2025-11-04 11:16:19.423183,9.0
2491,fe9e0b55-3601-4032-aecd-2578784f6335,2025-08-19,STR009,SKU1001,99,93.0,2025-11-04 11:16:19.423183,6.0
2492,fe9e0b55-3601-4032-aecd-2578784f6335,2025-08-19,STR009,SKU1002,116,117.0,2025-11-04 11:16:19.423183,1.0
2493,fe9e0b55-3601-4032-aecd-2578784f6335,2025-08-19,STR009,SKU1003,86,87.0,2025-11-04 11:16:19.423183,1.0
2494,fe9e0b55-3601-4032-aecd-2578784f6335,2025-08-19,STR009,SKU1004,88,105.0,2025-11-04 11:16:19.423183,17.0
2495,fe9e0b55-3601-4032-aecd-2578784f6335,2025-08-19,STR009,SKU1005,59,71.0,2025-11-04 11:16:19.423183,12.0
2496,fe9e0b55-3601-4032-aecd-2578784f6335,2025-08-19,STR010,SKU1001,132,118.0,2025-11-04 11:16:19.423183,14.0
2497,fe9e0b55-3601-4032-aecd-2578784f6335,2025-08-19,STR010,SKU1002,91,76.0,2025-11-04 11:16:19.423183,15.0
2498,fe9e0b55-3601-4032-aecd-2578784f6335,2025-08-19,STR010,SKU1003,67,79.0,2025-11-04 11:16:19.423183,12.0
2499,fe9e0b55-3601-4032-aecd-2578784f6335,2025-08-19,STR010,SKU1004,82,100.0,2025-11-04 11:16:19.423183,18.0
2500,fe9e0b55-3601-4032-aecd-2578784f6335,2025-08-19,STR010,SKU1005,86,101.0,2025-11-04 11:16:19.423183,15.0
2501,fe9e0b55-3601-4032-aecd-2578784f6335,2025-08-20,STR001,SKU1001,80,85.0,2025-11-04 11:16:19.423183,5.0
2502,fe9e0b55-3601-4032-aecd-2578784f6335,2025-08-20,STR001,SKU1002,70,76.0,2025-11-04 11:16:19.423183,6.0
2503,fe9e0b55-3601-4032-aecd-2578784f6335,2025-08-20,STR001,SKU1003,106,90.0,2025-11-04 11:16:19.423183,16.0
2504,fe9e0b55-3601-4032-aecd-2578784f6335,2025-08-20,STR001,SKU1004,64,55.0,2025-11-04 11:16:19.423183,9.0
2505,fe9e0b55-3601-4032-aecd-2578784f6335,2025-08-20,STR001,SKU1005,82,82.0,2025-11-04 11:16:19.423183,0.0
2506,fe9e0b55-3601-4032-aecd-2578784f6335,2025-08-20,STR002,SKU1001,15,16.0,2025-11-04 11:16:19.423183,1.0
2507,fe9e0b55-3601-4032-aecd-2578784f6335,2025-08-20,STR002,SKU1002,18,15.0,2025-11-04 11:16:19.423183,3.0
2508,fe9e0b55-3601-4032-aecd-2578784f6335,2025-08-20,STR002,SKU1003,11,13.0,2025-11-04 11:16:19.423183,2.0
2509,fe9e0b55-3601-4032-aecd-2578784f6335,2025-08-20,STR002,SKU1004,8,8.0,2025-11-04 11:16:19.423183,0.0
2510,fe9e0b55-3601-4032-aecd-2578784f6335,2025-08-20,STR002,SKU1005,4,6.0,2025-11-04 11:16:19.423183,2.0
2511,fe9e0b55-3601-4032-aecd-2578784f6335,2025-08-20,STR003,SKU1001,7,11.0,2025-11-04 11:16:19.423183,4.0
2512,fe9e0b55-3601-4032-aecd-2578784f6335,2025-08-20,STR003,SKU1002,22,18.0,2025-11-04 11:16:19.423183,4.0
2513,fe9e0b55-3601-4032-aecd-2578784f6335,2025-08-20,STR003,SKU1003,25,24.0,2025-11-04 11:16:19.423183,1.0
2514,fe9e0b55-3601-4032-aecd-2578784f6335,2025-08-20,STR003,SKU1004,16,17.0,2025-11-04 11:16:19.423183,1.0
2515,fe9e0b55-3601-4032-aecd-2578784f6335,2025-08-20,STR003,SKU1005,18,15.0,2025-11-04 11:16:19.423183,3.0
2516,fe9e0b55-3601-4032-aecd-2578784f6335,2025-08-20,STR004,SKU1001,122,111.0,2025-11-04 11:16:19.423183,11.0
2517,fe9e0b55-3601-4032-aecd-2578784f6335,2025-08-20,STR004,SKU1002,88,86.0,2025-11-04 11:16:19.423183,2.0
2518,fe9e0b55-3601-4032-aecd-2578784f6335,2025-08-20,STR004,SKU1003,85,72.0,2025-11-04 11:16:19.423183,13.0
2519,fe9e0b55-3601-4032-aecd-2578784f6335,2025-08-20,STR004,SKU1004,47,50.0,2025-11-04 11:16:19.423183,3.0
2520,fe9e0b55-3601-4032-aecd-2578784f6335,2025-08-20,STR004,SKU1005,83,71.0,2025-11-04 11:16:19.423183,12.0
2521,fe9e0b55-3601-4032-aecd-2578784f6335,2025-08-20,STR005,SKU1001,25,22.0,2025-11-04 11:16:19.423183,3.0
2522,fe9e0b55-3601-4032-aecd-2578784f6335,2025-08-20,STR005,SKU1002,10,9.0,2025-11-04 11:16:19.423183,1.0
2523,fe9e0b55-3601-4032-aecd-2578784f6335,2025-08-20,STR005,SKU1003,19,20.0,2025-11-04 11:16:19.423183,1.0
2524,fe9e0b55-3601-4032-aecd-2578784f6335,2025-08-20,STR005,SKU1004,9,8.0,2025-11-04 11:16:19.423183,1.0
2525,fe9e0b55-3601-4032-aecd-2578784f6335,2025-08-20,STR005,SKU1005,22,23.0,2025-11-04 11:16:19.423183,1.0
2526,fe9e0b55-3601-4032-aecd-2578784f6335,2025-08-20,STR006,SKU1001,216,212.0,2025-11-04 11:16:19.423183,4.0
2527,fe9e0b55-3601-4032-aecd-2578784f6335,2025-08-20,STR006,SKU1002,180,188.0,2025-11-04 11:16:19.423183,8.0
2528,fe9e0b55-3601-4032-aecd-2578784f6335,2025-08-20,STR006,SKU1003,271,279.0,2025-11-04 11:16:19.423183,8.0
2529,fe9e0b55-3601-4032-aecd-2578784f6335,2025-08-20,STR006,SKU1004,266,234.0,2025-11-04 11:16:19.423183,32.0
2530,fe9e0b55-3601-4032-aecd-2578784f6335,2025-08-20,STR006,SKU1005,248,269.0,2025-11-04 11:16:19.423183,21.0
2531,fe9e0b55-3601-4032-aecd-2578784f6335,2025-08-20,STR007,SKU1001,347,291.0,2025-11-04 11:16:19.423183,56.0
2532,fe9e0b55-3601-4032-aecd-2578784f6335,2025-08-20,STR007,SKU1002,188,188.0,2025-11-04 11:16:19.423183,0.0
2533,fe9e0b55-3601-4032-aecd-2578784f6335,2025-08-20,STR007,SKU1003,196,186.0,2025-11-04 11:16:19.423183,10.0
2534,fe9e0b55-3601-4032-aecd-2578784f6335,2025-08-20,STR007,SKU1004,270,251.0,2025-11-04 11:16:19.423183,19.0
2535,fe9e0b55-3601-4032-aecd-2578784f6335,2025-08-20,STR007,SKU1005,197,201.0,2025-11-04 11:16:19.423183,4.0
2536,fe9e0b55-3601-4032-aecd-2578784f6335,2025-08-20,STR008,SKU1001,57,50.0,2025-11-04 11:16:19.423183,7.0
2537,fe9e0b55-3601-4032-aecd-2578784f6335,2025-08-20,STR008,SKU1002,72,71.0,2025-11-04 11:16:19.423183,1.0
2538,fe9e0b55-3601-4032-aecd-2578784f6335,2025-08-20,STR008,SKU1003,96,118.0,2025-11-04 11:16:19.423183,22.0
2539,fe9e0b55-3601-4032-aecd-2578784f6335,2025-08-20,STR008,SKU1004,134,114.0,2025-11-04 11:16:19.423183,20.0
2540,fe9e0b55-3601-4032-aecd-2578784f6335,2025-08-20,STR008,SKU1005,132,110.0,2025-11-04 11:16:19.423183,22.0
2541,fe9e0b55-3601-4032-aecd-2578784f6335,2025-08-20,STR009,SKU1001,86,86.0,2025-11-04 11:16:19.423183,0.0
2542,fe9e0b55-3601-4032-aecd-2578784f6335,2025-08-20,STR009,SKU1002,92,97.0,2025-11-04 11:16:19.423183,5.0
2543,fe9e0b55-3601-4032-aecd-2578784f6335,2025-08-20,STR009,SKU1003,123,98.0,2025-11-04 11:16:19.423183,25.0
2544,fe9e0b55-3601-4032-aecd-2578784f6335,2025-08-20,STR009,SKU1004,61,50.0,2025-11-04 11:16:19.423183,11.0
2545,fe9e0b55-3601-4032-aecd-2578784f6335,2025-08-20,STR009,SKU1005,56,54.0,2025-11-04 11:16:19.423183,2.0
2546,fe9e0b55-3601-4032-aecd-2578784f6335,2025-08-20,STR010,SKU1001,96,118.0,2025-11-04 11:16:19.423183,22.0
2547,fe9e0b55-3601-4032-aecd-2578784f6335,2025-08-20,STR010,SKU1002,45,59.0,2025-11-04 11:16:19.423183,14.0
2548,fe9e0b55-3601-4032-aecd-2578784f6335,2025-08-20,STR010,SKU1003,81,65.0,2025-11-04 11:16:19.423183,16.0
2549,fe9e0b55-3601-4032-aecd-2578784f6335,2025-08-20,STR010,SKU1004,88,119.0,2025-11-04 11:16:19.423183,31.0
2550,fe9e0b55-3601-4032-aecd-2578784f6335,2025-08-20,STR010,SKU1005,104,97.0,2025-11-04 11:16:19.423183,7.0
2551,fe9e0b55-3601-4032-aecd-2578784f6335,2025-08-21,STR001,SKU1001,82,80.0,2025-11-04 11:16:19.423183,2.0
2552,fe9e0b55-3601-4032-aecd-2578784f6335,2025-08-21,STR001,SKU1002,88,72.0,2025-11-04 11:16:19.423183,16.0
2553,fe9e0b55-3601-4032-aecd-2578784f6335,2025-08-21,STR001,SKU1003,138,113.0,2025-11-04 11:16:19.423183,25.0
2554,fe9e0b55-3601-4032-aecd-2578784f6335,2025-08-21,STR001,SKU1004,53,55.0,2025-11-04 11:16:19.423183,2.0
2555,fe9e0b55-3601-4032-aecd-2578784f6335,2025-08-21,STR001,SKU1005,78,82.0,2025-11-04 11:16:19.423183,4.0
2556,fe9e0b55-3601-4032-aecd-2578784f6335,2025-08-21,STR002,SKU1001,20,18.0,2025-11-04 11:16:19.423183,2.0
2557,fe9e0b55-3601-4032-aecd-2578784f6335,2025-08-21,STR002,SKU1002,18,15.0,2025-11-04 11:16:19.423183,3.0
2558,fe9e0b55-3601-4032-aecd-2578784f6335,2025-08-21,STR002,SKU1003,25,25.0,2025-11-04 11:16:19.423183,0.0
2559,fe9e0b55-3601-4032-aecd-2578784f6335,2025-08-21,STR002,SKU1004,18,18.0,2025-11-04 11:16:19.423183,0.0
2560,fe9e0b55-3601-4032-aecd-2578784f6335,2025-08-21,STR002,SKU1005,21,22.0,2025-11-04 11:16:19.423183,1.0
2561,fe9e0b55-3601-4032-aecd-2578784f6335,2025-08-21,STR003,SKU1001,18,20.0,2025-11-04 11:16:19.423183,2.0
2562,fe9e0b55-3601-4032-aecd-2578784f6335,2025-08-21,STR003,SKU1002,6,5.0,2025-11-04 11:16:19.423183,1.0
2563,fe9e0b55-3601-4032-aecd-2578784f6335,2025-08-21,STR003,SKU1003,15,18.0,2025-11-04 11:16:19.423183,3.0
2564,fe9e0b55-3601-4032-aecd-2578784f6335,2025-08-21,STR003,SKU1004,27,25.0,2025-11-04 11:16:19.423183,2.0
2565,fe9e0b55-3601-4032-aecd-2578784f6335,2025-08-21,STR003,SKU1005,23,19.0,2025-11-04 11:16:19.423183,4.0
2566,fe9e0b55-3601-4032-aecd-2578784f6335,2025-08-21,STR004,SKU1001,104,117.0,2025-11-04 11:16:19.423183,13.0
2567,fe9e0b55-3601-4032-aecd-2578784f6335,2025-08-21,STR004,SKU1002,43,50.0,2025-11-04 11:16:19.423183,7.0
2568,fe9e0b55-3601-4032-aecd-2578784f6335,2025-08-21,STR004,SKU1003,50,53.0,2025-11-04 11:16:19.423183,3.0
2569,fe9e0b55-3601-4032-aecd-2578784f6335,2025-08-21,STR004,SKU1004,100,117.0,2025-11-04 11:16:19.423183,17.0
2570,fe9e0b55-3601-4032-aecd-2578784f6335,2025-08-21,STR004,SKU1005,81,110.0,2025-11-04 11:16:19.423183,29.0
2571,fe9e0b55-3601-4032-aecd-2578784f6335,2025-08-21,STR005,SKU1001,10,7.0,2025-11-04 11:16:19.423183,3.0
2572,fe9e0b55-3601-4032-aecd-2578784f6335,2025-08-21,STR005,SKU1002,15,17.0,2025-11-04 11:16:19.423183,2.0
2573,fe9e0b55-3601-4032-aecd-2578784f6335,2025-08-21,STR005,SKU1003,14,15.0,2025-11-04 11:16:19.423183,1.0
2574,fe9e0b55-3601-4032-aecd-2578784f6335,2025-08-21,STR005,SKU1004,8,8.0,2025-11-04 11:16:19.423183,0.0
2575,fe9e0b55-3601-4032-aecd-2578784f6335,2025-08-21,STR005,SKU1005,4,5.0,2025-11-04 11:16:19.423183,1.0
2576,fe9e0b55-3601-4032-aecd-2578784f6335,2025-08-21,STR006,SKU1001,178,166.0,2025-11-04 11:16:19.423183,12.0
2577,fe9e0b55-3601-4032-aecd-2578784f6335,2025-08-21,STR006,SKU1002,272,274.0,2025-11-04 11:16:19.423183,2.0
2578,fe9e0b55-3601-4032-aecd-2578784f6335,2025-08-21,STR006,SKU1003,241,237.0,2025-11-04 11:16:19.423183,4.0
2579,fe9e0b55-3601-4032-aecd-2578784f6335,2025-08-21,STR006,SKU1004,270,288.0,2025-11-04 11:16:19.423183,18.0
2580,fe9e0b55-3601-4032-aecd-2578784f6335,2025-08-21,STR006,SKU1005,275,237.0,2025-11-04 11:16:19.423183,38.0
2581,fe9e0b55-3601-4032-aecd-2578784f6335,2025-08-21,STR007,SKU1001,210,237.0,2025-11-04 11:16:19.423183,27.0
2582,fe9e0b55-3601-4032-aecd-2578784f6335,2025-08-21,STR007,SKU1002,166,181.0,2025-11-04 11:16:19.423183,15.0
2583,fe9e0b55-3601-4032-aecd-2578784f6335,2025-08-21,STR007,SKU1003,241,271.0,2025-11-04 11:16:19.423183,30.0
2584,fe9e0b55-3601-4032-aecd-2578784f6335,2025-08-21,STR007,SKU1004,332,279.0,2025-11-04 11:16:19.423183,53.0
2585,fe9e0b55-3601-4032-aecd-2578784f6335,2025-08-21,STR007,SKU1005,168,199.0,2025-11-04 11:16:19.423183,31.0
2586,fe9e0b55-3601-4032-aecd-2578784f6335,2025-08-21,STR008,SKU1001,54,65.0,2025-11-04 11:16:19.423183,11.0
2587,fe9e0b55-3601-4032-aecd-2578784f6335,2025-08-21,STR008,SKU1002,112,93.0,2025-11-04 11:16:19.423183,19.0
2588,fe9e0b55-3601-4032-aecd-2578784f6335,2025-08-21,STR008,SKU1003,88,77.0,2025-11-04 11:16:19.423183,11.0
2589,fe9e0b55-3601-4032-aecd-2578784f6335,2025-08-21,STR008,SKU1004,85,93.0,2025-11-04 11:16:19.423183,8.0
2590,fe9e0b55-3601-4032-aecd-2578784f6335,2025-08-21,STR008,SKU1005,115,85.0,2025-11-04 11:16:19.423183,30.0
2591,fe9e0b55-3601-4032-aecd-2578784f6335,2025-08-21,STR009,SKU1001,114,112.0,2025-11-04 11:16:19.423183,2.0
2592,fe9e0b55-3601-4032-aecd-2578784f6335,2025-08-21,STR009,SKU1002,113,107.0,2025-11-04 11:16:19.423183,6.0
2593,fe9e0b55-3601-4032-aecd-2578784f6335,2025-08-21,STR009,SKU1003,118,103.0,2025-11-04 11:16:19.423183,15.0
2594,fe9e0b55-3601-4032-aecd-2578784f6335,2025-08-21,STR009,SKU1004,83,91.0,2025-11-04 11:16:19.423183,8.0
2595,fe9e0b55-3601-4032-aecd-2578784f6335,2025-08-21,STR009,SKU1005,80,77.0,2025-11-04 11:16:19.423183,3.0
2596,fe9e0b55-3601-4032-aecd-2578784f6335,2025-08-21,STR010,SKU1001,64,76.0,2025-11-04 11:16:19.423183,12.0
2597,fe9e0b55-3601-4032-aecd-2578784f6335,2025-08-21,STR010,SKU1002,105,106.0,2025-11-04 11:16:19.423183,1.0
2598,fe9e0b55-3601-4032-aecd-2578784f6335,2025-08-21,STR010,SKU1003,46,55.0,2025-11-04 11:16:19.423183,9.0
2599,fe9e0b55-3601-4032-aecd-2578784f6335,2025-08-21,STR010,SKU1004,57,81.0,2025-11-04 11:16:19.423183,24.0
2600,fe9e0b55-3601-4032-aecd-2578784f6335,2025-08-21,STR010,SKU1005,87,87.0,2025-11-04 11:16:19.423183,0.0
2601,fe9e0b55-3601-4032-aecd-2578784f6335,2025-08-22,STR001,SKU1001,57,89.0,2025-11-04 11:16:19.423183,32.0
2602,fe9e0b55-3601-4032-aecd-2578784f6335,2025-08-22,STR001,SKU1002,80,63.0,2025-11-04 11:16:19.423183,17.0
2603,fe9e0b55-3601-4032-aecd-2578784f6335,2025-08-22,STR001,SKU1003,101,113.0,2025-11-04 11:16:19.423183,12.0
2604,fe9e0b55-3601-4032-aecd-2578784f6335,2025-08-22,STR001,SKU1004,82,90.0,2025-11-04 11:16:19.423183,8.0
2605,fe9e0b55-3601-4032-aecd-2578784f6335,2025-08-22,STR001,SKU1005,113,106.0,2025-11-04 11:16:19.423183,7.0
2606,fe9e0b55-3601-4032-aecd-2578784f6335,2025-08-22,STR002,SKU1001,17,24.0,2025-11-04 11:16:19.423183,7.0
2607,fe9e0b55-3601-4032-aecd-2578784f6335,2025-08-22,STR002,SKU1002,19,21.0,2025-11-04 11:16:19.423183,2.0
2608,fe9e0b55-3601-4032-aecd-2578784f6335,2025-08-22,STR002,SKU1003,22,26.0,2025-11-04 11:16:19.423183,4.0
2609,fe9e0b55-3601-4032-aecd-2578784f6335,2025-08-22,STR002,SKU1004,9,8.0,2025-11-04 11:16:19.423183,1.0
2610,fe9e0b55-3601-4032-aecd-2578784f6335,2025-08-22,STR002,SKU1005,9,8.0,2025-11-04 11:16:19.423183,1.0
2611,fe9e0b55-3601-4032-aecd-2578784f6335,2025-08-22,STR003,SKU1001,13,11.0,2025-11-04 11:16:19.423183,2.0
2612,fe9e0b55-3601-4032-aecd-2578784f6335,2025-08-22,STR003,SKU1002,15,14.0,2025-11-04 11:16:19.423183,1.0
2613,fe9e0b55-3601-4032-aecd-2578784f6335,2025-08-22,STR003,SKU1003,27,26.0,2025-11-04 11:16:19.423183,1.0
2614,fe9e0b55-3601-4032-aecd-2578784f6335,2025-08-22,STR003,SKU1004,28,27.0,2025-11-04 11:16:19.423183,1.0
2615,fe9e0b55-3601-4032-aecd-2578784f6335,2025-08-22,STR003,SKU1005,26,27.0,2025-11-04 11:16:19.423183,1.0
2616,fe9e0b55-3601-4032-aecd-2578784f6335,2025-08-22,STR004,SKU1001,100,119.0,2025-11-04 11:16:19.423183,19.0
2617,fe9e0b55-3601-4032-aecd-2578784f6335,2025-08-22,STR004,SKU1002,88,84.0,2025-11-04 11:16:19.423183,4.0
2618,fe9e0b55-3601-4032-aecd-2578784f6335,2025-08-22,STR004,SKU1003,75,71.0,2025-11-04 11:16:19.423183,4.0
2619,fe9e0b55-3601-4032-aecd-2578784f6335,2025-08-22,STR004,SKU1004,54,51.0,2025-11-04 11:16:19.423183,3.0
2620,fe9e0b55-3601-4032-aecd-2578784f6335,2025-08-22,STR004,SKU1005,64,90.0,2025-11-04 11:16:19.423183,26.0
2621,fe9e0b55-3601-4032-aecd-2578784f6335,2025-08-22,STR005,SKU1001,10,11.0,2025-11-04 11:16:19.423183,1.0
2622,fe9e0b55-3601-4032-aecd-2578784f6335,2025-08-22,STR005,SKU1002,25,29.0,2025-11-04 11:16:19.423183,4.0
2623,fe9e0b55-3601-4032-aecd-2578784f6335,2025-08-22,STR005,SKU1003,24,24.0,2025-11-04 11:16:19.423183,0.0
2624,fe9e0b55-3601-4032-aecd-2578784f6335,2025-08-22,STR005,SKU1004,28,26.0,2025-11-04 11:16:19.423183,2.0
2625,fe9e0b55-3601-4032-aecd-2578784f6335,2025-08-22,STR005,SKU1005,17,17.0,2025-11-04 11:16:19.423183,0.0
2626,fe9e0b55-3601-4032-aecd-2578784f6335,2025-08-22,STR006,SKU1001,289,290.0,2025-11-04 11:16:19.423183,1.0
2627,fe9e0b55-3601-4032-aecd-2578784f6335,2025-08-22,STR006,SKU1002,285,249.0,2025-11-04 11:16:19.423183,36.0
2628,fe9e0b55-3601-4032-aecd-2578784f6335,2025-08-22,STR006,SKU1003,172,163.0,2025-11-04 11:16:19.423183,9.0
2629,fe9e0b55-3601-4032-aecd-2578784f6335,2025-08-22,STR006,SKU1004,156,160.0,2025-11-04 11:16:19.423183,4.0
2630,fe9e0b55-3601-4032-aecd-2578784f6335,2025-08-22,STR006,SKU1005,222,282.0,2025-11-04 11:16:19.423183,60.0
2631,fe9e0b55-3601-4032-aecd-2578784f6335,2025-08-22,STR007,SKU1001,130,167.0,2025-11-04 11:16:19.423183,37.0
2632,fe9e0b55-3601-4032-aecd-2578784f6335,2025-08-22,STR007,SKU1002,250,255.0,2025-11-04 11:16:19.423183,5.0
2633,fe9e0b55-3601-4032-aecd-2578784f6335,2025-08-22,STR007,SKU1003,296,243.0,2025-11-04 11:16:19.423183,53.0
2634,fe9e0b55-3601-4032-aecd-2578784f6335,2025-08-22,STR007,SKU1004,223,207.0,2025-11-04 11:16:19.423183,16.0
2635,fe9e0b55-3601-4032-aecd-2578784f6335,2025-08-22,STR007,SKU1005,183,226.0,2025-11-04 11:16:19.423183,43.0
2636,fe9e0b55-3601-4032-aecd-2578784f6335,2025-08-22,STR008,SKU1001,104,109.0,2025-11-04 11:16:19.423183,5.0
2637,fe9e0b55-3601-4032-aecd-2578784f6335,2025-08-22,STR008,SKU1002,92,92.0,2025-11-04 11:16:19.423183,0.0
2638,fe9e0b55-3601-4032-aecd-2578784f6335,2025-08-22,STR008,SKU1003,54,54.0,2025-11-04 11:16:19.423183,0.0
2639,fe9e0b55-3601-4032-aecd-2578784f6335,2025-08-22,STR008,SKU1004,56,72.0,2025-11-04 11:16:19.423183,16.0
2640,fe9e0b55-3601-4032-aecd-2578784f6335,2025-08-22,STR008,SKU1005,120,111.0,2025-11-04 11:16:19.423183,9.0
2641,fe9e0b55-3601-4032-aecd-2578784f6335,2025-08-22,STR009,SKU1001,83,107.0,2025-11-04 11:16:19.423183,24.0
2642,fe9e0b55-3601-4032-aecd-2578784f6335,2025-08-22,STR009,SKU1002,86,81.0,2025-11-04 11:16:19.423183,5.0
2643,fe9e0b55-3601-4032-aecd-2578784f6335,2025-08-22,STR009,SKU1003,71,82.0,2025-11-04 11:16:19.423183,11.0
2644,fe9e0b55-3601-4032-aecd-2578784f6335,2025-08-22,STR009,SKU1004,47,64.0,2025-11-04 11:16:19.423183,17.0
2645,fe9e0b55-3601-4032-aecd-2578784f6335,2025-08-22,STR009,SKU1005,87,86.0,2025-11-04 11:16:19.423183,1.0
2646,fe9e0b55-3601-4032-aecd-2578784f6335,2025-08-22,STR010,SKU1001,71,90.0,2025-11-04 11:16:19.423183,19.0
2647,fe9e0b55-3601-4032-aecd-2578784f6335,2025-08-22,STR010,SKU1002,111,114.0,2025-11-04 11:16:19.423183,3.0
2648,fe9e0b55-3601-4032-aecd-2578784f6335,2025-08-22,STR010,SKU1003,76,82.0,2025-11-04 11:16:19.423183,6.0
2649,fe9e0b55-3601-4032-aecd-2578784f6335,2025-08-22,STR010,SKU1004,61,63.0,2025-11-04 11:16:19.423183,2.0
2650,fe9e0b55-3601-4032-aecd-2578784f6335,2025-08-22,STR010,SKU1005,55,54.0,2025-11-04 11:16:19.423183,1.0
2651,fe9e0b55-3601-4032-aecd-2578784f6335,2025-08-23,STR001,SKU1001,76,62.0,2025-11-04 11:16:19.423183,14.0
2652,fe9e0b55-3601-4032-aecd-2578784f6335,2025-08-23,STR001,SKU1002,114,85.0,2025-11-04 11:16:19.423183,29.0
2653,fe9e0b55-3601-4032-aecd-2578784f6335,2025-08-23,STR001,SKU1003,77,67.0,2025-11-04 11:16:19.423183,10.0
2654,fe9e0b55-3601-4032-aecd-2578784f6335,2025-08-23,STR001,SKU1004,60,68.0,2025-11-04 11:16:19.423183,8.0
2655,fe9e0b55-3601-4032-aecd-2578784f6335,2025-08-23,STR001,SKU1005,124,110.0,2025-11-04 11:16:19.423183,14.0
2656,fe9e0b55-3601-4032-aecd-2578784f6335,2025-08-23,STR002,SKU1001,5,6.0,2025-11-04 11:16:19.423183,1.0
2657,fe9e0b55-3601-4032-aecd-2578784f6335,2025-08-23,STR002,SKU1002,16,21.0,2025-11-04 11:16:19.423183,5.0
2658,fe9e0b55-3601-4032-aecd-2578784f6335,2025-08-23,STR002,SKU1003,25,29.0,2025-11-04 11:16:19.423183,4.0
2659,fe9e0b55-3601-4032-aecd-2578784f6335,2025-08-23,STR002,SKU1004,15,23.0,2025-11-04 11:16:19.423183,8.0
2660,fe9e0b55-3601-4032-aecd-2578784f6335,2025-08-23,STR002,SKU1005,25,24.0,2025-11-04 11:16:19.423183,1.0
2661,fe9e0b55-3601-4032-aecd-2578784f6335,2025-08-23,STR003,SKU1001,14,22.0,2025-11-04 11:16:19.423183,8.0
2662,fe9e0b55-3601-4032-aecd-2578784f6335,2025-08-23,STR003,SKU1002,31,28.0,2025-11-04 11:16:19.423183,3.0
2663,fe9e0b55-3601-4032-aecd-2578784f6335,2025-08-23,STR003,SKU1003,22,19.0,2025-11-04 11:16:19.423183,3.0
2664,fe9e0b55-3601-4032-aecd-2578784f6335,2025-08-23,STR003,SKU1004,17,17.0,2025-11-04 11:16:19.423183,0.0
2665,fe9e0b55-3601-4032-aecd-2578784f6335,2025-08-23,STR003,SKU1005,21,19.0,2025-11-04 11:16:19.423183,2.0
2666,fe9e0b55-3601-4032-aecd-2578784f6335,2025-08-23,STR004,SKU1001,136,119.0,2025-11-04 11:16:19.423183,17.0
2667,fe9e0b55-3601-4032-aecd-2578784f6335,2025-08-23,STR004,SKU1002,118,104.0,2025-11-04 11:16:19.423183,14.0
2668,fe9e0b55-3601-4032-aecd-2578784f6335,2025-08-23,STR004,SKU1003,57,61.0,2025-11-04 11:16:19.423183,4.0
2669,fe9e0b55-3601-4032-aecd-2578784f6335,2025-08-23,STR004,SKU1004,83,79.0,2025-11-04 11:16:19.423183,4.0
2670,fe9e0b55-3601-4032-aecd-2578784f6335,2025-08-23,STR004,SKU1005,102,82.0,2025-11-04 11:16:19.423183,20.0
2671,fe9e0b55-3601-4032-aecd-2578784f6335,2025-08-23,STR005,SKU1001,15,13.0,2025-11-04 11:16:19.423183,2.0
2672,fe9e0b55-3601-4032-aecd-2578784f6335,2025-08-23,STR005,SKU1002,27,27.0,2025-11-04 11:16:19.423183,0.0
2673,fe9e0b55-3601-4032-aecd-2578784f6335,2025-08-23,STR005,SKU1003,22,21.0,2025-11-04 11:16:19.423183,1.0
2674,fe9e0b55-3601-4032-aecd-2578784f6335,2025-08-23,STR005,SKU1004,22,20.0,2025-11-04 11:16:19.423183,2.0
2675,fe9e0b55-3601-4032-aecd-2578784f6335,2025-08-23,STR005,SKU1005,21,26.0,2025-11-04 11:16:19.423183,5.0
2676,fe9e0b55-3601-4032-aecd-2578784f6335,2025-08-23,STR006,SKU1001,278,264.0,2025-11-04 11:16:19.423183,14.0
2677,fe9e0b55-3601-4032-aecd-2578784f6335,2025-08-23,STR006,SKU1002,267,230.0,2025-11-04 11:16:19.423183,37.0
2678,fe9e0b55-3601-4032-aecd-2578784f6335,2025-08-23,STR006,SKU1003,274,261.0,2025-11-04 11:16:19.423183,13.0
2679,fe9e0b55-3601-4032-aecd-2578784f6335,2025-08-23,STR006,SKU1004,293,297.0,2025-11-04 11:16:19.423183,4.0
2680,fe9e0b55-3601-4032-aecd-2578784f6335,2025-08-23,STR006,SKU1005,144,163.0,2025-11-04 11:16:19.423183,19.0
2681,fe9e0b55-3601-4032-aecd-2578784f6335,2025-08-23,STR007,SKU1001,287,279.0,2025-11-04 11:16:19.423183,8.0
2682,fe9e0b55-3601-4032-aecd-2578784f6335,2025-08-23,STR007,SKU1002,270,278.0,2025-11-04 11:16:19.423183,8.0
2683,fe9e0b55-3601-4032-aecd-2578784f6335,2025-08-23,STR007,SKU1003,218,222.0,2025-11-04 11:16:19.423183,4.0
2684,fe9e0b55-3601-4032-aecd-2578784f6335,2025-08-23,STR007,SKU1004,329,280.0,2025-11-04 11:16:19.423183,49.0
2685,fe9e0b55-3601-4032-aecd-2578784f6335,2025-08-23,STR007,SKU1005,295,248.0,2025-11-04 11:16:19.423183,47.0
2686,fe9e0b55-3601-4032-aecd-2578784f6335,2025-08-23,STR008,SKU1001,66,81.0,2025-11-04 11:16:19.423183,15.0
2687,fe9e0b55-3601-4032-aecd-2578784f6335,2025-08-23,STR008,SKU1002,86,80.0,2025-11-04 11:16:19.423183,6.0
2688,fe9e0b55-3601-4032-aecd-2578784f6335,2025-08-23,STR008,SKU1003,51,66.0,2025-11-04 11:16:19.423183,15.0
2689,fe9e0b55-3601-4032-aecd-2578784f6335,2025-08-23,STR008,SKU1004,55,62.0,2025-11-04 11:16:19.423183,7.0
2690,fe9e0b55-3601-4032-aecd-2578784f6335,2025-08-23,STR008,SKU1005,81,94.0,2025-11-04 11:16:19.423183,13.0
2691,fe9e0b55-3601-4032-aecd-2578784f6335,2025-08-23,STR009,SKU1001,63,66.0,2025-11-04 11:16:19.423183,3.0
2692,fe9e0b55-3601-4032-aecd-2578784f6335,2025-08-23,STR009,SKU1002,65,59.0,2025-11-04 11:16:19.423183,6.0
2693,fe9e0b55-3601-4032-aecd-2578784f6335,2025-08-23,STR009,SKU1003,53,51.0,2025-11-04 11:16:19.423183,2.0
2694,fe9e0b55-3601-4032-aecd-2578784f6335,2025-08-23,STR009,SKU1004,103,99.0,2025-11-04 11:16:19.423183,4.0
2695,fe9e0b55-3601-4032-aecd-2578784f6335,2025-08-23,STR009,SKU1005,86,79.0,2025-11-04 11:16:19.423183,7.0
2696,fe9e0b55-3601-4032-aecd-2578784f6335,2025-08-23,STR010,SKU1001,80,97.0,2025-11-04 11:16:19.423183,17.0
2697,fe9e0b55-3601-4032-aecd-2578784f6335,2025-08-23,STR010,SKU1002,46,51.0,2025-11-04 11:16:19.423183,5.0
2698,fe9e0b55-3601-4032-aecd-2578784f6335,2025-08-23,STR010,SKU1003,77,90.0,2025-11-04 11:16:19.423183,13.0
2699,fe9e0b55-3601-4032-aecd-2578784f6335,2025-08-23,STR010,SKU1004,56,57.0,2025-11-04 11:16:19.423183,1.0
2700,fe9e0b55-3601-4032-aecd-2578784f6335,2025-08-23,STR010,SKU1005,72,80.0,2025-11-04 11:16:19.423183,8.0
2701,fe9e0b55-3601-4032-aecd-2578784f6335,2025-08-24,STR001,SKU1001,128,119.0,2025-11-04 11:16:19.423183,9.0
2702,fe9e0b55-3601-4032-aecd-2578784f6335,2025-08-24,STR001,SKU1002,79,72.0,2025-11-04 11:16:19.423183,7.0
2703,fe9e0b55-3601-4032-aecd-2578784f6335,2025-08-24,STR001,SKU1003,117,106.0,2025-11-04 11:16:19.423183,11.0
2704,fe9e0b55-3601-4032-aecd-2578784f6335,2025-08-24,STR001,SKU1004,86,66.0,2025-11-04 11:16:19.423183,20.0
2705,fe9e0b55-3601-4032-aecd-2578784f6335,2025-08-24,STR001,SKU1005,58,66.0,2025-11-04 11:16:19.423183,8.0
2706,fe9e0b55-3601-4032-aecd-2578784f6335,2025-08-24,STR002,SKU1001,9,9.0,2025-11-04 11:16:19.423183,0.0
2707,fe9e0b55-3601-4032-aecd-2578784f6335,2025-08-24,STR002,SKU1002,6,7.0,2025-11-04 11:16:19.423183,1.0
2708,fe9e0b55-3601-4032-aecd-2578784f6335,2025-08-24,STR002,SKU1003,20,21.0,2025-11-04 11:16:19.423183,1.0
2709,fe9e0b55-3601-4032-aecd-2578784f6335,2025-08-24,STR002,SKU1004,22,21.0,2025-11-04 11:16:19.423183,1.0
2710,fe9e0b55-3601-4032-aecd-2578784f6335,2025-08-24,STR002,SKU1005,8,9.0,2025-11-04 11:16:19.423183,1.0
2711,fe9e0b55-3601-4032-aecd-2578784f6335,2025-08-24,STR003,SKU1001,10,10.0,2025-11-04 11:16:19.423183,0.0
2712,fe9e0b55-3601-4032-aecd-2578784f6335,2025-08-24,STR003,SKU1002,26,29.0,2025-11-04 11:16:19.423183,3.0
2713,fe9e0b55-3601-4032-aecd-2578784f6335,2025-08-24,STR003,SKU1003,19,20.0,2025-11-04 11:16:19.423183,1.0
2714,fe9e0b55-3601-4032-aecd-2578784f6335,2025-08-24,STR003,SKU1004,18,16.0,2025-11-04 11:16:19.423183,2.0
2715,fe9e0b55-3601-4032-aecd-2578784f6335,2025-08-24,STR003,SKU1005,27,26.0,2025-11-04 11:16:19.423183,1.0
2716,fe9e0b55-3601-4032-aecd-2578784f6335,2025-08-24,STR004,SKU1001,74,74.0,2025-11-04 11:16:19.423183,0.0
2717,fe9e0b55-3601-4032-aecd-2578784f6335,2025-08-24,STR004,SKU1002,115,95.0,2025-11-04 11:16:19.423183,20.0
2718,fe9e0b55-3601-4032-aecd-2578784f6335,2025-08-24,STR004,SKU1003,55,50.0,2025-11-04 11:16:19.423183,5.0
2719,fe9e0b55-3601-4032-aecd-2578784f6335,2025-08-24,STR004,SKU1004,97,98.0,2025-11-04 11:16:19.423183,1.0
2720,fe9e0b55-3601-4032-aecd-2578784f6335,2025-08-24,STR004,SKU1005,148,114.0,2025-11-04 11:16:19.423183,34.0
2721,fe9e0b55-3601-4032-aecd-2578784f6335,2025-08-24,STR005,SKU1001,15,18.0,2025-11-04 11:16:19.423183,3.0
2722,fe9e0b55-3601-4032-aecd-2578784f6335,2025-08-24,STR005,SKU1002,25,26.0,2025-11-04 11:16:19.423183,1.0
2723,fe9e0b55-3601-4032-aecd-2578784f6335,2025-08-24,STR005,SKU1003,6,7.0,2025-11-04 11:16:19.423183,1.0
2724,fe9e0b55-3601-4032-aecd-2578784f6335,2025-08-24,STR005,SKU1004,17,16.0,2025-11-04 11:16:19.423183,1.0
2725,fe9e0b55-3601-4032-aecd-2578784f6335,2025-08-24,STR005,SKU1005,7,8.0,2025-11-04 11:16:19.423183,1.0
2726,fe9e0b55-3601-4032-aecd-2578784f6335,2025-08-24,STR006,SKU1001,272,290.0,2025-11-04 11:16:19.423183,18.0
2727,fe9e0b55-3601-4032-aecd-2578784f6335,2025-08-24,STR006,SKU1002,183,151.0,2025-11-04 11:16:19.423183,32.0
2728,fe9e0b55-3601-4032-aecd-2578784f6335,2025-08-24,STR006,SKU1003,190,182.0,2025-11-04 11:16:19.423183,8.0
2729,fe9e0b55-3601-4032-aecd-2578784f6335,2025-08-24,STR006,SKU1004,218,194.0,2025-11-04 11:16:19.423183,24.0
2730,fe9e0b55-3601-4032-aecd-2578784f6335,2025-08-24,STR006,SKU1005,144,172.0,2025-11-04 11:16:19.423183,28.0
2731,fe9e0b55-3601-4032-aecd-2578784f6335,2025-08-24,STR007,SKU1001,228,223.0,2025-11-04 11:16:19.423183,5.0
2732,fe9e0b55-3601-4032-aecd-2578784f6335,2025-08-24,STR007,SKU1002,136,152.0,2025-11-04 11:16:19.423183,16.0
2733,fe9e0b55-3601-4032-aecd-2578784f6335,2025-08-24,STR007,SKU1003,291,246.0,2025-11-04 11:16:19.423183,45.0
2734,fe9e0b55-3601-4032-aecd-2578784f6335,2025-08-24,STR007,SKU1004,243,210.0,2025-11-04 11:16:19.423183,33.0
2735,fe9e0b55-3601-4032-aecd-2578784f6335,2025-08-24,STR007,SKU1005,316,242.0,2025-11-04 11:16:19.423183,74.0
2736,fe9e0b55-3601-4032-aecd-2578784f6335,2025-08-24,STR008,SKU1001,73,71.0,2025-11-04 11:16:19.423183,2.0
2737,fe9e0b55-3601-4032-aecd-2578784f6335,2025-08-24,STR008,SKU1002,99,112.0,2025-11-04 11:16:19.423183,13.0
2738,fe9e0b55-3601-4032-aecd-2578784f6335,2025-08-24,STR008,SKU1003,65,70.0,2025-11-04 11:16:19.423183,5.0
2739,fe9e0b55-3601-4032-aecd-2578784f6335,2025-08-24,STR008,SKU1004,81,91.0,2025-11-04 11:16:19.423183,10.0
2740,fe9e0b55-3601-4032-aecd-2578784f6335,2025-08-24,STR008,SKU1005,74,77.0,2025-11-04 11:16:19.423183,3.0
2741,fe9e0b55-3601-4032-aecd-2578784f6335,2025-08-24,STR009,SKU1001,118,101.0,2025-11-04 11:16:19.423183,17.0
2742,fe9e0b55-3601-4032-aecd-2578784f6335,2025-08-24,STR009,SKU1002,94,89.0,2025-11-04 11:16:19.423183,5.0
2743,fe9e0b55-3601-4032-aecd-2578784f6335,2025-08-24,STR009,SKU1003,80,90.0,2025-11-04 11:16:19.423183,10.0
2744,fe9e0b55-3601-4032-aecd-2578784f6335,2025-08-24,STR009,SKU1004,109,98.0,2025-11-04 11:16:19.423183,11.0
2745,fe9e0b55-3601-4032-aecd-2578784f6335,2025-08-24,STR009,SKU1005,68,59.0,2025-11-04 11:16:19.423183,9.0
2746,fe9e0b55-3601-4032-aecd-2578784f6335,2025-08-24,STR010,SKU1001,80,107.0,2025-11-04 11:16:19.423183,27.0
2747,fe9e0b55-3601-4032-aecd-2578784f6335,2025-08-24,STR010,SKU1002,70,76.0,2025-11-04 11:16:19.423183,6.0
2748,fe9e0b55-3601-4032-aecd-2578784f6335,2025-08-24,STR010,SKU1003,76,87.0,2025-11-04 11:16:19.423183,11.0
2749,fe9e0b55-3601-4032-aecd-2578784f6335,2025-08-24,STR010,SKU1004,94,68.0,2025-11-04 11:16:19.423183,26.0
2750,fe9e0b55-3601-4032-aecd-2578784f6335,2025-08-24,STR010,SKU1005,61,55.0,2025-11-04 11:16:19.423183,6.0
2751,fe9e0b55-3601-4032-aecd-2578784f6335,2025-08-25,STR001,SKU1001,138,116.0,2025-11-04 11:16:19.423183,22.0
2752,fe9e0b55-3601-4032-aecd-2578784f6335,2025-08-25,STR001,SKU1002,129,112.0,2025-11-04 11:16:19.423183,17.0
2753,fe9e0b55-3601-4032-aecd-2578784f6335,2025-08-25,STR001,SKU1003,87,95.0,2025-11-04 11:16:19.423183,8.0
2754,fe9e0b55-3601-4032-aecd-2578784f6335,2025-08-25,STR001,SKU1004,123,112.0,2025-11-04 11:16:19.423183,11.0
2755,fe9e0b55-3601-4032-aecd-2578784f6335,2025-08-25,STR001,SKU1005,147,116.0,2025-11-04 11:16:19.423183,31.0
2756,fe9e0b55-3601-4032-aecd-2578784f6335,2025-08-25,STR002,SKU1001,13,16.0,2025-11-04 11:16:19.423183,3.0
2757,fe9e0b55-3601-4032-aecd-2578784f6335,2025-08-25,STR002,SKU1002,27,29.0,2025-11-04 11:16:19.423183,2.0
2758,fe9e0b55-3601-4032-aecd-2578784f6335,2025-08-25,STR002,SKU1003,22,21.0,2025-11-04 11:16:19.423183,1.0
2759,fe9e0b55-3601-4032-aecd-2578784f6335,2025-08-25,STR002,SKU1004,11,11.0,2025-11-04 11:16:19.423183,0.0
2760,fe9e0b55-3601-4032-aecd-2578784f6335,2025-08-25,STR002,SKU1005,14,13.0,2025-11-04 11:16:19.423183,1.0
2761,fe9e0b55-3601-4032-aecd-2578784f6335,2025-08-25,STR003,SKU1001,28,26.0,2025-11-04 11:16:19.423183,2.0
2762,fe9e0b55-3601-4032-aecd-2578784f6335,2025-08-25,STR003,SKU1002,29,26.0,2025-11-04 11:16:19.423183,3.0
2763,fe9e0b55-3601-4032-aecd-2578784f6335,2025-08-25,STR003,SKU1003,21,23.0,2025-11-04 11:16:19.423183,2.0
2764,fe9e0b55-3601-4032-aecd-2578784f6335,2025-08-25,STR003,SKU1004,6,7.0,2025-11-04 11:16:19.423183,1.0
2765,fe9e0b55-3601-4032-aecd-2578784f6335,2025-08-25,STR003,SKU1005,18,25.0,2025-11-04 11:16:19.423183,7.0
2766,fe9e0b55-3601-4032-aecd-2578784f6335,2025-08-25,STR004,SKU1001,92,91.0,2025-11-04 11:16:19.423183,1.0
2767,fe9e0b55-3601-4032-aecd-2578784f6335,2025-08-25,STR004,SKU1002,100,95.0,2025-11-04 11:16:19.423183,5.0
2768,fe9e0b55-3601-4032-aecd-2578784f6335,2025-08-25,STR004,SKU1003,88,81.0,2025-11-04 11:16:19.423183,7.0
2769,fe9e0b55-3601-4032-aecd-2578784f6335,2025-08-25,STR004,SKU1004,72,55.0,2025-11-04 11:16:19.423183,17.0
2770,fe9e0b55-3601-4032-aecd-2578784f6335,2025-08-25,STR004,SKU1005,55,53.0,2025-11-04 11:16:19.423183,2.0
2771,fe9e0b55-3601-4032-aecd-2578784f6335,2025-08-25,STR005,SKU1001,12,11.0,2025-11-04 11:16:19.423183,1.0
2772,fe9e0b55-3601-4032-aecd-2578784f6335,2025-08-25,STR005,SKU1002,25,21.0,2025-11-04 11:16:19.423183,4.0
2773,fe9e0b55-3601-4032-aecd-2578784f6335,2025-08-25,STR005,SKU1003,15,21.0,2025-11-04 11:16:19.423183,6.0
2774,fe9e0b55-3601-4032-aecd-2578784f6335,2025-08-25,STR005,SKU1004,27,24.0,2025-11-04 11:16:19.423183,3.0
2775,fe9e0b55-3601-4032-aecd-2578784f6335,2025-08-25,STR005,SKU1005,29,27.0,2025-11-04 11:16:19.423183,2.0
2776,fe9e0b55-3601-4032-aecd-2578784f6335,2025-08-25,STR006,SKU1001,216,172.0,2025-11-04 11:16:19.423183,44.0
2777,fe9e0b55-3601-4032-aecd-2578784f6335,2025-08-25,STR006,SKU1002,289,294.0,2025-11-04 11:16:19.423183,5.0
2778,fe9e0b55-3601-4032-aecd-2578784f6335,2025-08-25,STR006,SKU1003,143,151.0,2025-11-04 11:16:19.423183,8.0
2779,fe9e0b55-3601-4032-aecd-2578784f6335,2025-08-25,STR006,SKU1004,190,163.0,2025-11-04 11:16:19.423183,27.0
2780,fe9e0b55-3601-4032-aecd-2578784f6335,2025-08-25,STR006,SKU1005,235,258.0,2025-11-04 11:16:19.423183,23.0
2781,fe9e0b55-3601-4032-aecd-2578784f6335,2025-08-25,STR007,SKU1001,311,299.0,2025-11-04 11:16:19.423183,12.0
2782,fe9e0b55-3601-4032-aecd-2578784f6335,2025-08-25,STR007,SKU1002,294,272.0,2025-11-04 11:16:19.423183,22.0
2783,fe9e0b55-3601-4032-aecd-2578784f6335,2025-08-25,STR007,SKU1003,222,215.0,2025-11-04 11:16:19.423183,7.0
2784,fe9e0b55-3601-4032-aecd-2578784f6335,2025-08-25,STR007,SKU1004,214,161.0,2025-11-04 11:16:19.423183,53.0
2785,fe9e0b55-3601-4032-aecd-2578784f6335,2025-08-25,STR007,SKU1005,231,214.0,2025-11-04 11:16:19.423183,17.0
2786,fe9e0b55-3601-4032-aecd-2578784f6335,2025-08-25,STR008,SKU1001,91,112.0,2025-11-04 11:16:19.423183,21.0
2787,fe9e0b55-3601-4032-aecd-2578784f6335,2025-08-25,STR008,SKU1002,95,103.0,2025-11-04 11:16:19.423183,8.0
2788,fe9e0b55-3601-4032-aecd-2578784f6335,2025-08-25,STR008,SKU1003,110,99.0,2025-11-04 11:16:19.423183,11.0
2789,fe9e0b55-3601-4032-aecd-2578784f6335,2025-08-25,STR008,SKU1004,40,60.0,2025-11-04 11:16:19.423183,20.0
2790,fe9e0b55-3601-4032-aecd-2578784f6335,2025-08-25,STR008,SKU1005,113,116.0,2025-11-04 11:16:19.423183,3.0
2791,fe9e0b55-3601-4032-aecd-2578784f6335,2025-08-25,STR009,SKU1001,55,54.0,2025-11-04 11:16:19.423183,1.0
2792,fe9e0b55-3601-4032-aecd-2578784f6335,2025-08-25,STR009,SKU1002,61,59.0,2025-11-04 11:16:19.423183,2.0
2793,fe9e0b55-3601-4032-aecd-2578784f6335,2025-08-25,STR009,SKU1003,50,82.0,2025-11-04 11:16:19.423183,32.0
2794,fe9e0b55-3601-4032-aecd-2578784f6335,2025-08-25,STR009,SKU1004,75,67.0,2025-11-04 11:16:19.423183,8.0
2795,fe9e0b55-3601-4032-aecd-2578784f6335,2025-08-25,STR009,SKU1005,57,56.0,2025-11-04 11:16:19.423183,1.0
2796,fe9e0b55-3601-4032-aecd-2578784f6335,2025-08-25,STR010,SKU1001,90,100.0,2025-11-04 11:16:19.423183,10.0
2797,fe9e0b55-3601-4032-aecd-2578784f6335,2025-08-25,STR010,SKU1002,157,119.0,2025-11-04 11:16:19.423183,38.0
2798,fe9e0b55-3601-4032-aecd-2578784f6335,2025-08-25,STR010,SKU1003,72,71.0,2025-11-04 11:16:19.423183,1.0
2799,fe9e0b55-3601-4032-aecd-2578784f6335,2025-08-25,STR010,SKU1004,52,50.0,2025-11-04 11:16:19.423183,2.0
2800,fe9e0b55-3601-4032-aecd-2578784f6335,2025-08-25,STR010,SKU1005,44,51.0,2025-11-04 11:16:19.423183,7.0
2801,fe9e0b55-3601-4032-aecd-2578784f6335,2025-08-26,STR001,SKU1001,79,90.0,2025-11-04 11:16:19.423183,11.0
2802,fe9e0b55-3601-4032-aecd-2578784f6335,2025-08-26,STR001,SKU1002,92,93.0,2025-11-04 11:16:19.423183,1.0
2803,fe9e0b55-3601-4032-aecd-2578784f6335,2025-08-26,STR001,SKU1003,102,92.0,2025-11-04 11:16:19.423183,10.0
2804,fe9e0b55-3601-4032-aecd-2578784f6335,2025-08-26,STR001,SKU1004,61,62.0,2025-11-04 11:16:19.423183,1.0
2805,fe9e0b55-3601-4032-aecd-2578784f6335,2025-08-26,STR001,SKU1005,89,90.0,2025-11-04 11:16:19.423183,1.0
2806,fe9e0b55-3601-4032-aecd-2578784f6335,2025-08-26,STR002,SKU1001,17,16.0,2025-11-04 11:16:19.423183,1.0
2807,fe9e0b55-3601-4032-aecd-2578784f6335,2025-08-26,STR002,SKU1002,12,17.0,2025-11-04 11:16:19.423183,5.0
2808,fe9e0b55-3601-4032-aecd-2578784f6335,2025-08-26,STR002,SKU1003,31,28.0,2025-11-04 11:16:19.423183,3.0
2809,fe9e0b55-3601-4032-aecd-2578784f6335,2025-08-26,STR002,SKU1004,28,25.0,2025-11-04 11:16:19.423183,3.0
2810,fe9e0b55-3601-4032-aecd-2578784f6335,2025-08-26,STR002,SKU1005,19,25.0,2025-11-04 11:16:19.423183,6.0
2811,fe9e0b55-3601-4032-aecd-2578784f6335,2025-08-26,STR003,SKU1001,4,5.0,2025-11-04 11:16:19.423183,1.0
2812,fe9e0b55-3601-4032-aecd-2578784f6335,2025-08-26,STR003,SKU1002,29,24.0,2025-11-04 11:16:19.423183,5.0
2813,fe9e0b55-3601-4032-aecd-2578784f6335,2025-08-26,STR003,SKU1003,32,27.0,2025-11-04 11:16:19.423183,5.0
2814,fe9e0b55-3601-4032-aecd-2578784f6335,2025-08-26,STR003,SKU1004,5,5.0,2025-11-04 11:16:19.423183,0.0
2815,fe9e0b55-3601-4032-aecd-2578784f6335,2025-08-26,STR003,SKU1005,12,13.0,2025-11-04 11:16:19.423183,1.0
2816,fe9e0b55-3601-4032-aecd-2578784f6335,2025-08-26,STR004,SKU1001,81,118.0,2025-11-04 11:16:19.423183,37.0
2817,fe9e0b55-3601-4032-aecd-2578784f6335,2025-08-26,STR004,SKU1002,113,117.0,2025-11-04 11:16:19.423183,4.0
2818,fe9e0b55-3601-4032-aecd-2578784f6335,2025-08-26,STR004,SKU1003,64,59.0,2025-11-04 11:16:19.423183,5.0
2819,fe9e0b55-3601-4032-aecd-2578784f6335,2025-08-26,STR004,SKU1004,89,86.0,2025-11-04 11:16:19.423183,3.0
2820,fe9e0b55-3601-4032-aecd-2578784f6335,2025-08-26,STR004,SKU1005,52,54.0,2025-11-04 11:16:19.423183,2.0
2821,fe9e0b55-3601-4032-aecd-2578784f6335,2025-08-26,STR005,SKU1001,9,8.0,2025-11-04 11:16:19.423183,1.0
2822,fe9e0b55-3601-4032-aecd-2578784f6335,2025-08-26,STR005,SKU1002,19,17.0,2025-11-04 11:16:19.423183,2.0
2823,fe9e0b55-3601-4032-aecd-2578784f6335,2025-08-26,STR005,SKU1003,15,13.0,2025-11-04 11:16:19.423183,2.0
2824,fe9e0b55-3601-4032-aecd-2578784f6335,2025-08-26,STR005,SKU1004,12,12.0,2025-11-04 11:16:19.423183,0.0
2825,fe9e0b55-3601-4032-aecd-2578784f6335,2025-08-26,STR005,SKU1005,27,29.0,2025-11-04 11:16:19.423183,2.0
2826,fe9e0b55-3601-4032-aecd-2578784f6335,2025-08-26,STR006,SKU1001,179,180.0,2025-11-04 11:16:19.423183,1.0
2827,fe9e0b55-3601-4032-aecd-2578784f6335,2025-08-26,STR006,SKU1002,122,154.0,2025-11-04 11:16:19.423183,32.0
2828,fe9e0b55-3601-4032-aecd-2578784f6335,2025-08-26,STR006,SKU1003,93,159.0,2025-11-04 11:16:19.423183,66.0
2829,fe9e0b55-3601-4032-aecd-2578784f6335,2025-08-26,STR006,SKU1004,198,193.0,2025-11-04 11:16:19.423183,5.0
2830,fe9e0b55-3601-4032-aecd-2578784f6335,2025-08-26,STR006,SKU1005,201,203.0,2025-11-04 11:16:19.423183,2.0
2831,fe9e0b55-3601-4032-aecd-2578784f6335,2025-08-26,STR007,SKU1001,226,220.0,2025-11-04 11:16:19.423183,6.0
2832,fe9e0b55-3601-4032-aecd-2578784f6335,2025-08-26,STR007,SKU1002,376,284.0,2025-11-04 11:16:19.423183,92.0
2833,fe9e0b55-3601-4032-aecd-2578784f6335,2025-08-26,STR007,SKU1003,208,242.0,2025-11-04 11:16:19.423183,34.0
2834,fe9e0b55-3601-4032-aecd-2578784f6335,2025-08-26,STR007,SKU1004,213,215.0,2025-11-04 11:16:19.423183,2.0
2835,fe9e0b55-3601-4032-aecd-2578784f6335,2025-08-26,STR007,SKU1005,315,283.0,2025-11-04 11:16:19.423183,32.0
2836,fe9e0b55-3601-4032-aecd-2578784f6335,2025-08-26,STR008,SKU1001,56,81.0,2025-11-04 11:16:19.423183,25.0
2837,fe9e0b55-3601-4032-aecd-2578784f6335,2025-08-26,STR008,SKU1002,95,97.0,2025-11-04 11:16:19.423183,2.0
2838,fe9e0b55-3601-4032-aecd-2578784f6335,2025-08-26,STR008,SKU1003,73,66.0,2025-11-04 11:16:19.423183,7.0
2839,fe9e0b55-3601-4032-aecd-2578784f6335,2025-08-26,STR008,SKU1004,65,84.0,2025-11-04 11:16:19.423183,19.0
2840,fe9e0b55-3601-4032-aecd-2578784f6335,2025-08-26,STR008,SKU1005,132,119.0,2025-11-04 11:16:19.423183,13.0
2841,fe9e0b55-3601-4032-aecd-2578784f6335,2025-08-26,STR009,SKU1001,67,73.0,2025-11-04 11:16:19.423183,6.0
2842,fe9e0b55-3601-4032-aecd-2578784f6335,2025-08-26,STR009,SKU1002,147,115.0,2025-11-04 11:16:19.423183,32.0
2843,fe9e0b55-3601-4032-aecd-2578784f6335,2025-08-26,STR009,SKU1003,86,77.0,2025-11-04 11:16:19.423183,9.0
2844,fe9e0b55-3601-4032-aecd-2578784f6335,2025-08-26,STR009,SKU1004,86,99.0,2025-11-04 11:16:19.423183,13.0
2845,fe9e0b55-3601-4032-aecd-2578784f6335,2025-08-26,STR009,SKU1005,127,95.0,2025-11-04 11:16:19.423183,32.0
2846,fe9e0b55-3601-4032-aecd-2578784f6335,2025-08-26,STR010,SKU1001,55,67.0,2025-11-04 11:16:19.423183,12.0
2847,fe9e0b55-3601-4032-aecd-2578784f6335,2025-08-26,STR010,SKU1002,55,59.0,2025-11-04 11:16:19.423183,4.0
2848,fe9e0b55-3601-4032-aecd-2578784f6335,2025-08-26,STR010,SKU1003,72,87.0,2025-11-04 11:16:19.423183,15.0
2849,fe9e0b55-3601-4032-aecd-2578784f6335,2025-08-26,STR010,SKU1004,64,67.0,2025-11-04 11:16:19.423183,3.0
2850,fe9e0b55-3601-4032-aecd-2578784f6335,2025-08-26,STR010,SKU1005,57,70.0,2025-11-04 11:16:19.423183,13.0
2851,fe9e0b55-3601-4032-aecd-2578784f6335,2025-08-27,STR001,SKU1001,76,79.0,2025-11-04 11:16:19.423183,3.0
2852,fe9e0b55-3601-4032-aecd-2578784f6335,2025-08-27,STR001,SKU1002,86,97.0,2025-11-04 11:16:19.423183,11.0
2853,fe9e0b55-3601-4032-aecd-2578784f6335,2025-08-27,STR001,SKU1003,120,97.0,2025-11-04 11:16:19.423183,23.0
2854,fe9e0b55-3601-4032-aecd-2578784f6335,2025-08-27,STR001,SKU1004,68,61.0,2025-11-04 11:16:19.423183,7.0
2855,fe9e0b55-3601-4032-aecd-2578784f6335,2025-08-27,STR001,SKU1005,90,96.0,2025-11-04 11:16:19.423183,6.0
2856,fe9e0b55-3601-4032-aecd-2578784f6335,2025-08-27,STR002,SKU1001,30,26.0,2025-11-04 11:16:19.423183,4.0
2857,fe9e0b55-3601-4032-aecd-2578784f6335,2025-08-27,STR002,SKU1002,33,28.0,2025-11-04 11:16:19.423183,5.0
2858,fe9e0b55-3601-4032-aecd-2578784f6335,2025-08-27,STR002,SKU1003,12,14.0,2025-11-04 11:16:19.423183,2.0
2859,fe9e0b55-3601-4032-aecd-2578784f6335,2025-08-27,STR002,SKU1004,40,29.0,2025-11-04 11:16:19.423183,11.0
2860,fe9e0b55-3601-4032-aecd-2578784f6335,2025-08-27,STR002,SKU1005,27,29.0,2025-11-04 11:16:19.423183,2.0
2861,fe9e0b55-3601-4032-aecd-2578784f6335,2025-08-27,STR003,SKU1001,8,9.0,2025-11-04 11:16:19.423183,1.0
2862,fe9e0b55-3601-4032-aecd-2578784f6335,2025-08-27,STR003,SKU1002,14,12.0,2025-11-04 11:16:19.423183,2.0
2863,fe9e0b55-3601-4032-aecd-2578784f6335,2025-08-27,STR003,SKU1003,6,8.0,2025-11-04 11:16:19.423183,2.0
2864,fe9e0b55-3601-4032-aecd-2578784f6335,2025-08-27,STR003,SKU1004,23,23.0,2025-11-04 11:16:19.423183,0.0
2865,fe9e0b55-3601-4032-aecd-2578784f6335,2025-08-27,STR003,SKU1005,25,26.0,2025-11-04 11:16:19.423183,1.0
2866,fe9e0b55-3601-4032-aecd-2578784f6335,2025-08-27,STR004,SKU1001,157,105.0,2025-11-04 11:16:19.423183,52.0
2867,fe9e0b55-3601-4032-aecd-2578784f6335,2025-08-27,STR004,SKU1002,79,69.0,2025-11-04 11:16:19.423183,10.0
2868,fe9e0b55-3601-4032-aecd-2578784f6335,2025-08-27,STR004,SKU1003,72,63.0,2025-11-04 11:16:19.423183,9.0
2869,fe9e0b55-3601-4032-aecd-2578784f6335,2025-08-27,STR004,SKU1004,109,105.0,2025-11-04 11:16:19.423183,4.0
2870,fe9e0b55-3601-4032-aecd-2578784f6335,2025-08-27,STR004,SKU1005,89,83.0,2025-11-04 11:16:19.423183,6.0
2871,fe9e0b55-3601-4032-aecd-2578784f6335,2025-08-27,STR005,SKU1001,18,23.0,2025-11-04 11:16:19.423183,5.0
2872,fe9e0b55-3601-4032-aecd-2578784f6335,2025-08-27,STR005,SKU1002,16,16.0,2025-11-04 11:16:19.423183,0.0
2873,fe9e0b55-3601-4032-aecd-2578784f6335,2025-08-27,STR005,SKU1003,15,15.0,2025-11-04 11:16:19.423183,0.0
2874,fe9e0b55-3601-4032-aecd-2578784f6335,2025-08-27,STR005,SKU1004,8,7.0,2025-11-04 11:16:19.423183,1.0
2875,fe9e0b55-3601-4032-aecd-2578784f6335,2025-08-27,STR005,SKU1005,32,26.0,2025-11-04 11:16:19.423183,6.0
2876,fe9e0b55-3601-4032-aecd-2578784f6335,2025-08-27,STR006,SKU1001,180,152.0,2025-11-04 11:16:19.423183,28.0
2877,fe9e0b55-3601-4032-aecd-2578784f6335,2025-08-27,STR006,SKU1002,184,164.0,2025-11-04 11:16:19.423183,20.0
2878,fe9e0b55-3601-4032-aecd-2578784f6335,2025-08-27,STR006,SKU1003,204,196.0,2025-11-04 11:16:19.423183,8.0
2879,fe9e0b55-3601-4032-aecd-2578784f6335,2025-08-27,STR006,SKU1004,269,242.0,2025-11-04 11:16:19.423183,27.0
2880,fe9e0b55-3601-4032-aecd-2578784f6335,2025-08-27,STR006,SKU1005,222,215.0,2025-11-04 11:16:19.423183,7.0
2881,fe9e0b55-3601-4032-aecd-2578784f6335,2025-08-27,STR007,SKU1001,160,169.0,2025-11-04 11:16:19.423183,9.0
2882,fe9e0b55-3601-4032-aecd-2578784f6335,2025-08-27,STR007,SKU1002,244,199.0,2025-11-04 11:16:19.423183,45.0
2883,fe9e0b55-3601-4032-aecd-2578784f6335,2025-08-27,STR007,SKU1003,206,174.0,2025-11-04 11:16:19.423183,32.0
2884,fe9e0b55-3601-4032-aecd-2578784f6335,2025-08-27,STR007,SKU1004,210,229.0,2025-11-04 11:16:19.423183,19.0
2885,fe9e0b55-3601-4032-aecd-2578784f6335,2025-08-27,STR007,SKU1005,201,225.0,2025-11-04 11:16:19.423183,24.0
2886,fe9e0b55-3601-4032-aecd-2578784f6335,2025-08-27,STR008,SKU1001,61,56.0,2025-11-04 11:16:19.423183,5.0
2887,fe9e0b55-3601-4032-aecd-2578784f6335,2025-08-27,STR008,SKU1002,107,114.0,2025-11-04 11:16:19.423183,7.0
2888,fe9e0b55-3601-4032-aecd-2578784f6335,2025-08-27,STR008,SKU1003,92,92.0,2025-11-04 11:16:19.423183,0.0
2889,fe9e0b55-3601-4032-aecd-2578784f6335,2025-08-27,STR008,SKU1004,112,93.0,2025-11-04 11:16:19.423183,19.0
2890,fe9e0b55-3601-4032-aecd-2578784f6335,2025-08-27,STR008,SKU1005,88,62.0,2025-11-04 11:16:19.423183,26.0
2891,fe9e0b55-3601-4032-aecd-2578784f6335,2025-08-27,STR009,SKU1001,49,67.0,2025-11-04 11:16:19.423183,18.0
2892,fe9e0b55-3601-4032-aecd-2578784f6335,2025-08-27,STR009,SKU1002,103,110.0,2025-11-04 11:16:19.423183,7.0
2893,fe9e0b55-3601-4032-aecd-2578784f6335,2025-08-27,STR009,SKU1003,47,52.0,2025-11-04 11:16:19.423183,5.0
2894,fe9e0b55-3601-4032-aecd-2578784f6335,2025-08-27,STR009,SKU1004,113,90.0,2025-11-04 11:16:19.423183,23.0
2895,fe9e0b55-3601-4032-aecd-2578784f6335,2025-08-27,STR009,SKU1005,97,98.0,2025-11-04 11:16:19.423183,1.0
2896,fe9e0b55-3601-4032-aecd-2578784f6335,2025-08-27,STR010,SKU1001,71,63.0,2025-11-04 11:16:19.423183,8.0
2897,fe9e0b55-3601-4032-aecd-2578784f6335,2025-08-27,STR010,SKU1002,77,93.0,2025-11-04 11:16:19.423183,16.0
2898,fe9e0b55-3601-4032-aecd-2578784f6335,2025-08-27,STR010,SKU1003,111,101.0,2025-11-04 11:16:19.423183,10.0
2899,fe9e0b55-3601-4032-aecd-2578784f6335,2025-08-27,STR010,SKU1004,77,78.0,2025-11-04 11:16:19.423183,1.0
2900,fe9e0b55-3601-4032-aecd-2578784f6335,2025-08-27,STR010,SKU1005,96,95.0,2025-11-04 11:16:19.423183,1.0
2901,fe9e0b55-3601-4032-aecd-2578784f6335,2025-08-28,STR001,SKU1001,102,110.0,2025-11-04 11:16:19.423183,8.0
2902,fe9e0b55-3601-4032-aecd-2578784f6335,2025-08-28,STR001,SKU1002,59,63.0,2025-11-04 11:16:19.423183,4.0
2903,fe9e0b55-3601-4032-aecd-2578784f6335,2025-08-28,STR001,SKU1003,118,104.0,2025-11-04 11:16:19.423183,14.0
2904,fe9e0b55-3601-4032-aecd-2578784f6335,2025-08-28,STR001,SKU1004,125,119.0,2025-11-04 11:16:19.423183,6.0
2905,fe9e0b55-3601-4032-aecd-2578784f6335,2025-08-28,STR001,SKU1005,52,51.0,2025-11-04 11:16:19.423183,1.0
2906,fe9e0b55-3601-4032-aecd-2578784f6335,2025-08-28,STR002,SKU1001,29,23.0,2025-11-04 11:16:19.423183,6.0
2907,fe9e0b55-3601-4032-aecd-2578784f6335,2025-08-28,STR002,SKU1002,20,16.0,2025-11-04 11:16:19.423183,4.0
2908,fe9e0b55-3601-4032-aecd-2578784f6335,2025-08-28,STR002,SKU1003,5,8.0,2025-11-04 11:16:19.423183,3.0
2909,fe9e0b55-3601-4032-aecd-2578784f6335,2025-08-28,STR002,SKU1004,14,16.0,2025-11-04 11:16:19.423183,2.0
2910,fe9e0b55-3601-4032-aecd-2578784f6335,2025-08-28,STR002,SKU1005,17,17.0,2025-11-04 11:16:19.423183,0.0
2911,fe9e0b55-3601-4032-aecd-2578784f6335,2025-08-28,STR003,SKU1001,7,8.0,2025-11-04 11:16:19.423183,1.0
2912,fe9e0b55-3601-4032-aecd-2578784f6335,2025-08-28,STR003,SKU1002,15,15.0,2025-11-04 11:16:19.423183,0.0
2913,fe9e0b55-3601-4032-aecd-2578784f6335,2025-08-28,STR003,SKU1003,28,25.0,2025-11-04 11:16:19.423183,3.0
2914,fe9e0b55-3601-4032-aecd-2578784f6335,2025-08-28,STR003,SKU1004,16,16.0,2025-11-04 11:16:19.423183,0.0
2915,fe9e0b55-3601-4032-aecd-2578784f6335,2025-08-28,STR003,SKU1005,32,29.0,2025-11-04 11:16:19.423183,3.0
2916,fe9e0b55-3601-4032-aecd-2578784f6335,2025-08-28,STR004,SKU1001,97,95.0,2025-11-04 11:16:19.423183,2.0
2917,fe9e0b55-3601-4032-aecd-2578784f6335,2025-08-28,STR004,SKU1002,57,65.0,2025-11-04 11:16:19.423183,8.0
2918,fe9e0b55-3601-4032-aecd-2578784f6335,2025-08-28,STR004,SKU1003,83,93.0,2025-11-04 11:16:19.423183,10.0
2919,fe9e0b55-3601-4032-aecd-2578784f6335,2025-08-28,STR004,SKU1004,103,80.0,2025-11-04 11:16:19.423183,23.0
2920,fe9e0b55-3601-4032-aecd-2578784f6335,2025-08-28,STR004,SKU1005,121,106.0,2025-11-04 11:16:19.423183,15.0
2921,fe9e0b55-3601-4032-aecd-2578784f6335,2025-08-28,STR005,SKU1001,23,21.0,2025-11-04 11:16:19.423183,2.0
2922,fe9e0b55-3601-4032-aecd-2578784f6335,2025-08-28,STR005,SKU1002,12,10.0,2025-11-04 11:16:19.423183,2.0
2923,fe9e0b55-3601-4032-aecd-2578784f6335,2025-08-28,STR005,SKU1003,19,18.0,2025-11-04 11:16:19.423183,1.0
2924,fe9e0b55-3601-4032-aecd-2578784f6335,2025-08-28,STR005,SKU1004,13,12.0,2025-11-04 11:16:19.423183,1.0
2925,fe9e0b55-3601-4032-aecd-2578784f6335,2025-08-28,STR005,SKU1005,8,8.0,2025-11-04 11:16:19.423183,0.0
2926,fe9e0b55-3601-4032-aecd-2578784f6335,2025-08-28,STR006,SKU1001,296,274.0,2025-11-04 11:16:19.423183,22.0
2927,fe9e0b55-3601-4032-aecd-2578784f6335,2025-08-28,STR006,SKU1002,233,214.0,2025-11-04 11:16:19.423183,19.0
2928,fe9e0b55-3601-4032-aecd-2578784f6335,2025-08-28,STR006,SKU1003,152,193.0,2025-11-04 11:16:19.423183,41.0
2929,fe9e0b55-3601-4032-aecd-2578784f6335,2025-08-28,STR006,SKU1004,388,296.0,2025-11-04 11:16:19.423183,92.0
2930,fe9e0b55-3601-4032-aecd-2578784f6335,2025-08-28,STR006,SKU1005,196,255.0,2025-11-04 11:16:19.423183,59.0
2931,fe9e0b55-3601-4032-aecd-2578784f6335,2025-08-28,STR007,SKU1001,187,168.0,2025-11-04 11:16:19.423183,19.0
2932,fe9e0b55-3601-4032-aecd-2578784f6335,2025-08-28,STR007,SKU1002,292,278.0,2025-11-04 11:16:19.423183,14.0
2933,fe9e0b55-3601-4032-aecd-2578784f6335,2025-08-28,STR007,SKU1003,207,196.0,2025-11-04 11:16:19.423183,11.0
2934,fe9e0b55-3601-4032-aecd-2578784f6335,2025-08-28,STR007,SKU1004,260,216.0,2025-11-04 11:16:19.423183,44.0
2935,fe9e0b55-3601-4032-aecd-2578784f6335,2025-08-28,STR007,SKU1005,353,285.0,2025-11-04 11:16:19.423183,68.0
2936,fe9e0b55-3601-4032-aecd-2578784f6335,2025-08-28,STR008,SKU1001,138,119.0,2025-11-04 11:16:19.423183,19.0
2937,fe9e0b55-3601-4032-aecd-2578784f6335,2025-08-28,STR008,SKU1002,106,110.0,2025-11-04 11:16:19.423183,4.0
2938,fe9e0b55-3601-4032-aecd-2578784f6335,2025-08-28,STR008,SKU1003,122,106.0,2025-11-04 11:16:19.423183,16.0
2939,fe9e0b55-3601-4032-aecd-2578784f6335,2025-08-28,STR008,SKU1004,65,62.0,2025-11-04 11:16:19.423183,3.0
2940,fe9e0b55-3601-4032-aecd-2578784f6335,2025-08-28,STR008,SKU1005,51,64.0,2025-11-04 11:16:19.423183,13.0
2941,fe9e0b55-3601-4032-aecd-2578784f6335,2025-08-28,STR009,SKU1001,96,91.0,2025-11-04 11:16:19.423183,5.0
2942,fe9e0b55-3601-4032-aecd-2578784f6335,2025-08-28,STR009,SKU1002,69,65.0,2025-11-04 11:16:19.423183,4.0
2943,fe9e0b55-3601-4032-aecd-2578784f6335,2025-08-28,STR009,SKU1003,89,92.0,2025-11-04 11:16:19.423183,3.0
2944,fe9e0b55-3601-4032-aecd-2578784f6335,2025-08-28,STR009,SKU1004,62,66.0,2025-11-04 11:16:19.423183,4.0
2945,fe9e0b55-3601-4032-aecd-2578784f6335,2025-08-28,STR009,SKU1005,109,102.0,2025-11-04 11:16:19.423183,7.0
2946,fe9e0b55-3601-4032-aecd-2578784f6335,2025-08-28,STR010,SKU1001,98,93.0,2025-11-04 11:16:19.423183,5.0
2947,fe9e0b55-3601-4032-aecd-2578784f6335,2025-08-28,STR010,SKU1002,115,114.0,2025-11-04 11:16:19.423183,1.0
2948,fe9e0b55-3601-4032-aecd-2578784f6335,2025-08-28,STR010,SKU1003,60,57.0,2025-11-04 11:16:19.423183,3.0
2949,fe9e0b55-3601-4032-aecd-2578784f6335,2025-08-28,STR010,SKU1004,75,73.0,2025-11-04 11:16:19.423183,2.0
2950,fe9e0b55-3601-4032-aecd-2578784f6335,2025-08-28,STR010,SKU1005,52,58.0,2025-11-04 11:16:19.423183,6.0
2951,fe9e0b55-3601-4032-aecd-2578784f6335,2025-08-29,STR001,SKU1001,99,96.0,2025-11-04 11:16:19.423183,3.0
2952,fe9e0b55-3601-4032-aecd-2578784f6335,2025-08-29,STR001,SKU1002,77,94.0,2025-11-04 11:16:19.423183,17.0
2953,fe9e0b55-3601-4032-aecd-2578784f6335,2025-08-29,STR001,SKU1003,100,115.0,2025-11-04 11:16:19.423183,15.0
2954,fe9e0b55-3601-4032-aecd-2578784f6335,2025-08-29,STR001,SKU1004,98,101.0,2025-11-04 11:16:19.423183,3.0
2955,fe9e0b55-3601-4032-aecd-2578784f6335,2025-08-29,STR001,SKU1005,82,89.0,2025-11-04 11:16:19.423183,7.0
2956,fe9e0b55-3601-4032-aecd-2578784f6335,2025-08-29,STR002,SKU1001,12,16.0,2025-11-04 11:16:19.423183,4.0
2957,fe9e0b55-3601-4032-aecd-2578784f6335,2025-08-29,STR002,SKU1002,8,7.0,2025-11-04 11:16:19.423183,1.0
2958,fe9e0b55-3601-4032-aecd-2578784f6335,2025-08-29,STR002,SKU1003,17,14.0,2025-11-04 11:16:19.423183,3.0
2959,fe9e0b55-3601-4032-aecd-2578784f6335,2025-08-29,STR002,SKU1004,7,7.0,2025-11-04 11:16:19.423183,0.0
2960,fe9e0b55-3601-4032-aecd-2578784f6335,2025-08-29,STR002,SKU1005,18,14.0,2025-11-04 11:16:19.423183,4.0
2961,fe9e0b55-3601-4032-aecd-2578784f6335,2025-08-29,STR003,SKU1001,11,10.0,2025-11-04 11:16:19.423183,1.0
2962,fe9e0b55-3601-4032-aecd-2578784f6335,2025-08-29,STR003,SKU1002,19,18.0,2025-11-04 11:16:19.423183,1.0
2963,fe9e0b55-3601-4032-aecd-2578784f6335,2025-08-29,STR003,SKU1003,7,6.0,2025-11-04 11:16:19.423183,1.0
2964,fe9e0b55-3601-4032-aecd-2578784f6335,2025-08-29,STR003,SKU1004,24,24.0,2025-11-04 11:16:19.423183,0.0
2965,fe9e0b55-3601-4032-aecd-2578784f6335,2025-08-29,STR003,SKU1005,8,7.0,2025-11-04 11:16:19.423183,1.0
2966,fe9e0b55-3601-4032-aecd-2578784f6335,2025-08-29,STR004,SKU1001,56,63.0,2025-11-04 11:16:19.423183,7.0
2967,fe9e0b55-3601-4032-aecd-2578784f6335,2025-08-29,STR004,SKU1002,55,55.0,2025-11-04 11:16:19.423183,0.0
2968,fe9e0b55-3601-4032-aecd-2578784f6335,2025-08-29,STR004,SKU1003,117,90.0,2025-11-04 11:16:19.423183,27.0
2969,fe9e0b55-3601-4032-aecd-2578784f6335,2025-08-29,STR004,SKU1004,65,60.0,2025-11-04 11:16:19.423183,5.0
2970,fe9e0b55-3601-4032-aecd-2578784f6335,2025-08-29,STR004,SKU1005,81,75.0,2025-11-04 11:16:19.423183,6.0
2971,fe9e0b55-3601-4032-aecd-2578784f6335,2025-08-29,STR005,SKU1001,11,13.0,2025-11-04 11:16:19.423183,2.0
2972,fe9e0b55-3601-4032-aecd-2578784f6335,2025-08-29,STR005,SKU1002,22,20.0,2025-11-04 11:16:19.423183,2.0
2973,fe9e0b55-3601-4032-aecd-2578784f6335,2025-08-29,STR005,SKU1003,13,14.0,2025-11-04 11:16:19.423183,1.0
2974,fe9e0b55-3601-4032-aecd-2578784f6335,2025-08-29,STR005,SKU1004,6,8.0,2025-11-04 11:16:19.423183,2.0
2975,fe9e0b55-3601-4032-aecd-2578784f6335,2025-08-29,STR005,SKU1005,24,24.0,2025-11-04 11:16:19.423183,0.0
2976,fe9e0b55-3601-4032-aecd-2578784f6335,2025-08-29,STR006,SKU1001,178,193.0,2025-11-04 11:16:19.423183,15.0
2977,fe9e0b55-3601-4032-aecd-2578784f6335,2025-08-29,STR006,SKU1002,234,215.0,2025-11-04 11:16:19.423183,19.0
2978,fe9e0b55-3601-4032-aecd-2578784f6335,2025-08-29,STR006,SKU1003,238,264.0,2025-11-04 11:16:19.423183,26.0
2979,fe9e0b55-3601-4032-aecd-2578784f6335,2025-08-29,STR006,SKU1004,204,192.0,2025-11-04 11:16:19.423183,12.0
2980,fe9e0b55-3601-4032-aecd-2578784f6335,2025-08-29,STR006,SKU1005,295,282.0,2025-11-04 11:16:19.423183,13.0
2981,fe9e0b55-3601-4032-aecd-2578784f6335,2025-08-29,STR007,SKU1001,169,226.0,2025-11-04 11:16:19.423183,57.0
2982,fe9e0b55-3601-4032-aecd-2578784f6335,2025-08-29,STR007,SKU1002,191,186.0,2025-11-04 11:16:19.423183,5.0
2983,fe9e0b55-3601-4032-aecd-2578784f6335,2025-08-29,STR007,SKU1003,182,199.0,2025-11-04 11:16:19.423183,17.0
2984,fe9e0b55-3601-4032-aecd-2578784f6335,2025-08-29,STR007,SKU1004,149,154.0,2025-11-04 11:16:19.423183,5.0
2985,fe9e0b55-3601-4032-aecd-2578784f6335,2025-08-29,STR007,SKU1005,174,182.0,2025-11-04 11:16:19.423183,8.0
2986,fe9e0b55-3601-4032-aecd-2578784f6335,2025-08-29,STR008,SKU1001,127,100.0,2025-11-04 11:16:19.423183,27.0
2987,fe9e0b55-3601-4032-aecd-2578784f6335,2025-08-29,STR008,SKU1002,139,107.0,2025-11-04 11:16:19.423183,32.0
2988,fe9e0b55-3601-4032-aecd-2578784f6335,2025-08-29,STR008,SKU1003,118,116.0,2025-11-04 11:16:19.423183,2.0
2989,fe9e0b55-3601-4032-aecd-2578784f6335,2025-08-29,STR008,SKU1004,123,117.0,2025-11-04 11:16:19.423183,6.0
2990,fe9e0b55-3601-4032-aecd-2578784f6335,2025-08-29,STR008,SKU1005,43,62.0,2025-11-04 11:16:19.423183,19.0
2991,fe9e0b55-3601-4032-aecd-2578784f6335,2025-08-29,STR009,SKU1001,89,65.0,2025-11-04 11:16:19.423183,24.0
2992,fe9e0b55-3601-4032-aecd-2578784f6335,2025-08-29,STR009,SKU1002,93,95.0,2025-11-04 11:16:19.423183,2.0
2993,fe9e0b55-3601-4032-aecd-2578784f6335,2025-08-29,STR009,SKU1003,73,72.0,2025-11-04 11:16:19.423183,1.0
2994,fe9e0b55-3601-4032-aecd-2578784f6335,2025-08-29,STR009,SKU1004,124,108.0,2025-11-04 11:16:19.423183,16.0
2995,fe9e0b55-3601-4032-aecd-2578784f6335,2025-08-29,STR009,SKU1005,117,112.0,2025-11-04 11:16:19.423183,5.0
2996,fe9e0b55-3601-4032-aecd-2578784f6335,2025-08-29,STR010,SKU1001,90,88.0,2025-11-04 11:16:19.423183,2.0
2997,fe9e0b55-3601-4032-aecd-2578784f6335,2025-08-29,STR010,SKU1002,61,70.0,2025-11-04 11:16:19.423183,9.0
2998,fe9e0b55-3601-4032-aecd-2578784f6335,2025-08-29,STR010,SKU1003,66,83.0,2025-11-04 11:16:19.423183,17.0
2999,fe9e0b55-3601-4032-aecd-2578784f6335,2025-08-29,STR010,SKU1004,92,99.0,2025-11-04 11:16:19.423183,7.0
3000,fe9e0b55-3601-4032-aecd-2578784f6335,2025-08-29,STR010,SKU1005,150,111.0,2025-11-04 11:16:19.423183,39.0
3001,fe9e0b55-3601-4032-aecd-2578784f6335,2025-08-30,STR001,SKU1001,63,102.0,2025-11-04 11:16:19.423183,39.0
3002,fe9e0b55-3601-4032-aecd-2578784f6335,2025-08-30,STR001,SKU1002,103,84.0,2025-11-04 11:16:19.423183,19.0
3003,fe9e0b55-3601-4032-aecd-2578784f6335,2025-08-30,STR001,SKU1003,59,61.0,2025-11-04 11:16:19.423183,2.0
3004,fe9e0b55-3601-4032-aecd-2578784f6335,2025-08-30,STR001,SKU1004,53,57.0,2025-11-04 11:16:19.423183,4.0
3005,fe9e0b55-3601-4032-aecd-2578784f6335,2025-08-30,STR001,SKU1005,56,60.0,2025-11-04 11:16:19.423183,4.0
3006,fe9e0b55-3601-4032-aecd-2578784f6335,2025-08-30,STR002,SKU1001,8,11.0,2025-11-04 11:16:19.423183,3.0
3007,fe9e0b55-3601-4032-aecd-2578784f6335,2025-08-30,STR002,SKU1002,21,24.0,2025-11-04 11:16:19.423183,3.0
3008,fe9e0b55-3601-4032-aecd-2578784f6335,2025-08-30,STR002,SKU1003,23,22.0,2025-11-04 11:16:19.423183,1.0
3009,fe9e0b55-3601-4032-aecd-2578784f6335,2025-08-30,STR002,SKU1004,14,17.0,2025-11-04 11:16:19.423183,3.0
3010,fe9e0b55-3601-4032-aecd-2578784f6335,2025-08-30,STR002,SKU1005,10,12.0,2025-11-04 11:16:19.423183,2.0
3011,fe9e0b55-3601-4032-aecd-2578784f6335,2025-08-30,STR003,SKU1001,18,15.0,2025-11-04 11:16:19.423183,3.0
3012,fe9e0b55-3601-4032-aecd-2578784f6335,2025-08-30,STR003,SKU1002,8,8.0,2025-11-04 11:16:19.423183,0.0
3013,fe9e0b55-3601-4032-aecd-2578784f6335,2025-08-30,STR003,SKU1003,14,17.0,2025-11-04 11:16:19.423183,3.0
3014,fe9e0b55-3601-4032-aecd-2578784f6335,2025-08-30,STR003,SKU1004,24,27.0,2025-11-04 11:16:19.423183,3.0
3015,fe9e0b55-3601-4032-aecd-2578784f6335,2025-08-30,STR003,SKU1005,31,22.0,2025-11-04 11:16:19.423183,9.0
3016,fe9e0b55-3601-4032-aecd-2578784f6335,2025-08-30,STR004,SKU1001,81,71.0,2025-11-04 11:16:19.423183,10.0
3017,fe9e0b55-3601-4032-aecd-2578784f6335,2025-08-30,STR004,SKU1002,75,87.0,2025-11-04 11:16:19.423183,12.0
3018,fe9e0b55-3601-4032-aecd-2578784f6335,2025-08-30,STR004,SKU1003,94,81.0,2025-11-04 11:16:19.423183,13.0
3019,fe9e0b55-3601-4032-aecd-2578784f6335,2025-08-30,STR004,SKU1004,52,50.0,2025-11-04 11:16:19.423183,2.0
3020,fe9e0b55-3601-4032-aecd-2578784f6335,2025-08-30,STR004,SKU1005,81,78.0,2025-11-04 11:16:19.423183,3.0
3021,fe9e0b55-3601-4032-aecd-2578784f6335,2025-08-30,STR005,SKU1001,24,23.0,2025-11-04 11:16:19.423183,1.0
3022,fe9e0b55-3601-4032-aecd-2578784f6335,2025-08-30,STR005,SKU1002,7,6.0,2025-11-04 11:16:19.423183,1.0
3023,fe9e0b55-3601-4032-aecd-2578784f6335,2025-08-30,STR005,SKU1003,20,26.0,2025-11-04 11:16:19.423183,6.0
3024,fe9e0b55-3601-4032-aecd-2578784f6335,2025-08-30,STR005,SKU1004,7,7.0,2025-11-04 11:16:19.423183,0.0
3025,fe9e0b55-3601-4032-aecd-2578784f6335,2025-08-30,STR005,SKU1005,22,19.0,2025-11-04 11:16:19.423183,3.0
3026,fe9e0b55-3601-4032-aecd-2578784f6335,2025-08-30,STR006,SKU1001,238,254.0,2025-11-04 11:16:19.423183,16.0
3027,fe9e0b55-3601-4032-aecd-2578784f6335,2025-08-30,STR006,SKU1002,173,158.0,2025-11-04 11:16:19.423183,15.0
3028,fe9e0b55-3601-4032-aecd-2578784f6335,2025-08-30,STR006,SKU1003,314,298.0,2025-11-04 11:16:19.423183,16.0
3029,fe9e0b55-3601-4032-aecd-2578784f6335,2025-08-30,STR006,SKU1004,193,189.0,2025-11-04 11:16:19.423183,4.0
3030,fe9e0b55-3601-4032-aecd-2578784f6335,2025-08-30,STR006,SKU1005,309,272.0,2025-11-04 11:16:19.423183,37.0
3031,fe9e0b55-3601-4032-aecd-2578784f6335,2025-08-30,STR007,SKU1001,264,253.0,2025-11-04 11:16:19.423183,11.0
3032,fe9e0b55-3601-4032-aecd-2578784f6335,2025-08-30,STR007,SKU1002,255,255.0,2025-11-04 11:16:19.423183,0.0
3033,fe9e0b55-3601-4032-aecd-2578784f6335,2025-08-30,STR007,SKU1003,252,288.0,2025-11-04 11:16:19.423183,36.0
3034,fe9e0b55-3601-4032-aecd-2578784f6335,2025-08-30,STR007,SKU1004,284,297.0,2025-11-04 11:16:19.423183,13.0
3035,fe9e0b55-3601-4032-aecd-2578784f6335,2025-08-30,STR007,SKU1005,207,200.0,2025-11-04 11:16:19.423183,7.0
3036,fe9e0b55-3601-4032-aecd-2578784f6335,2025-08-30,STR008,SKU1001,104,110.0,2025-11-04 11:16:19.423183,6.0
3037,fe9e0b55-3601-4032-aecd-2578784f6335,2025-08-30,STR008,SKU1002,90,98.0,2025-11-04 11:16:19.423183,8.0
3038,fe9e0b55-3601-4032-aecd-2578784f6335,2025-08-30,STR008,SKU1003,95,87.0,2025-11-04 11:16:19.423183,8.0
3039,fe9e0b55-3601-4032-aecd-2578784f6335,2025-08-30,STR008,SKU1004,100,106.0,2025-11-04 11:16:19.423183,6.0
3040,fe9e0b55-3601-4032-aecd-2578784f6335,2025-08-30,STR008,SKU1005,85,72.0,2025-11-04 11:16:19.423183,13.0
3041,fe9e0b55-3601-4032-aecd-2578784f6335,2025-08-30,STR009,SKU1001,50,61.0,2025-11-04 11:16:19.423183,11.0
3042,fe9e0b55-3601-4032-aecd-2578784f6335,2025-08-30,STR009,SKU1002,73,87.0,2025-11-04 11:16:19.423183,14.0
3043,fe9e0b55-3601-4032-aecd-2578784f6335,2025-08-30,STR009,SKU1003,62,50.0,2025-11-04 11:16:19.423183,12.0
3044,fe9e0b55-3601-4032-aecd-2578784f6335,2025-08-30,STR009,SKU1004,100,105.0,2025-11-04 11:16:19.423183,5.0
3045,fe9e0b55-3601-4032-aecd-2578784f6335,2025-08-30,STR009,SKU1005,45,60.0,2025-11-04 11:16:19.423183,15.0
3046,fe9e0b55-3601-4032-aecd-2578784f6335,2025-08-30,STR010,SKU1001,114,93.0,2025-11-04 11:16:19.423183,21.0
3047,fe9e0b55-3601-4032-aecd-2578784f6335,2025-08-30,STR010,SKU1002,76,80.0,2025-11-04 11:16:19.423183,4.0
3048,fe9e0b55-3601-4032-aecd-2578784f6335,2025-08-30,STR010,SKU1003,106,97.0,2025-11-04 11:16:19.423183,9.0
3049,fe9e0b55-3601-4032-aecd-2578784f6335,2025-08-30,STR010,SKU1004,103,110.0,2025-11-04 11:16:19.423183,7.0
3050,fe9e0b55-3601-4032-aecd-2578784f6335,2025-08-30,STR010,SKU1005,120,102.0,2025-11-04 11:16:19.423183,18.0
3051,fe9e0b55-3601-4032-aecd-2578784f6335,2025-08-31,STR001,SKU1001,83,93.0,2025-11-04 11:16:19.423183,10.0
3052,fe9e0b55-3601-4032-aecd-2578784f6335,2025-08-31,STR001,SKU1002,71,89.0,2025-11-04 11:16:19.423183,18.0
3053,fe9e0b55-3601-4032-aecd-2578784f6335,2025-08-31,STR001,SKU1003,110,118.0,2025-11-04 11:16:19.423183,8.0
3054,fe9e0b55-3601-4032-aecd-2578784f6335,2025-08-31,STR001,SKU1004,92,77.0,2025-11-04 11:16:19.423183,15.0
3055,fe9e0b55-3601-4032-aecd-2578784f6335,2025-08-31,STR001,SKU1005,99,110.0,2025-11-04 11:16:19.423183,11.0
3056,fe9e0b55-3601-4032-aecd-2578784f6335,2025-08-31,STR002,SKU1001,19,14.0,2025-11-04 11:16:19.423183,5.0
3057,fe9e0b55-3601-4032-aecd-2578784f6335,2025-08-31,STR002,SKU1002,24,22.0,2025-11-04 11:16:19.423183,2.0
3058,fe9e0b55-3601-4032-aecd-2578784f6335,2025-08-31,STR002,SKU1003,30,25.0,2025-11-04 11:16:19.423183,5.0
3059,fe9e0b55-3601-4032-aecd-2578784f6335,2025-08-31,STR002,SKU1004,5,5.0,2025-11-04 11:16:19.423183,0.0
3060,fe9e0b55-3601-4032-aecd-2578784f6335,2025-08-31,STR002,SKU1005,5,5.0,2025-11-04 11:16:19.423183,0.0
3061,fe9e0b55-3601-4032-aecd-2578784f6335,2025-08-31,STR003,SKU1001,21,20.0,2025-11-04 11:16:19.423183,1.0
3062,fe9e0b55-3601-4032-aecd-2578784f6335,2025-08-31,STR003,SKU1002,27,23.0,2025-11-04 11:16:19.423183,4.0
3063,fe9e0b55-3601-4032-aecd-2578784f6335,2025-08-31,STR003,SKU1003,21,19.0,2025-11-04 11:16:19.423183,2.0
3064,fe9e0b55-3601-4032-aecd-2578784f6335,2025-08-31,STR003,SKU1004,30,25.0,2025-11-04 11:16:19.423183,5.0
3065,fe9e0b55-3601-4032-aecd-2578784f6335,2025-08-31,STR003,SKU1005,5,6.0,2025-11-04 11:16:19.423183,1.0
3066,fe9e0b55-3601-4032-aecd-2578784f6335,2025-08-31,STR004,SKU1001,59,56.0,2025-11-04 11:16:19.423183,3.0
3067,fe9e0b55-3601-4032-aecd-2578784f6335,2025-08-31,STR004,SKU1002,110,103.0,2025-11-04 11:16:19.423183,7.0
3068,fe9e0b55-3601-4032-aecd-2578784f6335,2025-08-31,STR004,SKU1003,106,101.0,2025-11-04 11:16:19.423183,5.0
3069,fe9e0b55-3601-4032-aecd-2578784f6335,2025-08-31,STR004,SKU1004,91,90.0,2025-11-04 11:16:19.423183,1.0
3070,fe9e0b55-3601-4032-aecd-2578784f6335,2025-08-31,STR004,SKU1005,88,85.0,2025-11-04 11:16:19.423183,3.0
3071,fe9e0b55-3601-4032-aecd-2578784f6335,2025-08-31,STR005,SKU1001,12,11.0,2025-11-04 11:16:19.423183,1.0
3072,fe9e0b55-3601-4032-aecd-2578784f6335,2025-08-31,STR005,SKU1002,16,20.0,2025-11-04 11:16:19.423183,4.0
3073,fe9e0b55-3601-4032-aecd-2578784f6335,2025-08-31,STR005,SKU1003,27,29.0,2025-11-04 11:16:19.423183,2.0
3074,fe9e0b55-3601-4032-aecd-2578784f6335,2025-08-31,STR005,SKU1004,15,19.0,2025-11-04 11:16:19.423183,4.0
3075,fe9e0b55-3601-4032-aecd-2578784f6335,2025-08-31,STR005,SKU1005,35,28.0,2025-11-04 11:16:19.423183,7.0
3076,fe9e0b55-3601-4032-aecd-2578784f6335,2025-08-31,STR006,SKU1001,263,251.0,2025-11-04 11:16:19.423183,12.0
3077,fe9e0b55-3601-4032-aecd-2578784f6335,2025-08-31,STR006,SKU1002,187,200.0,2025-11-04 11:16:19.423183,13.0
3078,fe9e0b55-3601-4032-aecd-2578784f6335,2025-08-31,STR006,SKU1003,200,233.0,2025-11-04 11:16:19.423183,33.0
3079,fe9e0b55-3601-4032-aecd-2578784f6335,2025-08-31,STR006,SKU1004,273,272.0,2025-11-04 11:16:19.423183,1.0
3080,fe9e0b55-3601-4032-aecd-2578784f6335,2025-08-31,STR006,SKU1005,151,162.0,2025-11-04 11:16:19.423183,11.0
3081,fe9e0b55-3601-4032-aecd-2578784f6335,2025-08-31,STR007,SKU1001,145,216.0,2025-11-04 11:16:19.423183,71.0
3082,fe9e0b55-3601-4032-aecd-2578784f6335,2025-08-31,STR007,SKU1002,295,272.0,2025-11-04 11:16:19.423183,23.0
3083,fe9e0b55-3601-4032-aecd-2578784f6335,2025-08-31,STR007,SKU1003,241,251.0,2025-11-04 11:16:19.423183,10.0
3084,fe9e0b55-3601-4032-aecd-2578784f6335,2025-08-31,STR007,SKU1004,256,247.0,2025-11-04 11:16:19.423183,9.0
3085,fe9e0b55-3601-4032-aecd-2578784f6335,2025-08-31,STR007,SKU1005,195,166.0,2025-11-04 11:16:19.423183,29.0
3086,fe9e0b55-3601-4032-aecd-2578784f6335,2025-08-31,STR008,SKU1001,89,92.0,2025-11-04 11:16:19.423183,3.0
3087,fe9e0b55-3601-4032-aecd-2578784f6335,2025-08-31,STR008,SKU1002,115,91.0,2025-11-04 11:16:19.423183,24.0
3088,fe9e0b55-3601-4032-aecd-2578784f6335,2025-08-31,STR008,SKU1003,58,57.0,2025-11-04 11:16:19.423183,1.0
3089,fe9e0b55-3601-4032-aecd-2578784f6335,2025-08-31,STR008,SKU1004,102,104.0,2025-11-04 11:16:19.423183,2.0
3090,fe9e0b55-3601-4032-aecd-2578784f6335,2025-08-31,STR008,SKU1005,46,75.0,2025-11-04 11:16:19.423183,29.0
3091,fe9e0b55-3601-4032-aecd-2578784f6335,2025-08-31,STR009,SKU1001,76,66.0,2025-11-04 11:16:19.423183,10.0
3092,fe9e0b55-3601-4032-aecd-2578784f6335,2025-08-31,STR009,SKU1002,90,118.0,2025-11-04 11:16:19.423183,28.0
3093,fe9e0b55-3601-4032-aecd-2578784f6335,2025-08-31,STR009,SKU1003,49,96.0,2025-11-04 11:16:19.423183,47.0
3094,fe9e0b55-3601-4032-aecd-2578784f6335,2025-08-31,STR009,SKU1004,96,85.0,2025-11-04 11:16:19.423183,11.0
3095,fe9e0b55-3601-4032-aecd-2578784f6335,2025-08-31,STR009,SKU1005,102,109.0,2025-11-04 11:16:19.423183,7.0
3096,fe9e0b55-3601-4032-aecd-2578784f6335,2025-08-31,STR010,SKU1001,51,53.0,2025-11-04 11:16:19.423183,2.0
3097,fe9e0b55-3601-4032-aecd-2578784f6335,2025-08-31,STR010,SKU1002,82,112.0,2025-11-04 11:16:19.423183,30.0
3098,fe9e0b55-3601-4032-aecd-2578784f6335,2025-08-31,STR010,SKU1003,109,115.0,2025-11-04 11:16:19.423183,6.0
3099,fe9e0b55-3601-4032-aecd-2578784f6335,2025-08-31,STR010,SKU1004,102,119.0,2025-11-04 11:16:19.423183,17.0
3100,fe9e0b55-3601-4032-aecd-2578784f6335,2025-08-31,STR010,SKU1005,107,93.0,2025-11-04 11:16:19.423183,14.0
3101,fe9e0b55-3601-4032-aecd-2578784f6335,2025-09-01,STR001,SKU1001,81,70.0,2025-11-04 11:16:19.423183,11.0
3102,fe9e0b55-3601-4032-aecd-2578784f6335,2025-09-01,STR001,SKU1002,79,83.0,2025-11-04 11:16:19.423183,4.0
3103,fe9e0b55-3601-4032-aecd-2578784f6335,2025-09-01,STR001,SKU1003,108,106.0,2025-11-04 11:16:19.423183,2.0
3104,fe9e0b55-3601-4032-aecd-2578784f6335,2025-09-01,STR001,SKU1004,70,61.0,2025-11-04 11:16:19.423183,9.0
3105,fe9e0b55-3601-4032-aecd-2578784f6335,2025-09-01,STR001,SKU1005,49,59.0,2025-11-04 11:16:19.423183,10.0
3106,fe9e0b55-3601-4032-aecd-2578784f6335,2025-09-01,STR002,SKU1001,30,25.0,2025-11-04 11:16:19.423183,5.0
3107,fe9e0b55-3601-4032-aecd-2578784f6335,2025-09-01,STR002,SKU1002,20,23.0,2025-11-04 11:16:19.423183,3.0
3108,fe9e0b55-3601-4032-aecd-2578784f6335,2025-09-01,STR002,SKU1003,17,16.0,2025-11-04 11:16:19.423183,1.0
3109,fe9e0b55-3601-4032-aecd-2578784f6335,2025-09-01,STR002,SKU1004,14,13.0,2025-11-04 11:16:19.423183,1.0
3110,fe9e0b55-3601-4032-aecd-2578784f6335,2025-09-01,STR002,SKU1005,9,9.0,2025-11-04 11:16:19.423183,0.0
3111,fe9e0b55-3601-4032-aecd-2578784f6335,2025-09-01,STR003,SKU1001,31,21.0,2025-11-04 11:16:19.423183,10.0
3112,fe9e0b55-3601-4032-aecd-2578784f6335,2025-09-01,STR003,SKU1002,21,19.0,2025-11-04 11:16:19.423183,2.0
3113,fe9e0b55-3601-4032-aecd-2578784f6335,2025-09-01,STR003,SKU1003,28,23.0,2025-11-04 11:16:19.423183,5.0
3114,fe9e0b55-3601-4032-aecd-2578784f6335,2025-09-01,STR003,SKU1004,7,8.0,2025-11-04 11:16:19.423183,1.0
3115,fe9e0b55-3601-4032-aecd-2578784f6335,2025-09-01,STR003,SKU1005,21,19.0,2025-11-04 11:16:19.423183,2.0
3116,fe9e0b55-3601-4032-aecd-2578784f6335,2025-09-01,STR004,SKU1001,111,109.0,2025-11-04 11:16:19.423183,2.0
3117,fe9e0b55-3601-4032-aecd-2578784f6335,2025-09-01,STR004,SKU1002,47,50.0,2025-11-04 11:16:19.423183,3.0
3118,fe9e0b55-3601-4032-aecd-2578784f6335,2025-09-01,STR004,SKU1003,125,108.0,2025-11-04 11:16:19.423183,17.0
3119,fe9e0b55-3601-4032-aecd-2578784f6335,2025-09-01,STR004,SKU1004,80,107.0,2025-11-04 11:16:19.423183,27.0
3120,fe9e0b55-3601-4032-aecd-2578784f6335,2025-09-01,STR004,SKU1005,44,50.0,2025-11-04 11:16:19.423183,6.0
3121,fe9e0b55-3601-4032-aecd-2578784f6335,2025-09-01,STR005,SKU1001,14,12.0,2025-11-04 11:16:19.423183,2.0
3122,fe9e0b55-3601-4032-aecd-2578784f6335,2025-09-01,STR005,SKU1002,17,17.0,2025-11-04 11:16:19.423183,0.0
3123,fe9e0b55-3601-4032-aecd-2578784f6335,2025-09-01,STR005,SKU1003,7,8.0,2025-11-04 11:16:19.423183,1.0
3124,fe9e0b55-3601-4032-aecd-2578784f6335,2025-09-01,STR005,SKU1004,9,11.0,2025-11-04 11:16:19.423183,2.0
3125,fe9e0b55-3601-4032-aecd-2578784f6335,2025-09-01,STR005,SKU1005,18,24.0,2025-11-04 11:16:19.423183,6.0
3126,fe9e0b55-3601-4032-aecd-2578784f6335,2025-09-01,STR006,SKU1001,240,207.0,2025-11-04 11:16:19.423183,33.0
3127,fe9e0b55-3601-4032-aecd-2578784f6335,2025-09-01,STR006,SKU1002,187,163.0,2025-11-04 11:16:19.423183,24.0
3128,fe9e0b55-3601-4032-aecd-2578784f6335,2025-09-01,STR006,SKU1003,220,233.0,2025-11-04 11:16:19.423183,13.0
3129,fe9e0b55-3601-4032-aecd-2578784f6335,2025-09-01,STR006,SKU1004,211,171.0,2025-11-04 11:16:19.423183,40.0
3130,fe9e0b55-3601-4032-aecd-2578784f6335,2025-09-01,STR006,SKU1005,150,182.0,2025-11-04 11:16:19.423183,32.0
3131,fe9e0b55-3601-4032-aecd-2578784f6335,2025-09-01,STR007,SKU1001,334,271.0,2025-11-04 11:16:19.423183,63.0
3132,fe9e0b55-3601-4032-aecd-2578784f6335,2025-09-01,STR007,SKU1002,214,232.0,2025-11-04 11:16:19.423183,18.0
3133,fe9e0b55-3601-4032-aecd-2578784f6335,2025-09-01,STR007,SKU1003,304,257.0,2025-11-04 11:16:19.423183,47.0
3134,fe9e0b55-3601-4032-aecd-2578784f6335,2025-09-01,STR007,SKU1004,314,296.0,2025-11-04 11:16:19.423183,18.0
3135,fe9e0b55-3601-4032-aecd-2578784f6335,2025-09-01,STR007,SKU1005,180,186.0,2025-11-04 11:16:19.423183,6.0
3136,fe9e0b55-3601-4032-aecd-2578784f6335,2025-09-01,STR008,SKU1001,53,65.0,2025-11-04 11:16:19.423183,12.0
3137,fe9e0b55-3601-4032-aecd-2578784f6335,2025-09-01,STR008,SKU1002,72,71.0,2025-11-04 11:16:19.423183,1.0
3138,fe9e0b55-3601-4032-aecd-2578784f6335,2025-09-01,STR008,SKU1003,116,112.0,2025-11-04 11:16:19.423183,4.0
3139,fe9e0b55-3601-4032-aecd-2578784f6335,2025-09-01,STR008,SKU1004,115,105.0,2025-11-04 11:16:19.423183,10.0
3140,fe9e0b55-3601-4032-aecd-2578784f6335,2025-09-01,STR008,SKU1005,50,60.0,2025-11-04 11:16:19.423183,10.0
3141,fe9e0b55-3601-4032-aecd-2578784f6335,2025-09-01,STR009,SKU1001,136,110.0,2025-11-04 11:16:19.423183,26.0
3142,fe9e0b55-3601-4032-aecd-2578784f6335,2025-09-01,STR009,SKU1002,131,118.0,2025-11-04 11:16:19.423183,13.0
3143,fe9e0b55-3601-4032-aecd-2578784f6335,2025-09-01,STR009,SKU1003,110,94.0,2025-11-04 11:16:19.423183,16.0
3144,fe9e0b55-3601-4032-aecd-2578784f6335,2025-09-01,STR009,SKU1004,79,99.0,2025-11-04 11:16:19.423183,20.0
3145,fe9e0b55-3601-4032-aecd-2578784f6335,2025-09-01,STR009,SKU1005,81,80.0,2025-11-04 11:16:19.423183,1.0
3146,fe9e0b55-3601-4032-aecd-2578784f6335,2025-09-01,STR010,SKU1001,71,66.0,2025-11-04 11:16:19.423183,5.0
3147,fe9e0b55-3601-4032-aecd-2578784f6335,2025-09-01,STR010,SKU1002,109,102.0,2025-11-04 11:16:19.423183,7.0
3148,fe9e0b55-3601-4032-aecd-2578784f6335,2025-09-01,STR010,SKU1003,39,51.0,2025-11-04 11:16:19.423183,12.0
3149,fe9e0b55-3601-4032-aecd-2578784f6335,2025-09-01,STR010,SKU1004,79,90.0,2025-11-04 11:16:19.423183,11.0
3150,fe9e0b55-3601-4032-aecd-2578784f6335,2025-09-01,STR010,SKU1005,85,95.0,2025-11-04 11:16:19.423183,10.0
3151,fe9e0b55-3601-4032-aecd-2578784f6335,2025-09-02,STR001,SKU1001,23,22.0,2025-11-04 11:16:19.423183,1.0
3152,fe9e0b55-3601-4032-aecd-2578784f6335,2025-09-02,STR001,SKU1002,15,15.0,2025-11-04 11:16:19.423183,0.0
3153,fe9e0b55-3601-4032-aecd-2578784f6335,2025-09-02,STR001,SKU1003,6,8.0,2025-11-04 11:16:19.423183,2.0
3154,fe9e0b55-3601-4032-aecd-2578784f6335,2025-09-02,STR001,SKU1004,23,20.0,2025-11-04 11:16:19.423183,3.0
3155,fe9e0b55-3601-4032-aecd-2578784f6335,2025-09-02,STR001,SKU1005,26,21.0,2025-11-04 11:16:19.423183,5.0
3156,fe9e0b55-3601-4032-aecd-2578784f6335,2025-09-02,STR002,SKU1001,15,13.0,2025-11-04 11:16:19.423183,2.0
3157,fe9e0b55-3601-4032-aecd-2578784f6335,2025-09-02,STR002,SKU1002,9,10.0,2025-11-04 11:16:19.423183,1.0
3158,fe9e0b55-3601-4032-aecd-2578784f6335,2025-09-02,STR002,SKU1003,37,28.0,2025-11-04 11:16:19.423183,9.0
3159,fe9e0b55-3601-4032-aecd-2578784f6335,2025-09-02,STR002,SKU1004,21,24.0,2025-11-04 11:16:19.423183,3.0
3160,fe9e0b55-3601-4032-aecd-2578784f6335,2025-09-02,STR002,SKU1005,20,29.0,2025-11-04 11:16:19.423183,9.0
3161,fe9e0b55-3601-4032-aecd-2578784f6335,2025-09-02,STR003,SKU1001,6,6.0,2025-11-04 11:16:19.423183,0.0
3162,fe9e0b55-3601-4032-aecd-2578784f6335,2025-09-02,STR003,SKU1002,13,13.0,2025-11-04 11:16:19.423183,0.0
3163,fe9e0b55-3601-4032-aecd-2578784f6335,2025-09-02,STR003,SKU1003,21,25.0,2025-11-04 11:16:19.423183,4.0
3164,fe9e0b55-3601-4032-aecd-2578784f6335,2025-09-02,STR003,SKU1004,10,10.0,2025-11-04 11:16:19.423183,0.0
3165,fe9e0b55-3601-4032-aecd-2578784f6335,2025-09-02,STR003,SKU1005,6,7.0,2025-11-04 11:16:19.423183,1.0
3166,fe9e0b55-3601-4032-aecd-2578784f6335,2025-09-02,STR004,SKU1001,306,252.0,2025-11-04 11:16:19.423183,54.0
3167,fe9e0b55-3601-4032-aecd-2578784f6335,2025-09-02,STR004,SKU1002,202,204.0,2025-11-04 11:16:19.423183,2.0
3168,fe9e0b55-3601-4032-aecd-2578784f6335,2025-09-02,STR004,SKU1003,171,150.0,2025-11-04 11:16:19.423183,21.0
3169,fe9e0b55-3601-4032-aecd-2578784f6335,2025-09-02,STR004,SKU1004,208,250.0,2025-11-04 11:16:19.423183,42.0
3170,fe9e0b55-3601-4032-aecd-2578784f6335,2025-09-02,STR004,SKU1005,193,194.0,2025-11-04 11:16:19.423183,1.0
3171,fe9e0b55-3601-4032-aecd-2578784f6335,2025-09-02,STR005,SKU1001,158,175.0,2025-11-04 11:16:19.423183,17.0
3172,fe9e0b55-3601-4032-aecd-2578784f6335,2025-09-02,STR005,SKU1002,172,270.0,2025-11-04 11:16:19.423183,98.0
3173,fe9e0b55-3601-4032-aecd-2578784f6335,2025-09-02,STR005,SKU1003,349,291.0,2025-11-04 11:16:19.423183,58.0
3174,fe9e0b55-3601-4032-aecd-2578784f6335,2025-09-02,STR005,SKU1004,162,195.0,2025-11-04 11:16:19.423183,33.0
3175,fe9e0b55-3601-4032-aecd-2578784f6335,2025-09-02,STR005,SKU1005,261,271.0,2025-11-04 11:16:19.423183,10.0
3176,fe9e0b55-3601-4032-aecd-2578784f6335,2025-09-02,STR006,SKU1001,73,80.0,2025-11-04 11:16:19.423183,7.0
3177,fe9e0b55-3601-4032-aecd-2578784f6335,2025-09-02,STR006,SKU1002,113,108.0,2025-11-04 11:16:19.423183,5.0
3178,fe9e0b55-3601-4032-aecd-2578784f6335,2025-09-02,STR006,SKU1003,73,78.0,2025-11-04 11:16:19.423183,5.0
3179,fe9e0b55-3601-4032-aecd-2578784f6335,2025-09-02,STR006,SKU1004,72,66.0,2025-11-04 11:16:19.423183,6.0
3180,fe9e0b55-3601-4032-aecd-2578784f6335,2025-09-02,STR006,SKU1005,73,63.0,2025-11-04 11:16:19.423183,10.0
3181,fe9e0b55-3601-4032-aecd-2578784f6335,2025-09-02,STR007,SKU1001,97,85.0,2025-11-04 11:16:19.423183,12.0
3182,fe9e0b55-3601-4032-aecd-2578784f6335,2025-09-02,STR007,SKU1002,106,107.0,2025-11-04 11:16:19.423183,1.0
3183,fe9e0b55-3601-4032-aecd-2578784f6335,2025-09-02,STR007,SKU1003,70,73.0,2025-11-04 11:16:19.423183,3.0
3184,fe9e0b55-3601-4032-aecd-2578784f6335,2025-09-02,STR007,SKU1004,106,112.0,2025-11-04 11:16:19.423183,6.0
3185,fe9e0b55-3601-4032-aecd-2578784f6335,2025-09-02,STR007,SKU1005,69,74.0,2025-11-04 11:16:19.423183,5.0
3186,fe9e0b55-3601-4032-aecd-2578784f6335,2025-09-02,STR008,SKU1001,113,108.0,2025-11-04 11:16:19.423183,5.0
3187,fe9e0b55-3601-4032-aecd-2578784f6335,2025-09-02,STR008,SKU1002,71,81.0,2025-11-04 11:16:19.423183,10.0
3188,fe9e0b55-3601-4032-aecd-2578784f6335,2025-09-02,STR008,SKU1003,70,67.0,2025-11-04 11:16:19.423183,3.0
3189,fe9e0b55-3601-4032-aecd-2578784f6335,2025-09-02,STR008,SKU1004,85,86.0,2025-11-04 11:16:19.423183,1.0
3190,fe9e0b55-3601-4032-aecd-2578784f6335,2025-09-02,STR008,SKU1005,73,75.0,2025-11-04 11:16:19.423183,2.0
3191,fe9e0b55-3601-4032-aecd-2578784f6335,2025-09-02,STR009,SKU1001,69,58.0,2025-11-04 11:16:19.423183,11.0
3192,fe9e0b55-3601-4032-aecd-2578784f6335,2025-09-02,STR009,SKU1002,115,113.0,2025-11-04 11:16:19.423183,2.0
3193,fe9e0b55-3601-4032-aecd-2578784f6335,2025-09-02,STR009,SKU1003,69,69.0,2025-11-04 11:16:19.423183,0.0
3194,fe9e0b55-3601-4032-aecd-2578784f6335,2025-09-02,STR009,SKU1004,106,103.0,2025-11-04 11:16:19.423183,3.0
3195,fe9e0b55-3601-4032-aecd-2578784f6335,2025-09-02,STR009,SKU1005,73,79.0,2025-11-04 11:16:19.423183,6.0
3196,fe9e0b55-3601-4032-aecd-2578784f6335,2025-09-02,STR010,SKU1001,88,102.0,2025-11-04 11:16:19.423183,14.0
3197,fe9e0b55-3601-4032-aecd-2578784f6335,2025-09-02,STR010,SKU1002,90,112.0,2025-11-04 11:16:19.423183,22.0
3198,fe9e0b55-3601-4032-aecd-2578784f6335,2025-09-02,STR010,SKU1003,62,60.0,2025-11-04 11:16:19.423183,2.0
3199,fe9e0b55-3601-4032-aecd-2578784f6335,2025-09-02,STR010,SKU1004,90,80.0,2025-11-04 11:16:19.423183,10.0
3200,fe9e0b55-3601-4032-aecd-2578784f6335,2025-09-02,STR010,SKU1005,102,98.0,2025-11-04 11:16:19.423183,4.0
3201,fe9e0b55-3601-4032-aecd-2578784f6335,2025-09-03,STR001,SKU1001,20,20.0,2025-11-04 11:16:19.423183,0.0
3202,fe9e0b55-3601-4032-aecd-2578784f6335,2025-09-03,STR001,SKU1002,9,11.0,2025-11-04 11:16:19.423183,2.0
3203,fe9e0b55-3601-4032-aecd-2578784f6335,2025-09-03,STR001,SKU1003,6,8.0,2025-11-04 11:16:19.423183,2.0
3204,fe9e0b55-3601-4032-aecd-2578784f6335,2025-09-03,STR001,SKU1004,36,27.0,2025-11-04 11:16:19.423183,9.0
3205,fe9e0b55-3601-4032-aecd-2578784f6335,2025-09-03,STR001,SKU1005,26,23.0,2025-11-04 11:16:19.423183,3.0
3206,fe9e0b55-3601-4032-aecd-2578784f6335,2025-09-03,STR002,SKU1001,18,16.0,2025-11-04 11:16:19.423183,2.0
3207,fe9e0b55-3601-4032-aecd-2578784f6335,2025-09-03,STR002,SKU1002,17,19.0,2025-11-04 11:16:19.423183,2.0
3208,fe9e0b55-3601-4032-aecd-2578784f6335,2025-09-03,STR002,SKU1003,15,15.0,2025-11-04 11:16:19.423183,0.0
3209,fe9e0b55-3601-4032-aecd-2578784f6335,2025-09-03,STR002,SKU1004,9,9.0,2025-11-04 11:16:19.423183,0.0
3210,fe9e0b55-3601-4032-aecd-2578784f6335,2025-09-03,STR002,SKU1005,7,9.0,2025-11-04 11:16:19.423183,2.0
3211,fe9e0b55-3601-4032-aecd-2578784f6335,2025-09-03,STR003,SKU1001,20,19.0,2025-11-04 11:16:19.423183,1.0
3212,fe9e0b55-3601-4032-aecd-2578784f6335,2025-09-03,STR003,SKU1002,25,22.0,2025-11-04 11:16:19.423183,3.0
3213,fe9e0b55-3601-4032-aecd-2578784f6335,2025-09-03,STR003,SKU1003,15,15.0,2025-11-04 11:16:19.423183,0.0
3214,fe9e0b55-3601-4032-aecd-2578784f6335,2025-09-03,STR003,SKU1004,19,16.0,2025-11-04 11:16:19.423183,3.0
3215,fe9e0b55-3601-4032-aecd-2578784f6335,2025-09-03,STR003,SKU1005,5,6.0,2025-11-04 11:16:19.423183,1.0
3216,fe9e0b55-3601-4032-aecd-2578784f6335,2025-09-03,STR004,SKU1001,220,233.0,2025-11-04 11:16:19.423183,13.0
3217,fe9e0b55-3601-4032-aecd-2578784f6335,2025-09-03,STR004,SKU1002,155,164.0,2025-11-04 11:16:19.423183,9.0
3218,fe9e0b55-3601-4032-aecd-2578784f6335,2025-09-03,STR004,SKU1003,245,281.0,2025-11-04 11:16:19.423183,36.0
3219,fe9e0b55-3601-4032-aecd-2578784f6335,2025-09-03,STR004,SKU1004,234,199.0,2025-11-04 11:16:19.423183,35.0
3220,fe9e0b55-3601-4032-aecd-2578784f6335,2025-09-03,STR004,SKU1005,158,172.0,2025-11-04 11:16:19.423183,14.0
3221,fe9e0b55-3601-4032-aecd-2578784f6335,2025-09-03,STR005,SKU1001,198,208.0,2025-11-04 11:16:19.423183,10.0
3222,fe9e0b55-3601-4032-aecd-2578784f6335,2025-09-03,STR005,SKU1002,292,239.0,2025-11-04 11:16:19.423183,53.0
3223,fe9e0b55-3601-4032-aecd-2578784f6335,2025-09-03,STR005,SKU1003,322,264.0,2025-11-04 11:16:19.423183,58.0
3224,fe9e0b55-3601-4032-aecd-2578784f6335,2025-09-03,STR005,SKU1004,210,224.0,2025-11-04 11:16:19.423183,14.0
3225,fe9e0b55-3601-4032-aecd-2578784f6335,2025-09-03,STR005,SKU1005,208,272.0,2025-11-04 11:16:19.423183,64.0
3226,fe9e0b55-3601-4032-aecd-2578784f6335,2025-09-03,STR006,SKU1001,56,57.0,2025-11-04 11:16:19.423183,1.0
3227,fe9e0b55-3601-4032-aecd-2578784f6335,2025-09-03,STR006,SKU1002,53,78.0,2025-11-04 11:16:19.423183,25.0
3228,fe9e0b55-3601-4032-aecd-2578784f6335,2025-09-03,STR006,SKU1003,44,60.0,2025-11-04 11:16:19.423183,16.0
3229,fe9e0b55-3601-4032-aecd-2578784f6335,2025-09-03,STR006,SKU1004,55,67.0,2025-11-04 11:16:19.423183,12.0
3230,fe9e0b55-3601-4032-aecd-2578784f6335,2025-09-03,STR006,SKU1005,118,104.0,2025-11-04 11:16:19.423183,14.0
3231,fe9e0b55-3601-4032-aecd-2578784f6335,2025-09-03,STR007,SKU1001,67,99.0,2025-11-04 11:16:19.423183,32.0
3232,fe9e0b55-3601-4032-aecd-2578784f6335,2025-09-03,STR007,SKU1002,61,63.0,2025-11-04 11:16:19.423183,2.0
3233,fe9e0b55-3601-4032-aecd-2578784f6335,2025-09-03,STR007,SKU1003,51,58.0,2025-11-04 11:16:19.423183,7.0
3234,fe9e0b55-3601-4032-aecd-2578784f6335,2025-09-03,STR007,SKU1004,58,60.0,2025-11-04 11:16:19.423183,2.0
3235,fe9e0b55-3601-4032-aecd-2578784f6335,2025-09-03,STR007,SKU1005,110,112.0,2025-11-04 11:16:19.423183,2.0
3236,fe9e0b55-3601-4032-aecd-2578784f6335,2025-09-03,STR008,SKU1001,129,116.0,2025-11-04 11:16:19.423183,13.0
3237,fe9e0b55-3601-4032-aecd-2578784f6335,2025-09-03,STR008,SKU1002,96,102.0,2025-11-04 11:16:19.423183,6.0
3238,fe9e0b55-3601-4032-aecd-2578784f6335,2025-09-03,STR008,SKU1003,95,88.0,2025-11-04 11:16:19.423183,7.0
3239,fe9e0b55-3601-4032-aecd-2578784f6335,2025-09-03,STR008,SKU1004,104,105.0,2025-11-04 11:16:19.423183,1.0
3240,fe9e0b55-3601-4032-aecd-2578784f6335,2025-09-03,STR008,SKU1005,60,77.0,2025-11-04 11:16:19.423183,17.0
3241,fe9e0b55-3601-4032-aecd-2578784f6335,2025-09-03,STR009,SKU1001,68,88.0,2025-11-04 11:16:19.423183,20.0
3242,fe9e0b55-3601-4032-aecd-2578784f6335,2025-09-03,STR009,SKU1002,75,74.0,2025-11-04 11:16:19.423183,1.0
3243,fe9e0b55-3601-4032-aecd-2578784f6335,2025-09-03,STR009,SKU1003,76,70.0,2025-11-04 11:16:19.423183,6.0
3244,fe9e0b55-3601-4032-aecd-2578784f6335,2025-09-03,STR009,SKU1004,60,59.0,2025-11-04 11:16:19.423183,1.0
3245,fe9e0b55-3601-4032-aecd-2578784f6335,2025-09-03,STR009,SKU1005,86,92.0,2025-11-04 11:16:19.423183,6.0
3246,fe9e0b55-3601-4032-aecd-2578784f6335,2025-09-03,STR010,SKU1001,53,64.0,2025-11-04 11:16:19.423183,11.0
3247,fe9e0b55-3601-4032-aecd-2578784f6335,2025-09-03,STR010,SKU1002,108,97.0,2025-11-04 11:16:19.423183,11.0
3248,fe9e0b55-3601-4032-aecd-2578784f6335,2025-09-03,STR010,SKU1003,70,70.0,2025-11-04 11:16:19.423183,0.0
3249,fe9e0b55-3601-4032-aecd-2578784f6335,2025-09-03,STR010,SKU1004,120,109.0,2025-11-04 11:16:19.423183,11.0
3250,fe9e0b55-3601-4032-aecd-2578784f6335,2025-09-03,STR010,SKU1005,86,99.0,2025-11-04 11:16:19.423183,13.0
3251,fe9e0b55-3601-4032-aecd-2578784f6335,2025-09-04,STR001,SKU1001,25,27.0,2025-11-04 11:16:19.423183,2.0
3252,fe9e0b55-3601-4032-aecd-2578784f6335,2025-09-04,STR001,SKU1002,17,17.0,2025-11-04 11:16:19.423183,0.0
3253,fe9e0b55-3601-4032-aecd-2578784f6335,2025-09-04,STR001,SKU1003,8,9.0,2025-11-04 11:16:19.423183,1.0
3254,fe9e0b55-3601-4032-aecd-2578784f6335,2025-09-04,STR001,SKU1004,8,8.0,2025-11-04 11:16:19.423183,0.0
3255,fe9e0b55-3601-4032-aecd-2578784f6335,2025-09-04,STR001,SKU1005,20,18.0,2025-11-04 11:16:19.423183,2.0
3256,fe9e0b55-3601-4032-aecd-2578784f6335,2025-09-04,STR002,SKU1001,12,12.0,2025-11-04 11:16:19.423183,0.0
3257,fe9e0b55-3601-4032-aecd-2578784f6335,2025-09-04,STR002,SKU1002,16,13.0,2025-11-04 11:16:19.423183,3.0
3258,fe9e0b55-3601-4032-aecd-2578784f6335,2025-09-04,STR002,SKU1003,23,29.0,2025-11-04 11:16:19.423183,6.0
3259,fe9e0b55-3601-4032-aecd-2578784f6335,2025-09-04,STR002,SKU1004,29,23.0,2025-11-04 11:16:19.423183,6.0
3260,fe9e0b55-3601-4032-aecd-2578784f6335,2025-09-04,STR002,SKU1005,10,7.0,2025-11-04 11:16:19.423183,3.0
3261,fe9e0b55-3601-4032-aecd-2578784f6335,2025-09-04,STR003,SKU1001,9,9.0,2025-11-04 11:16:19.423183,0.0
3262,fe9e0b55-3601-4032-aecd-2578784f6335,2025-09-04,STR003,SKU1002,22,25.0,2025-11-04 11:16:19.423183,3.0
3263,fe9e0b55-3601-4032-aecd-2578784f6335,2025-09-04,STR003,SKU1003,22,22.0,2025-11-04 11:16:19.423183,0.0
3264,fe9e0b55-3601-4032-aecd-2578784f6335,2025-09-04,STR003,SKU1004,6,5.0,2025-11-04 11:16:19.423183,1.0
3265,fe9e0b55-3601-4032-aecd-2578784f6335,2025-09-04,STR003,SKU1005,12,12.0,2025-11-04 11:16:19.423183,0.0
3266,fe9e0b55-3601-4032-aecd-2578784f6335,2025-09-04,STR004,SKU1001,188,230.0,2025-11-04 11:16:19.423183,42.0
3267,fe9e0b55-3601-4032-aecd-2578784f6335,2025-09-04,STR004,SKU1002,202,192.0,2025-11-04 11:16:19.423183,10.0
3268,fe9e0b55-3601-4032-aecd-2578784f6335,2025-09-04,STR004,SKU1003,225,244.0,2025-11-04 11:16:19.423183,19.0
3269,fe9e0b55-3601-4032-aecd-2578784f6335,2025-09-04,STR004,SKU1004,178,155.0,2025-11-04 11:16:19.423183,23.0
3270,fe9e0b55-3601-4032-aecd-2578784f6335,2025-09-04,STR004,SKU1005,187,216.0,2025-11-04 11:16:19.423183,29.0
3271,fe9e0b55-3601-4032-aecd-2578784f6335,2025-09-04,STR005,SKU1001,358,289.0,2025-11-04 11:16:19.423183,69.0
3272,fe9e0b55-3601-4032-aecd-2578784f6335,2025-09-04,STR005,SKU1002,178,249.0,2025-11-04 11:16:19.423183,71.0
3273,fe9e0b55-3601-4032-aecd-2578784f6335,2025-09-04,STR005,SKU1003,120,161.0,2025-11-04 11:16:19.423183,41.0
3274,fe9e0b55-3601-4032-aecd-2578784f6335,2025-09-04,STR005,SKU1004,228,215.0,2025-11-04 11:16:19.423183,13.0
3275,fe9e0b55-3601-4032-aecd-2578784f6335,2025-09-04,STR005,SKU1005,144,151.0,2025-11-04 11:16:19.423183,7.0
3276,fe9e0b55-3601-4032-aecd-2578784f6335,2025-09-04,STR006,SKU1001,66,64.0,2025-11-04 11:16:19.423183,2.0
3277,fe9e0b55-3601-4032-aecd-2578784f6335,2025-09-04,STR006,SKU1002,65,72.0,2025-11-04 11:16:19.423183,7.0
3278,fe9e0b55-3601-4032-aecd-2578784f6335,2025-09-04,STR006,SKU1003,65,78.0,2025-11-04 11:16:19.423183,13.0
3279,fe9e0b55-3601-4032-aecd-2578784f6335,2025-09-04,STR006,SKU1004,58,56.0,2025-11-04 11:16:19.423183,2.0
3280,fe9e0b55-3601-4032-aecd-2578784f6335,2025-09-04,STR006,SKU1005,70,77.0,2025-11-04 11:16:19.423183,7.0
3281,fe9e0b55-3601-4032-aecd-2578784f6335,2025-09-04,STR007,SKU1001,47,63.0,2025-11-04 11:16:19.423183,16.0
3282,fe9e0b55-3601-4032-aecd-2578784f6335,2025-09-04,STR007,SKU1002,106,93.0,2025-11-04 11:16:19.423183,13.0
3283,fe9e0b55-3601-4032-aecd-2578784f6335,2025-09-04,STR007,SKU1003,62,79.0,2025-11-04 11:16:19.423183,17.0
3284,fe9e0b55-3601-4032-aecd-2578784f6335,2025-09-04,STR007,SKU1004,90,81.0,2025-11-04 11:16:19.423183,9.0
3285,fe9e0b55-3601-4032-aecd-2578784f6335,2025-09-04,STR007,SKU1005,131,119.0,2025-11-04 11:16:19.423183,12.0
3286,fe9e0b55-3601-4032-aecd-2578784f6335,2025-09-04,STR008,SKU1001,58,55.0,2025-11-04 11:16:19.423183,3.0
3287,fe9e0b55-3601-4032-aecd-2578784f6335,2025-09-04,STR008,SKU1002,65,76.0,2025-11-04 11:16:19.423183,11.0
3288,fe9e0b55-3601-4032-aecd-2578784f6335,2025-09-04,STR008,SKU1003,56,73.0,2025-11-04 11:16:19.423183,17.0
3289,fe9e0b55-3601-4032-aecd-2578784f6335,2025-09-04,STR008,SKU1004,77,83.0,2025-11-04 11:16:19.423183,6.0
3290,fe9e0b55-3601-4032-aecd-2578784f6335,2025-09-04,STR008,SKU1005,94,89.0,2025-11-04 11:16:19.423183,5.0
3291,fe9e0b55-3601-4032-aecd-2578784f6335,2025-09-04,STR009,SKU1001,111,96.0,2025-11-04 11:16:19.423183,15.0
3292,fe9e0b55-3601-4032-aecd-2578784f6335,2025-09-04,STR009,SKU1002,63,73.0,2025-11-04 11:16:19.423183,10.0
3293,fe9e0b55-3601-4032-aecd-2578784f6335,2025-09-04,STR009,SKU1003,123,114.0,2025-11-04 11:16:19.423183,9.0
3294,fe9e0b55-3601-4032-aecd-2578784f6335,2025-09-04,STR009,SKU1004,83,67.0,2025-11-04 11:16:19.423183,16.0
3295,fe9e0b55-3601-4032-aecd-2578784f6335,2025-09-04,STR009,SKU1005,122,93.0,2025-11-04 11:16:19.423183,29.0
3296,fe9e0b55-3601-4032-aecd-2578784f6335,2025-09-04,STR010,SKU1001,90,106.0,2025-11-04 11:16:19.423183,16.0
3297,fe9e0b55-3601-4032-aecd-2578784f6335,2025-09-04,STR010,SKU1002,73,77.0,2025-11-04 11:16:19.423183,4.0
3298,fe9e0b55-3601-4032-aecd-2578784f6335,2025-09-04,STR010,SKU1003,61,72.0,2025-11-04 11:16:19.423183,11.0
3299,fe9e0b55-3601-4032-aecd-2578784f6335,2025-09-04,STR010,SKU1004,86,83.0,2025-11-04 11:16:19.423183,3.0
3300,fe9e0b55-3601-4032-aecd-2578784f6335,2025-09-04,STR010,SKU1005,50,60.0,2025-11-04 11:16:19.423183,10.0
3301,fe9e0b55-3601-4032-aecd-2578784f6335,2025-09-05,STR001,SKU1001,22,26.0,2025-11-04 11:16:19.423183,4.0
3302,fe9e0b55-3601-4032-aecd-2578784f6335,2025-09-05,STR001,SKU1002,13,14.0,2025-11-04 11:16:19.423183,1.0
3303,fe9e0b55-3601-4032-aecd-2578784f6335,2025-09-05,STR001,SKU1003,6,7.0,2025-11-04 11:16:19.423183,1.0
3304,fe9e0b55-3601-4032-aecd-2578784f6335,2025-09-05,STR001,SKU1004,22,24.0,2025-11-04 11:16:19.423183,2.0
3305,fe9e0b55-3601-4032-aecd-2578784f6335,2025-09-05,STR001,SKU1005,18,14.0,2025-11-04 11:16:19.423183,4.0
3306,fe9e0b55-3601-4032-aecd-2578784f6335,2025-09-05,STR002,SKU1001,18,22.0,2025-11-04 11:16:19.423183,4.0
3307,fe9e0b55-3601-4032-aecd-2578784f6335,2025-09-05,STR002,SKU1002,14,18.0,2025-11-04 11:16:19.423183,4.0
3308,fe9e0b55-3601-4032-aecd-2578784f6335,2025-09-05,STR002,SKU1003,20,22.0,2025-11-04 11:16:19.423183,2.0
3309,fe9e0b55-3601-4032-aecd-2578784f6335,2025-09-05,STR002,SKU1004,22,28.0,2025-11-04 11:16:19.423183,6.0
3310,fe9e0b55-3601-4032-aecd-2578784f6335,2025-09-05,STR002,SKU1005,11,12.0,2025-11-04 11:16:19.423183,1.0
3311,fe9e0b55-3601-4032-aecd-2578784f6335,2025-09-05,STR003,SKU1001,15,14.0,2025-11-04 11:16:19.423183,1.0
3312,fe9e0b55-3601-4032-aecd-2578784f6335,2025-09-05,STR003,SKU1002,28,26.0,2025-11-04 11:16:19.423183,2.0
3313,fe9e0b55-3601-4032-aecd-2578784f6335,2025-09-05,STR003,SKU1003,18,17.0,2025-11-04 11:16:19.423183,1.0
3314,fe9e0b55-3601-4032-aecd-2578784f6335,2025-09-05,STR003,SKU1004,25,25.0,2025-11-04 11:16:19.423183,0.0
3315,fe9e0b55-3601-4032-aecd-2578784f6335,2025-09-05,STR003,SKU1005,9,12.0,2025-11-04 11:16:19.423183,3.0
3316,fe9e0b55-3601-4032-aecd-2578784f6335,2025-09-05,STR004,SKU1001,189,281.0,2025-11-04 11:16:19.423183,92.0
3317,fe9e0b55-3601-4032-aecd-2578784f6335,2025-09-05,STR004,SKU1002,269,249.0,2025-11-04 11:16:19.423183,20.0
3318,fe9e0b55-3601-4032-aecd-2578784f6335,2025-09-05,STR004,SKU1003,122,154.0,2025-11-04 11:16:19.423183,32.0
3319,fe9e0b55-3601-4032-aecd-2578784f6335,2025-09-05,STR004,SKU1004,161,198.0,2025-11-04 11:16:19.423183,37.0
3320,fe9e0b55-3601-4032-aecd-2578784f6335,2025-09-05,STR004,SKU1005,211,247.0,2025-11-04 11:16:19.423183,36.0
3321,fe9e0b55-3601-4032-aecd-2578784f6335,2025-09-05,STR005,SKU1001,143,179.0,2025-11-04 11:16:19.423183,36.0
3322,fe9e0b55-3601-4032-aecd-2578784f6335,2025-09-05,STR005,SKU1002,210,221.0,2025-11-04 11:16:19.423183,11.0
3323,fe9e0b55-3601-4032-aecd-2578784f6335,2025-09-05,STR005,SKU1003,280,252.0,2025-11-04 11:16:19.423183,28.0
3324,fe9e0b55-3601-4032-aecd-2578784f6335,2025-09-05,STR005,SKU1004,201,212.0,2025-11-04 11:16:19.423183,11.0
3325,fe9e0b55-3601-4032-aecd-2578784f6335,2025-09-05,STR005,SKU1005,184,175.0,2025-11-04 11:16:19.423183,9.0
3326,fe9e0b55-3601-4032-aecd-2578784f6335,2025-09-05,STR006,SKU1001,74,106.0,2025-11-04 11:16:19.423183,32.0
3327,fe9e0b55-3601-4032-aecd-2578784f6335,2025-09-05,STR006,SKU1002,62,86.0,2025-11-04 11:16:19.423183,24.0
3328,fe9e0b55-3601-4032-aecd-2578784f6335,2025-09-05,STR006,SKU1003,47,56.0,2025-11-04 11:16:19.423183,9.0
3329,fe9e0b55-3601-4032-aecd-2578784f6335,2025-09-05,STR006,SKU1004,82,89.0,2025-11-04 11:16:19.423183,7.0
3330,fe9e0b55-3601-4032-aecd-2578784f6335,2025-09-05,STR006,SKU1005,104,88.0,2025-11-04 11:16:19.423183,16.0
3331,fe9e0b55-3601-4032-aecd-2578784f6335,2025-09-05,STR007,SKU1001,114,111.0,2025-11-04 11:16:19.423183,3.0
3332,fe9e0b55-3601-4032-aecd-2578784f6335,2025-09-05,STR007,SKU1002,87,102.0,2025-11-04 11:16:19.423183,15.0
3333,fe9e0b55-3601-4032-aecd-2578784f6335,2025-09-05,STR007,SKU1003,39,53.0,2025-11-04 11:16:19.423183,14.0
3334,fe9e0b55-3601-4032-aecd-2578784f6335,2025-09-05,STR007,SKU1004,86,74.0,2025-11-04 11:16:19.423183,12.0
3335,fe9e0b55-3601-4032-aecd-2578784f6335,2025-09-05,STR007,SKU1005,54,56.0,2025-11-04 11:16:19.423183,2.0
3336,fe9e0b55-3601-4032-aecd-2578784f6335,2025-09-05,STR008,SKU1001,86,77.0,2025-11-04 11:16:19.423183,9.0
3337,fe9e0b55-3601-4032-aecd-2578784f6335,2025-09-05,STR008,SKU1002,110,118.0,2025-11-04 11:16:19.423183,8.0
3338,fe9e0b55-3601-4032-aecd-2578784f6335,2025-09-05,STR008,SKU1003,138,116.0,2025-11-04 11:16:19.423183,22.0
3339,fe9e0b55-3601-4032-aecd-2578784f6335,2025-09-05,STR008,SKU1004,67,69.0,2025-11-04 11:16:19.423183,2.0
3340,fe9e0b55-3601-4032-aecd-2578784f6335,2025-09-05,STR008,SKU1005,51,60.0,2025-11-04 11:16:19.423183,9.0
3341,fe9e0b55-3601-4032-aecd-2578784f6335,2025-09-05,STR009,SKU1001,122,116.0,2025-11-04 11:16:19.423183,6.0
3342,fe9e0b55-3601-4032-aecd-2578784f6335,2025-09-05,STR009,SKU1002,57,56.0,2025-11-04 11:16:19.423183,1.0
3343,fe9e0b55-3601-4032-aecd-2578784f6335,2025-09-05,STR009,SKU1003,67,72.0,2025-11-04 11:16:19.423183,5.0
3344,fe9e0b55-3601-4032-aecd-2578784f6335,2025-09-05,STR009,SKU1004,140,110.0,2025-11-04 11:16:19.423183,30.0
3345,fe9e0b55-3601-4032-aecd-2578784f6335,2025-09-05,STR009,SKU1005,100,83.0,2025-11-04 11:16:19.423183,17.0
3346,fe9e0b55-3601-4032-aecd-2578784f6335,2025-09-05,STR010,SKU1001,60,68.0,2025-11-04 11:16:19.423183,8.0
3347,fe9e0b55-3601-4032-aecd-2578784f6335,2025-09-05,STR010,SKU1002,94,107.0,2025-11-04 11:16:19.423183,13.0
3348,fe9e0b55-3601-4032-aecd-2578784f6335,2025-09-05,STR010,SKU1003,52,58.0,2025-11-04 11:16:19.423183,6.0
3349,fe9e0b55-3601-4032-aecd-2578784f6335,2025-09-05,STR010,SKU1004,95,97.0,2025-11-04 11:16:19.423183,2.0
3350,fe9e0b55-3601-4032-aecd-2578784f6335,2025-09-05,STR010,SKU1005,110,90.0,2025-11-04 11:16:19.423183,20.0
3351,fe9e0b55-3601-4032-aecd-2578784f6335,2025-09-06,STR001,SKU1001,18,20.0,2025-11-04 11:16:19.423183,2.0
3352,fe9e0b55-3601-4032-aecd-2578784f6335,2025-09-06,STR001,SKU1002,20,17.0,2025-11-04 11:16:19.423183,3.0
3353,fe9e0b55-3601-4032-aecd-2578784f6335,2025-09-06,STR001,SKU1003,17,14.0,2025-11-04 11:16:19.423183,3.0
3354,fe9e0b55-3601-4032-aecd-2578784f6335,2025-09-06,STR001,SKU1004,24,29.0,2025-11-04 11:16:19.423183,5.0
3355,fe9e0b55-3601-4032-aecd-2578784f6335,2025-09-06,STR001,SKU1005,31,24.0,2025-11-04 11:16:19.423183,7.0
3356,fe9e0b55-3601-4032-aecd-2578784f6335,2025-09-06,STR002,SKU1001,18,18.0,2025-11-04 11:16:19.423183,0.0
3357,fe9e0b55-3601-4032-aecd-2578784f6335,2025-09-06,STR002,SKU1002,12,16.0,2025-11-04 11:16:19.423183,4.0
3358,fe9e0b55-3601-4032-aecd-2578784f6335,2025-09-06,STR002,SKU1003,24,29.0,2025-11-04 11:16:19.423183,5.0
3359,fe9e0b55-3601-4032-aecd-2578784f6335,2025-09-06,STR002,SKU1004,23,23.0,2025-11-04 11:16:19.423183,0.0
3360,fe9e0b55-3601-4032-aecd-2578784f6335,2025-09-06,STR002,SKU1005,12,11.0,2025-11-04 11:16:19.423183,1.0
3361,fe9e0b55-3601-4032-aecd-2578784f6335,2025-09-06,STR003,SKU1001,34,27.0,2025-11-04 11:16:19.423183,7.0
3362,fe9e0b55-3601-4032-aecd-2578784f6335,2025-09-06,STR003,SKU1002,21,19.0,2025-11-04 11:16:19.423183,2.0
3363,fe9e0b55-3601-4032-aecd-2578784f6335,2025-09-06,STR003,SKU1003,14,20.0,2025-11-04 11:16:19.423183,6.0
3364,fe9e0b55-3601-4032-aecd-2578784f6335,2025-09-06,STR003,SKU1004,11,12.0,2025-11-04 11:16:19.423183,1.0
3365,fe9e0b55-3601-4032-aecd-2578784f6335,2025-09-06,STR003,SKU1005,10,14.0,2025-11-04 11:16:19.423183,4.0
3366,fe9e0b55-3601-4032-aecd-2578784f6335,2025-09-06,STR004,SKU1001,143,217.0,2025-11-04 11:16:19.423183,74.0
3367,fe9e0b55-3601-4032-aecd-2578784f6335,2025-09-06,STR004,SKU1002,251,296.0,2025-11-04 11:16:19.423183,45.0
3368,fe9e0b55-3601-4032-aecd-2578784f6335,2025-09-06,STR004,SKU1003,158,177.0,2025-11-04 11:16:19.423183,19.0
3369,fe9e0b55-3601-4032-aecd-2578784f6335,2025-09-06,STR004,SKU1004,366,272.0,2025-11-04 11:16:19.423183,94.0
3370,fe9e0b55-3601-4032-aecd-2578784f6335,2025-09-06,STR004,SKU1005,207,287.0,2025-11-04 11:16:19.423183,80.0
3371,fe9e0b55-3601-4032-aecd-2578784f6335,2025-09-06,STR005,SKU1001,239,232.0,2025-11-04 11:16:19.423183,7.0
3372,fe9e0b55-3601-4032-aecd-2578784f6335,2025-09-06,STR005,SKU1002,180,179.0,2025-11-04 11:16:19.423183,1.0
3373,fe9e0b55-3601-4032-aecd-2578784f6335,2025-09-06,STR005,SKU1003,147,171.0,2025-11-04 11:16:19.423183,24.0
3374,fe9e0b55-3601-4032-aecd-2578784f6335,2025-09-06,STR005,SKU1004,135,152.0,2025-11-04 11:16:19.423183,17.0
3375,fe9e0b55-3601-4032-aecd-2578784f6335,2025-09-06,STR005,SKU1005,303,250.0,2025-11-04 11:16:19.423183,53.0
3376,fe9e0b55-3601-4032-aecd-2578784f6335,2025-09-06,STR006,SKU1001,93,97.0,2025-11-04 11:16:19.423183,4.0
3377,fe9e0b55-3601-4032-aecd-2578784f6335,2025-09-06,STR006,SKU1002,52,51.0,2025-11-04 11:16:19.423183,1.0
3378,fe9e0b55-3601-4032-aecd-2578784f6335,2025-09-06,STR006,SKU1003,114,103.0,2025-11-04 11:16:19.423183,11.0
3379,fe9e0b55-3601-4032-aecd-2578784f6335,2025-09-06,STR006,SKU1004,63,55.0,2025-11-04 11:16:19.423183,8.0
3380,fe9e0b55-3601-4032-aecd-2578784f6335,2025-09-06,STR006,SKU1005,88,89.0,2025-11-04 11:16:19.423183,1.0
3381,fe9e0b55-3601-4032-aecd-2578784f6335,2025-09-06,STR007,SKU1001,43,51.0,2025-11-04 11:16:19.423183,8.0
3382,fe9e0b55-3601-4032-aecd-2578784f6335,2025-09-06,STR007,SKU1002,40,51.0,2025-11-04 11:16:19.423183,11.0
3383,fe9e0b55-3601-4032-aecd-2578784f6335,2025-09-06,STR007,SKU1003,98,104.0,2025-11-04 11:16:19.423183,6.0
3384,fe9e0b55-3601-4032-aecd-2578784f6335,2025-09-06,STR007,SKU1004,104,109.0,2025-11-04 11:16:19.423183,5.0
3385,fe9e0b55-3601-4032-aecd-2578784f6335,2025-09-06,STR007,SKU1005,55,55.0,2025-11-04 11:16:19.423183,0.0
3386,fe9e0b55-3601-4032-aecd-2578784f6335,2025-09-06,STR008,SKU1001,71,68.0,2025-11-04 11:16:19.423183,3.0
3387,fe9e0b55-3601-4032-aecd-2578784f6335,2025-09-06,STR008,SKU1002,80,76.0,2025-11-04 11:16:19.423183,4.0
3388,fe9e0b55-3601-4032-aecd-2578784f6335,2025-09-06,STR008,SKU1003,39,50.0,2025-11-04 11:16:19.423183,11.0
3389,fe9e0b55-3601-4032-aecd-2578784f6335,2025-09-06,STR008,SKU1004,93,82.0,2025-11-04 11:16:19.423183,11.0
3390,fe9e0b55-3601-4032-aecd-2578784f6335,2025-09-06,STR008,SKU1005,86,89.0,2025-11-04 11:16:19.423183,3.0
3391,fe9e0b55-3601-4032-aecd-2578784f6335,2025-09-06,STR009,SKU1001,91,81.0,2025-11-04 11:16:19.423183,10.0
3392,fe9e0b55-3601-4032-aecd-2578784f6335,2025-09-06,STR009,SKU1002,125,118.0,2025-11-04 11:16:19.423183,7.0
3393,fe9e0b55-3601-4032-aecd-2578784f6335,2025-09-06,STR009,SKU1003,85,66.0,2025-11-04 11:16:19.423183,19.0
3394,fe9e0b55-3601-4032-aecd-2578784f6335,2025-09-06,STR009,SKU1004,60,57.0,2025-11-04 11:16:19.423183,3.0
3395,fe9e0b55-3601-4032-aecd-2578784f6335,2025-09-06,STR009,SKU1005,108,106.0,2025-11-04 11:16:19.423183,2.0
3396,fe9e0b55-3601-4032-aecd-2578784f6335,2025-09-06,STR010,SKU1001,93,91.0,2025-11-04 11:16:19.423183,2.0
3397,fe9e0b55-3601-4032-aecd-2578784f6335,2025-09-06,STR010,SKU1002,51,58.0,2025-11-04 11:16:19.423183,7.0
3398,fe9e0b55-3601-4032-aecd-2578784f6335,2025-09-06,STR010,SKU1003,97,84.0,2025-11-04 11:16:19.423183,13.0
3399,fe9e0b55-3601-4032-aecd-2578784f6335,2025-09-06,STR010,SKU1004,107,102.0,2025-11-04 11:16:19.423183,5.0
3400,fe9e0b55-3601-4032-aecd-2578784f6335,2025-09-06,STR010,SKU1005,110,103.0,2025-11-04 11:16:19.423183,7.0
3401,fe9e0b55-3601-4032-aecd-2578784f6335,2025-09-07,STR001,SKU1001,28,24.0,2025-11-04 11:16:19.423183,4.0
3402,fe9e0b55-3601-4032-aecd-2578784f6335,2025-09-07,STR001,SKU1002,21,22.0,2025-11-04 11:16:19.423183,1.0
3403,fe9e0b55-3601-4032-aecd-2578784f6335,2025-09-07,STR001,SKU1003,31,29.0,2025-11-04 11:16:19.423183,2.0
3404,fe9e0b55-3601-4032-aecd-2578784f6335,2025-09-07,STR001,SKU1004,7,7.0,2025-11-04 11:16:19.423183,0.0
3405,fe9e0b55-3601-4032-aecd-2578784f6335,2025-09-07,STR001,SKU1005,31,27.0,2025-11-04 11:16:19.423183,4.0
3406,fe9e0b55-3601-4032-aecd-2578784f6335,2025-09-07,STR002,SKU1001,19,18.0,2025-11-04 11:16:19.423183,1.0
3407,fe9e0b55-3601-4032-aecd-2578784f6335,2025-09-07,STR002,SKU1002,34,28.0,2025-11-04 11:16:19.423183,6.0
3408,fe9e0b55-3601-4032-aecd-2578784f6335,2025-09-07,STR002,SKU1003,5,6.0,2025-11-04 11:16:19.423183,1.0
3409,fe9e0b55-3601-4032-aecd-2578784f6335,2025-09-07,STR002,SKU1004,18,18.0,2025-11-04 11:16:19.423183,0.0
3410,fe9e0b55-3601-4032-aecd-2578784f6335,2025-09-07,STR002,SKU1005,27,26.0,2025-11-04 11:16:19.423183,1.0
3411,fe9e0b55-3601-4032-aecd-2578784f6335,2025-09-07,STR003,SKU1001,17,15.0,2025-11-04 11:16:19.423183,2.0
3412,fe9e0b55-3601-4032-aecd-2578784f6335,2025-09-07,STR003,SKU1002,21,20.0,2025-11-04 11:16:19.423183,1.0
3413,fe9e0b55-3601-4032-aecd-2578784f6335,2025-09-07,STR003,SKU1003,12,12.0,2025-11-04 11:16:19.423183,0.0
3414,fe9e0b55-3601-4032-aecd-2578784f6335,2025-09-07,STR003,SKU1004,11,11.0,2025-11-04 11:16:19.423183,0.0
3415,fe9e0b55-3601-4032-aecd-2578784f6335,2025-09-07,STR003,SKU1005,20,15.0,2025-11-04 11:16:19.423183,5.0
3416,fe9e0b55-3601-4032-aecd-2578784f6335,2025-09-07,STR004,SKU1001,185,198.0,2025-11-04 11:16:19.423183,13.0
3417,fe9e0b55-3601-4032-aecd-2578784f6335,2025-09-07,STR004,SKU1002,187,195.0,2025-11-04 11:16:19.423183,8.0
3418,fe9e0b55-3601-4032-aecd-2578784f6335,2025-09-07,STR004,SKU1003,212,187.0,2025-11-04 11:16:19.423183,25.0
3419,fe9e0b55-3601-4032-aecd-2578784f6335,2025-09-07,STR004,SKU1004,278,285.0,2025-11-04 11:16:19.423183,7.0
3420,fe9e0b55-3601-4032-aecd-2578784f6335,2025-09-07,STR004,SKU1005,258,203.0,2025-11-04 11:16:19.423183,55.0
3421,fe9e0b55-3601-4032-aecd-2578784f6335,2025-09-07,STR005,SKU1001,234,241.0,2025-11-04 11:16:19.423183,7.0
3422,fe9e0b55-3601-4032-aecd-2578784f6335,2025-09-07,STR005,SKU1002,167,189.0,2025-11-04 11:16:19.423183,22.0
3423,fe9e0b55-3601-4032-aecd-2578784f6335,2025-09-07,STR005,SKU1003,204,183.0,2025-11-04 11:16:19.423183,21.0
3424,fe9e0b55-3601-4032-aecd-2578784f6335,2025-09-07,STR005,SKU1004,258,245.0,2025-11-04 11:16:19.423183,13.0
3425,fe9e0b55-3601-4032-aecd-2578784f6335,2025-09-07,STR005,SKU1005,236,228.0,2025-11-04 11:16:19.423183,8.0
3426,fe9e0b55-3601-4032-aecd-2578784f6335,2025-09-07,STR006,SKU1001,75,66.0,2025-11-04 11:16:19.423183,9.0
3427,fe9e0b55-3601-4032-aecd-2578784f6335,2025-09-07,STR006,SKU1002,93,82.0,2025-11-04 11:16:19.423183,11.0
3428,fe9e0b55-3601-4032-aecd-2578784f6335,2025-09-07,STR006,SKU1003,92,96.0,2025-11-04 11:16:19.423183,4.0
3429,fe9e0b55-3601-4032-aecd-2578784f6335,2025-09-07,STR006,SKU1004,102,101.0,2025-11-04 11:16:19.423183,1.0
3430,fe9e0b55-3601-4032-aecd-2578784f6335,2025-09-07,STR006,SKU1005,68,58.0,2025-11-04 11:16:19.423183,10.0
3431,fe9e0b55-3601-4032-aecd-2578784f6335,2025-09-07,STR007,SKU1001,94,82.0,2025-11-04 11:16:19.423183,12.0
3432,fe9e0b55-3601-4032-aecd-2578784f6335,2025-09-07,STR007,SKU1002,87,109.0,2025-11-04 11:16:19.423183,22.0
3433,fe9e0b55-3601-4032-aecd-2578784f6335,2025-09-07,STR007,SKU1003,50,70.0,2025-11-04 11:16:19.423183,20.0
3434,fe9e0b55-3601-4032-aecd-2578784f6335,2025-09-07,STR007,SKU1004,78,107.0,2025-11-04 11:16:19.423183,29.0
3435,fe9e0b55-3601-4032-aecd-2578784f6335,2025-09-07,STR007,SKU1005,138,118.0,2025-11-04 11:16:19.423183,20.0
3436,fe9e0b55-3601-4032-aecd-2578784f6335,2025-09-07,STR008,SKU1001,51,59.0,2025-11-04 11:16:19.423183,8.0
3437,fe9e0b55-3601-4032-aecd-2578784f6335,2025-09-07,STR008,SKU1002,51,55.0,2025-11-04 11:16:19.423183,4.0
3438,fe9e0b55-3601-4032-aecd-2578784f6335,2025-09-07,STR008,SKU1003,66,62.0,2025-11-04 11:16:19.423183,4.0
3439,fe9e0b55-3601-4032-aecd-2578784f6335,2025-09-07,STR008,SKU1004,108,114.0,2025-11-04 11:16:19.423183,6.0
3440,fe9e0b55-3601-4032-aecd-2578784f6335,2025-09-07,STR008,SKU1005,54,69.0,2025-11-04 11:16:19.423183,15.0
3441,fe9e0b55-3601-4032-aecd-2578784f6335,2025-09-07,STR009,SKU1001,91,106.0,2025-11-04 11:16:19.423183,15.0
3442,fe9e0b55-3601-4032-aecd-2578784f6335,2025-09-07,STR009,SKU1002,65,95.0,2025-11-04 11:16:19.423183,30.0
3443,fe9e0b55-3601-4032-aecd-2578784f6335,2025-09-07,STR009,SKU1003,48,57.0,2025-11-04 11:16:19.423183,9.0
3444,fe9e0b55-3601-4032-aecd-2578784f6335,2025-09-07,STR009,SKU1004,67,59.0,2025-11-04 11:16:19.423183,8.0
3445,fe9e0b55-3601-4032-aecd-2578784f6335,2025-09-07,STR009,SKU1005,110,116.0,2025-11-04 11:16:19.423183,6.0
3446,fe9e0b55-3601-4032-aecd-2578784f6335,2025-09-07,STR010,SKU1001,60,60.0,2025-11-04 11:16:19.423183,0.0
3447,fe9e0b55-3601-4032-aecd-2578784f6335,2025-09-07,STR010,SKU1002,65,61.0,2025-11-04 11:16:19.423183,4.0
3448,fe9e0b55-3601-4032-aecd-2578784f6335,2025-09-07,STR010,SKU1003,63,59.0,2025-11-04 11:16:19.423183,4.0
3449,fe9e0b55-3601-4032-aecd-2578784f6335,2025-09-07,STR010,SKU1004,67,74.0,2025-11-04 11:16:19.423183,7.0
3450,fe9e0b55-3601-4032-aecd-2578784f6335,2025-09-07,STR010,SKU1005,103,98.0,2025-11-04 11:16:19.423183,5.0
3451,fe9e0b55-3601-4032-aecd-2578784f6335,2025-09-08,STR001,SKU1001,22,21.0,2025-11-04 11:16:19.423183,1.0
3452,fe9e0b55-3601-4032-aecd-2578784f6335,2025-09-08,STR001,SKU1002,32,29.0,2025-11-04 11:16:19.423183,3.0
3453,fe9e0b55-3601-4032-aecd-2578784f6335,2025-09-08,STR001,SKU1003,15,15.0,2025-11-04 11:16:19.423183,0.0
3454,fe9e0b55-3601-4032-aecd-2578784f6335,2025-09-08,STR001,SKU1004,29,26.0,2025-11-04 11:16:19.423183,3.0
3455,fe9e0b55-3601-4032-aecd-2578784f6335,2025-09-08,STR001,SKU1005,7,8.0,2025-11-04 11:16:19.423183,1.0
3456,fe9e0b55-3601-4032-aecd-2578784f6335,2025-09-08,STR002,SKU1001,12,11.0,2025-11-04 11:16:19.423183,1.0
3457,fe9e0b55-3601-4032-aecd-2578784f6335,2025-09-08,STR002,SKU1002,24,25.0,2025-11-04 11:16:19.423183,1.0
3458,fe9e0b55-3601-4032-aecd-2578784f6335,2025-09-08,STR002,SKU1003,14,18.0,2025-11-04 11:16:19.423183,4.0
3459,fe9e0b55-3601-4032-aecd-2578784f6335,2025-09-08,STR002,SKU1004,11,11.0,2025-11-04 11:16:19.423183,0.0
3460,fe9e0b55-3601-4032-aecd-2578784f6335,2025-09-08,STR002,SKU1005,28,28.0,2025-11-04 11:16:19.423183,0.0
3461,fe9e0b55-3601-4032-aecd-2578784f6335,2025-09-08,STR003,SKU1001,8,12.0,2025-11-04 11:16:19.423183,4.0
3462,fe9e0b55-3601-4032-aecd-2578784f6335,2025-09-08,STR003,SKU1002,5,5.0,2025-11-04 11:16:19.423183,0.0
3463,fe9e0b55-3601-4032-aecd-2578784f6335,2025-09-08,STR003,SKU1003,32,28.0,2025-11-04 11:16:19.423183,4.0
3464,fe9e0b55-3601-4032-aecd-2578784f6335,2025-09-08,STR003,SKU1004,26,26.0,2025-11-04 11:16:19.423183,0.0
3465,fe9e0b55-3601-4032-aecd-2578784f6335,2025-09-08,STR003,SKU1005,6,8.0,2025-11-04 11:16:19.423183,2.0
3466,fe9e0b55-3601-4032-aecd-2578784f6335,2025-09-08,STR004,SKU1001,211,179.0,2025-11-04 11:16:19.423183,32.0
3467,fe9e0b55-3601-4032-aecd-2578784f6335,2025-09-08,STR004,SKU1002,174,161.0,2025-11-04 11:16:19.423183,13.0
3468,fe9e0b55-3601-4032-aecd-2578784f6335,2025-09-08,STR004,SKU1003,219,184.0,2025-11-04 11:16:19.423183,35.0
3469,fe9e0b55-3601-4032-aecd-2578784f6335,2025-09-08,STR004,SKU1004,245,226.0,2025-11-04 11:16:19.423183,19.0
3470,fe9e0b55-3601-4032-aecd-2578784f6335,2025-09-08,STR004,SKU1005,216,251.0,2025-11-04 11:16:19.423183,35.0
3471,fe9e0b55-3601-4032-aecd-2578784f6335,2025-09-08,STR005,SKU1001,168,236.0,2025-11-04 11:16:19.423183,68.0
3472,fe9e0b55-3601-4032-aecd-2578784f6335,2025-09-08,STR005,SKU1002,157,201.0,2025-11-04 11:16:19.423183,44.0
3473,fe9e0b55-3601-4032-aecd-2578784f6335,2025-09-08,STR005,SKU1003,253,229.0,2025-11-04 11:16:19.423183,24.0
3474,fe9e0b55-3601-4032-aecd-2578784f6335,2025-09-08,STR005,SKU1004,341,284.0,2025-11-04 11:16:19.423183,57.0
3475,fe9e0b55-3601-4032-aecd-2578784f6335,2025-09-08,STR005,SKU1005,185,171.0,2025-11-04 11:16:19.423183,14.0
3476,fe9e0b55-3601-4032-aecd-2578784f6335,2025-09-08,STR006,SKU1001,80,105.0,2025-11-04 11:16:19.423183,25.0
3477,fe9e0b55-3601-4032-aecd-2578784f6335,2025-09-08,STR006,SKU1002,107,107.0,2025-11-04 11:16:19.423183,0.0
3478,fe9e0b55-3601-4032-aecd-2578784f6335,2025-09-08,STR006,SKU1003,111,113.0,2025-11-04 11:16:19.423183,2.0
3479,fe9e0b55-3601-4032-aecd-2578784f6335,2025-09-08,STR006,SKU1004,57,61.0,2025-11-04 11:16:19.423183,4.0
3480,fe9e0b55-3601-4032-aecd-2578784f6335,2025-09-08,STR006,SKU1005,42,56.0,2025-11-04 11:16:19.423183,14.0
3481,fe9e0b55-3601-4032-aecd-2578784f6335,2025-09-08,STR007,SKU1001,136,104.0,2025-11-04 11:16:19.423183,32.0
3482,fe9e0b55-3601-4032-aecd-2578784f6335,2025-09-08,STR007,SKU1002,96,111.0,2025-11-04 11:16:19.423183,15.0
3483,fe9e0b55-3601-4032-aecd-2578784f6335,2025-09-08,STR007,SKU1003,118,104.0,2025-11-04 11:16:19.423183,14.0
3484,fe9e0b55-3601-4032-aecd-2578784f6335,2025-09-08,STR007,SKU1004,87,85.0,2025-11-04 11:16:19.423183,2.0
3485,fe9e0b55-3601-4032-aecd-2578784f6335,2025-09-08,STR007,SKU1005,62,73.0,2025-11-04 11:16:19.423183,11.0
3486,fe9e0b55-3601-4032-aecd-2578784f6335,2025-09-08,STR008,SKU1001,91,93.0,2025-11-04 11:16:19.423183,2.0
3487,fe9e0b55-3601-4032-aecd-2578784f6335,2025-09-08,STR008,SKU1002,65,66.0,2025-11-04 11:16:19.423183,1.0
3488,fe9e0b55-3601-4032-aecd-2578784f6335,2025-09-08,STR008,SKU1003,43,51.0,2025-11-04 11:16:19.423183,8.0
3489,fe9e0b55-3601-4032-aecd-2578784f6335,2025-09-08,STR008,SKU1004,52,62.0,2025-11-04 11:16:19.423183,10.0
3490,fe9e0b55-3601-4032-aecd-2578784f6335,2025-09-08,STR008,SKU1005,84,80.0,2025-11-04 11:16:19.423183,4.0
3491,fe9e0b55-3601-4032-aecd-2578784f6335,2025-09-08,STR009,SKU1001,83,77.0,2025-11-04 11:16:19.423183,6.0
3492,fe9e0b55-3601-4032-aecd-2578784f6335,2025-09-08,STR009,SKU1002,154,109.0,2025-11-04 11:16:19.423183,45.0
3493,fe9e0b55-3601-4032-aecd-2578784f6335,2025-09-08,STR009,SKU1003,73,76.0,2025-11-04 11:16:19.423183,3.0
3494,fe9e0b55-3601-4032-aecd-2578784f6335,2025-09-08,STR009,SKU1004,75,64.0,2025-11-04 11:16:19.423183,11.0
3495,fe9e0b55-3601-4032-aecd-2578784f6335,2025-09-08,STR009,SKU1005,61,82.0,2025-11-04 11:16:19.423183,21.0
3496,fe9e0b55-3601-4032-aecd-2578784f6335,2025-09-08,STR010,SKU1001,64,69.0,2025-11-04 11:16:19.423183,5.0
3497,fe9e0b55-3601-4032-aecd-2578784f6335,2025-09-08,STR010,SKU1002,87,91.0,2025-11-04 11:16:19.423183,4.0
3498,fe9e0b55-3601-4032-aecd-2578784f6335,2025-09-08,STR010,SKU1003,59,61.0,2025-11-04 11:16:19.423183,2.0
3499,fe9e0b55-3601-4032-aecd-2578784f6335,2025-09-08,STR010,SKU1004,65,72.0,2025-11-04 11:16:19.423183,7.0
3500,fe9e0b55-3601-4032-aecd-2578784f6335,2025-09-08,STR010,SKU1005,50,63.0,2025-11-04 11:16:19.423183,13.0
3501,fe9e0b55-3601-4032-aecd-2578784f6335,2025-09-09,STR001,SKU1001,31,29.0,2025-11-04 11:16:19.423183,2.0
3502,fe9e0b55-3601-4032-aecd-2578784f6335,2025-09-09,STR001,SKU1002,16,17.0,2025-11-04 11:16:19.423183,1.0
3503,fe9e0b55-3601-4032-aecd-2578784f6335,2025-09-09,STR001,SKU1003,25,27.0,2025-11-04 11:16:19.423183,2.0
3504,fe9e0b55-3601-4032-aecd-2578784f6335,2025-09-09,STR001,SKU1004,24,25.0,2025-11-04 11:16:19.423183,1.0
3505,fe9e0b55-3601-4032-aecd-2578784f6335,2025-09-09,STR001,SKU1005,19,17.0,2025-11-04 11:16:19.423183,2.0
3506,fe9e0b55-3601-4032-aecd-2578784f6335,2025-09-09,STR002,SKU1001,10,9.0,2025-11-04 11:16:19.423183,1.0
3507,fe9e0b55-3601-4032-aecd-2578784f6335,2025-09-09,STR002,SKU1002,22,20.0,2025-11-04 11:16:19.423183,2.0
3508,fe9e0b55-3601-4032-aecd-2578784f6335,2025-09-09,STR002,SKU1003,15,15.0,2025-11-04 11:16:19.423183,0.0
3509,fe9e0b55-3601-4032-aecd-2578784f6335,2025-09-09,STR002,SKU1004,18,26.0,2025-11-04 11:16:19.423183,8.0
3510,fe9e0b55-3601-4032-aecd-2578784f6335,2025-09-09,STR002,SKU1005,10,9.0,2025-11-04 11:16:19.423183,1.0
3511,fe9e0b55-3601-4032-aecd-2578784f6335,2025-09-09,STR003,SKU1001,16,17.0,2025-11-04 11:16:19.423183,1.0
3512,fe9e0b55-3601-4032-aecd-2578784f6335,2025-09-09,STR003,SKU1002,13,15.0,2025-11-04 11:16:19.423183,2.0
3513,fe9e0b55-3601-4032-aecd-2578784f6335,2025-09-09,STR003,SKU1003,24,29.0,2025-11-04 11:16:19.423183,5.0
3514,fe9e0b55-3601-4032-aecd-2578784f6335,2025-09-09,STR003,SKU1004,21,23.0,2025-11-04 11:16:19.423183,2.0
3515,fe9e0b55-3601-4032-aecd-2578784f6335,2025-09-09,STR003,SKU1005,7,7.0,2025-11-04 11:16:19.423183,0.0
3516,fe9e0b55-3601-4032-aecd-2578784f6335,2025-09-09,STR004,SKU1001,192,196.0,2025-11-04 11:16:19.423183,4.0
3517,fe9e0b55-3601-4032-aecd-2578784f6335,2025-09-09,STR004,SKU1002,204,220.0,2025-11-04 11:16:19.423183,16.0
3518,fe9e0b55-3601-4032-aecd-2578784f6335,2025-09-09,STR004,SKU1003,196,216.0,2025-11-04 11:16:19.423183,20.0
3519,fe9e0b55-3601-4032-aecd-2578784f6335,2025-09-09,STR004,SKU1004,267,211.0,2025-11-04 11:16:19.423183,56.0
3520,fe9e0b55-3601-4032-aecd-2578784f6335,2025-09-09,STR004,SKU1005,243,258.0,2025-11-04 11:16:19.423183,15.0
3521,fe9e0b55-3601-4032-aecd-2578784f6335,2025-09-09,STR005,SKU1001,189,186.0,2025-11-04 11:16:19.423183,3.0
3522,fe9e0b55-3601-4032-aecd-2578784f6335,2025-09-09,STR005,SKU1002,226,268.0,2025-11-04 11:16:19.423183,42.0
3523,fe9e0b55-3601-4032-aecd-2578784f6335,2025-09-09,STR005,SKU1003,190,235.0,2025-11-04 11:16:19.423183,45.0
3524,fe9e0b55-3601-4032-aecd-2578784f6335,2025-09-09,STR005,SKU1004,284,275.0,2025-11-04 11:16:19.423183,9.0
3525,fe9e0b55-3601-4032-aecd-2578784f6335,2025-09-09,STR005,SKU1005,286,285.0,2025-11-04 11:16:19.423183,1.0
3526,fe9e0b55-3601-4032-aecd-2578784f6335,2025-09-09,STR006,SKU1001,103,101.0,2025-11-04 11:16:19.423183,2.0
3527,fe9e0b55-3601-4032-aecd-2578784f6335,2025-09-09,STR006,SKU1002,61,82.0,2025-11-04 11:16:19.423183,21.0
3528,fe9e0b55-3601-4032-aecd-2578784f6335,2025-09-09,STR006,SKU1003,98,91.0,2025-11-04 11:16:19.423183,7.0
3529,fe9e0b55-3601-4032-aecd-2578784f6335,2025-09-09,STR006,SKU1004,67,76.0,2025-11-04 11:16:19.423183,9.0
3530,fe9e0b55-3601-4032-aecd-2578784f6335,2025-09-09,STR006,SKU1005,60,57.0,2025-11-04 11:16:19.423183,3.0
3531,fe9e0b55-3601-4032-aecd-2578784f6335,2025-09-09,STR007,SKU1001,72,72.0,2025-11-04 11:16:19.423183,0.0
3532,fe9e0b55-3601-4032-aecd-2578784f6335,2025-09-09,STR007,SKU1002,135,113.0,2025-11-04 11:16:19.423183,22.0
3533,fe9e0b55-3601-4032-aecd-2578784f6335,2025-09-09,STR007,SKU1003,47,69.0,2025-11-04 11:16:19.423183,22.0
3534,fe9e0b55-3601-4032-aecd-2578784f6335,2025-09-09,STR007,SKU1004,67,65.0,2025-11-04 11:16:19.423183,2.0
3535,fe9e0b55-3601-4032-aecd-2578784f6335,2025-09-09,STR007,SKU1005,72,66.0,2025-11-04 11:16:19.423183,6.0
3536,fe9e0b55-3601-4032-aecd-2578784f6335,2025-09-09,STR008,SKU1001,70,68.0,2025-11-04 11:16:19.423183,2.0
3537,fe9e0b55-3601-4032-aecd-2578784f6335,2025-09-09,STR008,SKU1002,56,57.0,2025-11-04 11:16:19.423183,1.0
3538,fe9e0b55-3601-4032-aecd-2578784f6335,2025-09-09,STR008,SKU1003,85,87.0,2025-11-04 11:16:19.423183,2.0
3539,fe9e0b55-3601-4032-aecd-2578784f6335,2025-09-09,STR008,SKU1004,118,87.0,2025-11-04 11:16:19.423183,31.0
3540,fe9e0b55-3601-4032-aecd-2578784f6335,2025-09-09,STR008,SKU1005,117,102.0,2025-11-04 11:16:19.423183,15.0
3541,fe9e0b55-3601-4032-aecd-2578784f6335,2025-09-09,STR009,SKU1001,73,80.0,2025-11-04 11:16:19.423183,7.0
3542,fe9e0b55-3601-4032-aecd-2578784f6335,2025-09-09,STR009,SKU1002,96,93.0,2025-11-04 11:16:19.423183,3.0
3543,fe9e0b55-3601-4032-aecd-2578784f6335,2025-09-09,STR009,SKU1003,111,109.0,2025-11-04 11:16:19.423183,2.0
3544,fe9e0b55-3601-4032-aecd-2578784f6335,2025-09-09,STR009,SKU1004,69,66.0,2025-11-04 11:16:19.423183,3.0
3545,fe9e0b55-3601-4032-aecd-2578784f6335,2025-09-09,STR009,SKU1005,91,88.0,2025-11-04 11:16:19.423183,3.0
3546,fe9e0b55-3601-4032-aecd-2578784f6335,2025-09-09,STR010,SKU1001,78,91.0,2025-11-04 11:16:19.423183,13.0
3547,fe9e0b55-3601-4032-aecd-2578784f6335,2025-09-09,STR010,SKU1002,88,97.0,2025-11-04 11:16:19.423183,9.0
3548,fe9e0b55-3601-4032-aecd-2578784f6335,2025-09-09,STR010,SKU1003,71,61.0,2025-11-04 11:16:19.423183,10.0
3549,fe9e0b55-3601-4032-aecd-2578784f6335,2025-09-09,STR010,SKU1004,84,67.0,2025-11-04 11:16:19.423183,17.0
3550,fe9e0b55-3601-4032-aecd-2578784f6335,2025-09-09,STR010,SKU1005,56,55.0,2025-11-04 11:16:19.423183,1.0
3551,fe9e0b55-3601-4032-aecd-2578784f6335,2025-09-10,STR001,SKU1001,21,16.0,2025-11-04 11:16:19.423183,5.0
3552,fe9e0b55-3601-4032-aecd-2578784f6335,2025-09-10,STR001,SKU1002,9,15.0,2025-11-04 11:16:19.423183,6.0
3553,fe9e0b55-3601-4032-aecd-2578784f6335,2025-09-10,STR001,SKU1003,26,24.0,2025-11-04 11:16:19.423183,2.0
3554,fe9e0b55-3601-4032-aecd-2578784f6335,2025-09-10,STR001,SKU1004,8,7.0,2025-11-04 11:16:19.423183,1.0
3555,fe9e0b55-3601-4032-aecd-2578784f6335,2025-09-10,STR001,SKU1005,7,6.0,2025-11-04 11:16:19.423183,1.0
3556,fe9e0b55-3601-4032-aecd-2578784f6335,2025-09-10,STR002,SKU1001,9,10.0,2025-11-04 11:16:19.423183,1.0
3557,fe9e0b55-3601-4032-aecd-2578784f6335,2025-09-10,STR002,SKU1002,27,28.0,2025-11-04 11:16:19.423183,1.0
3558,fe9e0b55-3601-4032-aecd-2578784f6335,2025-09-10,STR002,SKU1003,33,26.0,2025-11-04 11:16:19.423183,7.0
3559,fe9e0b55-3601-4032-aecd-2578784f6335,2025-09-10,STR002,SKU1004,25,29.0,2025-11-04 11:16:19.423183,4.0
3560,fe9e0b55-3601-4032-aecd-2578784f6335,2025-09-10,STR002,SKU1005,10,9.0,2025-11-04 11:16:19.423183,1.0
3561,fe9e0b55-3601-4032-aecd-2578784f6335,2025-09-10,STR003,SKU1001,22,22.0,2025-11-04 11:16:19.423183,0.0
3562,fe9e0b55-3601-4032-aecd-2578784f6335,2025-09-10,STR003,SKU1002,22,20.0,2025-11-04 11:16:19.423183,2.0
3563,fe9e0b55-3601-4032-aecd-2578784f6335,2025-09-10,STR003,SKU1003,12,12.0,2025-11-04 11:16:19.423183,0.0
3564,fe9e0b55-3601-4032-aecd-2578784f6335,2025-09-10,STR003,SKU1004,28,29.0,2025-11-04 11:16:19.423183,1.0
3565,fe9e0b55-3601-4032-aecd-2578784f6335,2025-09-10,STR003,SKU1005,19,24.0,2025-11-04 11:16:19.423183,5.0
3566,fe9e0b55-3601-4032-aecd-2578784f6335,2025-09-10,STR004,SKU1001,263,235.0,2025-11-04 11:16:19.423183,28.0
3567,fe9e0b55-3601-4032-aecd-2578784f6335,2025-09-10,STR004,SKU1002,278,287.0,2025-11-04 11:16:19.423183,9.0
3568,fe9e0b55-3601-4032-aecd-2578784f6335,2025-09-10,STR004,SKU1003,264,270.0,2025-11-04 11:16:19.423183,6.0
3569,fe9e0b55-3601-4032-aecd-2578784f6335,2025-09-10,STR004,SKU1004,299,225.0,2025-11-04 11:16:19.423183,74.0
3570,fe9e0b55-3601-4032-aecd-2578784f6335,2025-09-10,STR004,SKU1005,293,241.0,2025-11-04 11:16:19.423183,52.0
3571,fe9e0b55-3601-4032-aecd-2578784f6335,2025-09-10,STR005,SKU1001,203,219.0,2025-11-04 11:16:19.423183,16.0
3572,fe9e0b55-3601-4032-aecd-2578784f6335,2025-09-10,STR005,SKU1002,265,297.0,2025-11-04 11:16:19.423183,32.0
3573,fe9e0b55-3601-4032-aecd-2578784f6335,2025-09-10,STR005,SKU1003,209,282.0,2025-11-04 11:16:19.423183,73.0
3574,fe9e0b55-3601-4032-aecd-2578784f6335,2025-09-10,STR005,SKU1004,180,172.0,2025-11-04 11:16:19.423183,8.0
3575,fe9e0b55-3601-4032-aecd-2578784f6335,2025-09-10,STR005,SKU1005,226,286.0,2025-11-04 11:16:19.423183,60.0
3576,fe9e0b55-3601-4032-aecd-2578784f6335,2025-09-10,STR006,SKU1001,116,107.0,2025-11-04 11:16:19.423183,9.0
3577,fe9e0b55-3601-4032-aecd-2578784f6335,2025-09-10,STR006,SKU1002,103,108.0,2025-11-04 11:16:19.423183,5.0
3578,fe9e0b55-3601-4032-aecd-2578784f6335,2025-09-10,STR006,SKU1003,99,103.0,2025-11-04 11:16:19.423183,4.0
3579,fe9e0b55-3601-4032-aecd-2578784f6335,2025-09-10,STR006,SKU1004,71,95.0,2025-11-04 11:16:19.423183,24.0
3580,fe9e0b55-3601-4032-aecd-2578784f6335,2025-09-10,STR006,SKU1005,66,71.0,2025-11-04 11:16:19.423183,5.0
3581,fe9e0b55-3601-4032-aecd-2578784f6335,2025-09-10,STR007,SKU1001,99,113.0,2025-11-04 11:16:19.423183,14.0
3582,fe9e0b55-3601-4032-aecd-2578784f6335,2025-09-10,STR007,SKU1002,45,57.0,2025-11-04 11:16:19.423183,12.0
3583,fe9e0b55-3601-4032-aecd-2578784f6335,2025-09-10,STR007,SKU1003,79,69.0,2025-11-04 11:16:19.423183,10.0
3584,fe9e0b55-3601-4032-aecd-2578784f6335,2025-09-10,STR007,SKU1004,123,100.0,2025-11-04 11:16:19.423183,23.0
3585,fe9e0b55-3601-4032-aecd-2578784f6335,2025-09-10,STR007,SKU1005,108,88.0,2025-11-04 11:16:19.423183,20.0
3586,fe9e0b55-3601-4032-aecd-2578784f6335,2025-09-10,STR008,SKU1001,66,86.0,2025-11-04 11:16:19.423183,20.0
3587,fe9e0b55-3601-4032-aecd-2578784f6335,2025-09-10,STR008,SKU1002,88,99.0,2025-11-04 11:16:19.423183,11.0
3588,fe9e0b55-3601-4032-aecd-2578784f6335,2025-09-10,STR008,SKU1003,84,83.0,2025-11-04 11:16:19.423183,1.0
3589,fe9e0b55-3601-4032-aecd-2578784f6335,2025-09-10,STR008,SKU1004,91,82.0,2025-11-04 11:16:19.423183,9.0
3590,fe9e0b55-3601-4032-aecd-2578784f6335,2025-09-10,STR008,SKU1005,71,80.0,2025-11-04 11:16:19.423183,9.0
3591,fe9e0b55-3601-4032-aecd-2578784f6335,2025-09-10,STR009,SKU1001,83,103.0,2025-11-04 11:16:19.423183,20.0
3592,fe9e0b55-3601-4032-aecd-2578784f6335,2025-09-10,STR009,SKU1002,105,93.0,2025-11-04 11:16:19.423183,12.0
3593,fe9e0b55-3601-4032-aecd-2578784f6335,2025-09-10,STR009,SKU1003,67,83.0,2025-11-04 11:16:19.423183,16.0
3594,fe9e0b55-3601-4032-aecd-2578784f6335,2025-09-10,STR009,SKU1004,100,111.0,2025-11-04 11:16:19.423183,11.0
3595,fe9e0b55-3601-4032-aecd-2578784f6335,2025-09-10,STR009,SKU1005,74,72.0,2025-11-04 11:16:19.423183,2.0
3596,fe9e0b55-3601-4032-aecd-2578784f6335,2025-09-10,STR010,SKU1001,88,95.0,2025-11-04 11:16:19.423183,7.0
3597,fe9e0b55-3601-4032-aecd-2578784f6335,2025-09-10,STR010,SKU1002,110,105.0,2025-11-04 11:16:19.423183,5.0
3598,fe9e0b55-3601-4032-aecd-2578784f6335,2025-09-10,STR010,SKU1003,38,56.0,2025-11-04 11:16:19.423183,18.0
3599,fe9e0b55-3601-4032-aecd-2578784f6335,2025-09-10,STR010,SKU1004,127,110.0,2025-11-04 11:16:19.423183,17.0
3600,fe9e0b55-3601-4032-aecd-2578784f6335,2025-09-10,STR010,SKU1005,50,52.0,2025-11-04 11:16:19.423183,2.0
3601,fe9e0b55-3601-4032-aecd-2578784f6335,2025-09-11,STR001,SKU1001,8,10.0,2025-11-04 11:16:19.423183,2.0
3602,fe9e0b55-3601-4032-aecd-2578784f6335,2025-09-11,STR001,SKU1002,19,24.0,2025-11-04 11:16:19.423183,5.0
3603,fe9e0b55-3601-4032-aecd-2578784f6335,2025-09-11,STR001,SKU1003,6,6.0,2025-11-04 11:16:19.423183,0.0
3604,fe9e0b55-3601-4032-aecd-2578784f6335,2025-09-11,STR001,SKU1004,27,21.0,2025-11-04 11:16:19.423183,6.0
3605,fe9e0b55-3601-4032-aecd-2578784f6335,2025-09-11,STR001,SKU1005,16,16.0,2025-11-04 11:16:19.423183,0.0
3606,fe9e0b55-3601-4032-aecd-2578784f6335,2025-09-11,STR002,SKU1001,12,16.0,2025-11-04 11:16:19.423183,4.0
3607,fe9e0b55-3601-4032-aecd-2578784f6335,2025-09-11,STR002,SKU1002,21,21.0,2025-11-04 11:16:19.423183,0.0
3608,fe9e0b55-3601-4032-aecd-2578784f6335,2025-09-11,STR002,SKU1003,14,14.0,2025-11-04 11:16:19.423183,0.0
3609,fe9e0b55-3601-4032-aecd-2578784f6335,2025-09-11,STR002,SKU1004,5,7.0,2025-11-04 11:16:19.423183,2.0
3610,fe9e0b55-3601-4032-aecd-2578784f6335,2025-09-11,STR002,SKU1005,26,24.0,2025-11-04 11:16:19.423183,2.0
3611,fe9e0b55-3601-4032-aecd-2578784f6335,2025-09-11,STR003,SKU1001,20,22.0,2025-11-04 11:16:19.423183,2.0
3612,fe9e0b55-3601-4032-aecd-2578784f6335,2025-09-11,STR003,SKU1002,18,17.0,2025-11-04 11:16:19.423183,1.0
3613,fe9e0b55-3601-4032-aecd-2578784f6335,2025-09-11,STR003,SKU1003,17,16.0,2025-11-04 11:16:19.423183,1.0
3614,fe9e0b55-3601-4032-aecd-2578784f6335,2025-09-11,STR003,SKU1004,26,21.0,2025-11-04 11:16:19.423183,5.0
3615,fe9e0b55-3601-4032-aecd-2578784f6335,2025-09-11,STR003,SKU1005,8,8.0,2025-11-04 11:16:19.423183,0.0
3616,fe9e0b55-3601-4032-aecd-2578784f6335,2025-09-11,STR004,SKU1001,267,287.0,2025-11-04 11:16:19.423183,20.0
3617,fe9e0b55-3601-4032-aecd-2578784f6335,2025-09-11,STR004,SKU1002,158,160.0,2025-11-04 11:16:19.423183,2.0
3618,fe9e0b55-3601-4032-aecd-2578784f6335,2025-09-11,STR004,SKU1003,248,251.0,2025-11-04 11:16:19.423183,3.0
3619,fe9e0b55-3601-4032-aecd-2578784f6335,2025-09-11,STR004,SKU1004,238,219.0,2025-11-04 11:16:19.423183,19.0
3620,fe9e0b55-3601-4032-aecd-2578784f6335,2025-09-11,STR004,SKU1005,335,272.0,2025-11-04 11:16:19.423183,63.0
3621,fe9e0b55-3601-4032-aecd-2578784f6335,2025-09-11,STR005,SKU1001,166,183.0,2025-11-04 11:16:19.423183,17.0
3622,fe9e0b55-3601-4032-aecd-2578784f6335,2025-09-11,STR005,SKU1002,274,250.0,2025-11-04 11:16:19.423183,24.0
3623,fe9e0b55-3601-4032-aecd-2578784f6335,2025-09-11,STR005,SKU1003,307,294.0,2025-11-04 11:16:19.423183,13.0
3624,fe9e0b55-3601-4032-aecd-2578784f6335,2025-09-11,STR005,SKU1004,163,253.0,2025-11-04 11:16:19.423183,90.0
3625,fe9e0b55-3601-4032-aecd-2578784f6335,2025-09-11,STR005,SKU1005,181,189.0,2025-11-04 11:16:19.423183,8.0
3626,fe9e0b55-3601-4032-aecd-2578784f6335,2025-09-11,STR006,SKU1001,75,68.0,2025-11-04 11:16:19.423183,7.0
3627,fe9e0b55-3601-4032-aecd-2578784f6335,2025-09-11,STR006,SKU1002,116,116.0,2025-11-04 11:16:19.423183,0.0
3628,fe9e0b55-3601-4032-aecd-2578784f6335,2025-09-11,STR006,SKU1003,129,102.0,2025-11-04 11:16:19.423183,27.0
3629,fe9e0b55-3601-4032-aecd-2578784f6335,2025-09-11,STR006,SKU1004,97,113.0,2025-11-04 11:16:19.423183,16.0
3630,fe9e0b55-3601-4032-aecd-2578784f6335,2025-09-11,STR006,SKU1005,78,96.0,2025-11-04 11:16:19.423183,18.0
3631,fe9e0b55-3601-4032-aecd-2578784f6335,2025-09-11,STR007,SKU1001,59,55.0,2025-11-04 11:16:19.423183,4.0
3632,fe9e0b55-3601-4032-aecd-2578784f6335,2025-09-11,STR007,SKU1002,71,65.0,2025-11-04 11:16:19.423183,6.0
3633,fe9e0b55-3601-4032-aecd-2578784f6335,2025-09-11,STR007,SKU1003,59,67.0,2025-11-04 11:16:19.423183,8.0
3634,fe9e0b55-3601-4032-aecd-2578784f6335,2025-09-11,STR007,SKU1004,121,101.0,2025-11-04 11:16:19.423183,20.0
3635,fe9e0b55-3601-4032-aecd-2578784f6335,2025-09-11,STR007,SKU1005,96,97.0,2025-11-04 11:16:19.423183,1.0
3636,fe9e0b55-3601-4032-aecd-2578784f6335,2025-09-11,STR008,SKU1001,114,92.0,2025-11-04 11:16:19.423183,22.0
3637,fe9e0b55-3601-4032-aecd-2578784f6335,2025-09-11,STR008,SKU1002,91,88.0,2025-11-04 11:16:19.423183,3.0
3638,fe9e0b55-3601-4032-aecd-2578784f6335,2025-09-11,STR008,SKU1003,84,98.0,2025-11-04 11:16:19.423183,14.0
3639,fe9e0b55-3601-4032-aecd-2578784f6335,2025-09-11,STR008,SKU1004,63,61.0,2025-11-04 11:16:19.423183,2.0
3640,fe9e0b55-3601-4032-aecd-2578784f6335,2025-09-11,STR008,SKU1005,57,59.0,2025-11-04 11:16:19.423183,2.0
3641,fe9e0b55-3601-4032-aecd-2578784f6335,2025-09-11,STR009,SKU1001,114,104.0,2025-11-04 11:16:19.423183,10.0
3642,fe9e0b55-3601-4032-aecd-2578784f6335,2025-09-11,STR009,SKU1002,47,50.0,2025-11-04 11:16:19.423183,3.0
3643,fe9e0b55-3601-4032-aecd-2578784f6335,2025-09-11,STR009,SKU1003,113,98.0,2025-11-04 11:16:19.423183,15.0
3644,fe9e0b55-3601-4032-aecd-2578784f6335,2025-09-11,STR009,SKU1004,78,85.0,2025-11-04 11:16:19.423183,7.0
3645,fe9e0b55-3601-4032-aecd-2578784f6335,2025-09-11,STR009,SKU1005,56,70.0,2025-11-04 11:16:19.423183,14.0
3646,fe9e0b55-3601-4032-aecd-2578784f6335,2025-09-11,STR010,SKU1001,100,86.0,2025-11-04 11:16:19.423183,14.0
3647,fe9e0b55-3601-4032-aecd-2578784f6335,2025-09-11,STR010,SKU1002,58,73.0,2025-11-04 11:16:19.423183,15.0
3648,fe9e0b55-3601-4032-aecd-2578784f6335,2025-09-11,STR010,SKU1003,123,104.0,2025-11-04 11:16:19.423183,19.0
3649,fe9e0b55-3601-4032-aecd-2578784f6335,2025-09-11,STR010,SKU1004,84,74.0,2025-11-04 11:16:19.423183,10.0
3650,fe9e0b55-3601-4032-aecd-2578784f6335,2025-09-11,STR010,SKU1005,51,56.0,2025-11-04 11:16:19.423183,5.0
3651,fe9e0b55-3601-4032-aecd-2578784f6335,2025-09-12,STR001,SKU1001,13,14.0,2025-11-04 11:16:19.423183,1.0
3652,fe9e0b55-3601-4032-aecd-2578784f6335,2025-09-12,STR001,SKU1002,25,21.0,2025-11-04 11:16:19.423183,4.0
3653,fe9e0b55-3601-4032-aecd-2578784f6335,2025-09-12,STR001,SKU1003,10,11.0,2025-11-04 11:16:19.423183,1.0
3654,fe9e0b55-3601-4032-aecd-2578784f6335,2025-09-12,STR001,SKU1004,5,5.0,2025-11-04 11:16:19.423183,0.0
3655,fe9e0b55-3601-4032-aecd-2578784f6335,2025-09-12,STR001,SKU1005,10,11.0,2025-11-04 11:16:19.423183,1.0
3656,fe9e0b55-3601-4032-aecd-2578784f6335,2025-09-12,STR002,SKU1001,33,28.0,2025-11-04 11:16:19.423183,5.0
3657,fe9e0b55-3601-4032-aecd-2578784f6335,2025-09-12,STR002,SKU1002,17,15.0,2025-11-04 11:16:19.423183,2.0
3658,fe9e0b55-3601-4032-aecd-2578784f6335,2025-09-12,STR002,SKU1003,12,13.0,2025-11-04 11:16:19.423183,1.0
3659,fe9e0b55-3601-4032-aecd-2578784f6335,2025-09-12,STR002,SKU1004,16,16.0,2025-11-04 11:16:19.423183,0.0
3660,fe9e0b55-3601-4032-aecd-2578784f6335,2025-09-12,STR002,SKU1005,8,7.0,2025-11-04 11:16:19.423183,1.0
3661,fe9e0b55-3601-4032-aecd-2578784f6335,2025-09-12,STR003,SKU1001,9,8.0,2025-11-04 11:16:19.423183,1.0
3662,fe9e0b55-3601-4032-aecd-2578784f6335,2025-09-12,STR003,SKU1002,8,8.0,2025-11-04 11:16:19.423183,0.0
3663,fe9e0b55-3601-4032-aecd-2578784f6335,2025-09-12,STR003,SKU1003,33,29.0,2025-11-04 11:16:19.423183,4.0
3664,fe9e0b55-3601-4032-aecd-2578784f6335,2025-09-12,STR003,SKU1004,13,17.0,2025-11-04 11:16:19.423183,4.0
3665,fe9e0b55-3601-4032-aecd-2578784f6335,2025-09-12,STR003,SKU1005,19,27.0,2025-11-04 11:16:19.423183,8.0
3666,fe9e0b55-3601-4032-aecd-2578784f6335,2025-09-12,STR004,SKU1001,279,232.0,2025-11-04 11:16:19.423183,47.0
3667,fe9e0b55-3601-4032-aecd-2578784f6335,2025-09-12,STR004,SKU1002,241,237.0,2025-11-04 11:16:19.423183,4.0
3668,fe9e0b55-3601-4032-aecd-2578784f6335,2025-09-12,STR004,SKU1003,238,229.0,2025-11-04 11:16:19.423183,9.0
3669,fe9e0b55-3601-4032-aecd-2578784f6335,2025-09-12,STR004,SKU1004,300,246.0,2025-11-04 11:16:19.423183,54.0
3670,fe9e0b55-3601-4032-aecd-2578784f6335,2025-09-12,STR004,SKU1005,283,289.0,2025-11-04 11:16:19.423183,6.0
3671,fe9e0b55-3601-4032-aecd-2578784f6335,2025-09-12,STR005,SKU1001,187,183.0,2025-11-04 11:16:19.423183,4.0
3672,fe9e0b55-3601-4032-aecd-2578784f6335,2025-09-12,STR005,SKU1002,172,224.0,2025-11-04 11:16:19.423183,52.0
3673,fe9e0b55-3601-4032-aecd-2578784f6335,2025-09-12,STR005,SKU1003,285,277.0,2025-11-04 11:16:19.423183,8.0
3674,fe9e0b55-3601-4032-aecd-2578784f6335,2025-09-12,STR005,SKU1004,340,290.0,2025-11-04 11:16:19.423183,50.0
3675,fe9e0b55-3601-4032-aecd-2578784f6335,2025-09-12,STR005,SKU1005,172,180.0,2025-11-04 11:16:19.423183,8.0
3676,fe9e0b55-3601-4032-aecd-2578784f6335,2025-09-12,STR006,SKU1001,35,51.0,2025-11-04 11:16:19.423183,16.0
3677,fe9e0b55-3601-4032-aecd-2578784f6335,2025-09-12,STR006,SKU1002,47,64.0,2025-11-04 11:16:19.423183,17.0
3678,fe9e0b55-3601-4032-aecd-2578784f6335,2025-09-12,STR006,SKU1003,130,106.0,2025-11-04 11:16:19.423183,24.0
3679,fe9e0b55-3601-4032-aecd-2578784f6335,2025-09-12,STR006,SKU1004,48,83.0,2025-11-04 11:16:19.423183,35.0
3680,fe9e0b55-3601-4032-aecd-2578784f6335,2025-09-12,STR006,SKU1005,125,117.0,2025-11-04 11:16:19.423183,8.0
3681,fe9e0b55-3601-4032-aecd-2578784f6335,2025-09-12,STR007,SKU1001,91,78.0,2025-11-04 11:16:19.423183,13.0
3682,fe9e0b55-3601-4032-aecd-2578784f6335,2025-09-12,STR007,SKU1002,137,115.0,2025-11-04 11:16:19.423183,22.0
3683,fe9e0b55-3601-4032-aecd-2578784f6335,2025-09-12,STR007,SKU1003,55,65.0,2025-11-04 11:16:19.423183,10.0
3684,fe9e0b55-3601-4032-aecd-2578784f6335,2025-09-12,STR007,SKU1004,87,88.0,2025-11-04 11:16:19.423183,1.0
3685,fe9e0b55-3601-4032-aecd-2578784f6335,2025-09-12,STR007,SKU1005,98,86.0,2025-11-04 11:16:19.423183,12.0
3686,fe9e0b55-3601-4032-aecd-2578784f6335,2025-09-12,STR008,SKU1001,45,70.0,2025-11-04 11:16:19.423183,25.0
3687,fe9e0b55-3601-4032-aecd-2578784f6335,2025-09-12,STR008,SKU1002,97,93.0,2025-11-04 11:16:19.423183,4.0
3688,fe9e0b55-3601-4032-aecd-2578784f6335,2025-09-12,STR008,SKU1003,77,68.0,2025-11-04 11:16:19.423183,9.0
3689,fe9e0b55-3601-4032-aecd-2578784f6335,2025-09-12,STR008,SKU1004,62,57.0,2025-11-04 11:16:19.423183,5.0
3690,fe9e0b55-3601-4032-aecd-2578784f6335,2025-09-12,STR008,SKU1005,127,115.0,2025-11-04 11:16:19.423183,12.0
3691,fe9e0b55-3601-4032-aecd-2578784f6335,2025-09-12,STR009,SKU1001,79,90.0,2025-11-04 11:16:19.423183,11.0
3692,fe9e0b55-3601-4032-aecd-2578784f6335,2025-09-12,STR009,SKU1002,88,119.0,2025-11-04 11:16:19.423183,31.0
3693,fe9e0b55-3601-4032-aecd-2578784f6335,2025-09-12,STR009,SKU1003,152,110.0,2025-11-04 11:16:19.423183,42.0
3694,fe9e0b55-3601-4032-aecd-2578784f6335,2025-09-12,STR009,SKU1004,58,75.0,2025-11-04 11:16:19.423183,17.0
3695,fe9e0b55-3601-4032-aecd-2578784f6335,2025-09-12,STR009,SKU1005,144,119.0,2025-11-04 11:16:19.423183,25.0
3696,fe9e0b55-3601-4032-aecd-2578784f6335,2025-09-12,STR010,SKU1001,88,78.0,2025-11-04 11:16:19.423183,10.0
3697,fe9e0b55-3601-4032-aecd-2578784f6335,2025-09-12,STR010,SKU1002,94,115.0,2025-11-04 11:16:19.423183,21.0
3698,fe9e0b55-3601-4032-aecd-2578784f6335,2025-09-12,STR010,SKU1003,48,68.0,2025-11-04 11:16:19.423183,20.0
3699,fe9e0b55-3601-4032-aecd-2578784f6335,2025-09-12,STR010,SKU1004,143,117.0,2025-11-04 11:16:19.423183,26.0
3700,fe9e0b55-3601-4032-aecd-2578784f6335,2025-09-12,STR010,SKU1005,103,107.0,2025-11-04 11:16:19.423183,4.0
3701,fe9e0b55-3601-4032-aecd-2578784f6335,2025-09-13,STR001,SKU1001,9,10.0,2025-11-04 11:16:19.423183,1.0
3702,fe9e0b55-3601-4032-aecd-2578784f6335,2025-09-13,STR001,SKU1002,19,21.0,2025-11-04 11:16:19.423183,2.0
3703,fe9e0b55-3601-4032-aecd-2578784f6335,2025-09-13,STR001,SKU1003,23,29.0,2025-11-04 11:16:19.423183,6.0
3704,fe9e0b55-3601-4032-aecd-2578784f6335,2025-09-13,STR001,SKU1004,10,9.0,2025-11-04 11:16:19.423183,1.0
3705,fe9e0b55-3601-4032-aecd-2578784f6335,2025-09-13,STR001,SKU1005,11,11.0,2025-11-04 11:16:19.423183,0.0
3706,fe9e0b55-3601-4032-aecd-2578784f6335,2025-09-13,STR002,SKU1001,13,13.0,2025-11-04 11:16:19.423183,0.0
3707,fe9e0b55-3601-4032-aecd-2578784f6335,2025-09-13,STR002,SKU1002,23,29.0,2025-11-04 11:16:19.423183,6.0
3708,fe9e0b55-3601-4032-aecd-2578784f6335,2025-09-13,STR002,SKU1003,4,5.0,2025-11-04 11:16:19.423183,1.0
3709,fe9e0b55-3601-4032-aecd-2578784f6335,2025-09-13,STR002,SKU1004,4,5.0,2025-11-04 11:16:19.423183,1.0
3710,fe9e0b55-3601-4032-aecd-2578784f6335,2025-09-13,STR002,SKU1005,16,23.0,2025-11-04 11:16:19.423183,7.0
3711,fe9e0b55-3601-4032-aecd-2578784f6335,2025-09-13,STR003,SKU1001,9,10.0,2025-11-04 11:16:19.423183,1.0
3712,fe9e0b55-3601-4032-aecd-2578784f6335,2025-09-13,STR003,SKU1002,22,22.0,2025-11-04 11:16:19.423183,0.0
3713,fe9e0b55-3601-4032-aecd-2578784f6335,2025-09-13,STR003,SKU1003,13,14.0,2025-11-04 11:16:19.423183,1.0
3714,fe9e0b55-3601-4032-aecd-2578784f6335,2025-09-13,STR003,SKU1004,15,15.0,2025-11-04 11:16:19.423183,0.0
3715,fe9e0b55-3601-4032-aecd-2578784f6335,2025-09-13,STR003,SKU1005,4,5.0,2025-11-04 11:16:19.423183,1.0
3716,fe9e0b55-3601-4032-aecd-2578784f6335,2025-09-13,STR004,SKU1001,281,226.0,2025-11-04 11:16:19.423183,55.0
3717,fe9e0b55-3601-4032-aecd-2578784f6335,2025-09-13,STR004,SKU1002,290,250.0,2025-11-04 11:16:19.423183,40.0
3718,fe9e0b55-3601-4032-aecd-2578784f6335,2025-09-13,STR004,SKU1003,291,233.0,2025-11-04 11:16:19.423183,58.0
3719,fe9e0b55-3601-4032-aecd-2578784f6335,2025-09-13,STR004,SKU1004,237,201.0,2025-11-04 11:16:19.423183,36.0
3720,fe9e0b55-3601-4032-aecd-2578784f6335,2025-09-13,STR004,SKU1005,151,180.0,2025-11-04 11:16:19.423183,29.0
3721,fe9e0b55-3601-4032-aecd-2578784f6335,2025-09-13,STR005,SKU1001,295,294.0,2025-11-04 11:16:19.423183,1.0
3722,fe9e0b55-3601-4032-aecd-2578784f6335,2025-09-13,STR005,SKU1002,340,259.0,2025-11-04 11:16:19.423183,81.0
3723,fe9e0b55-3601-4032-aecd-2578784f6335,2025-09-13,STR005,SKU1003,345,242.0,2025-11-04 11:16:19.423183,103.0
3724,fe9e0b55-3601-4032-aecd-2578784f6335,2025-09-13,STR005,SKU1004,190,202.0,2025-11-04 11:16:19.423183,12.0
3725,fe9e0b55-3601-4032-aecd-2578784f6335,2025-09-13,STR005,SKU1005,310,294.0,2025-11-04 11:16:19.423183,16.0
3726,fe9e0b55-3601-4032-aecd-2578784f6335,2025-09-13,STR006,SKU1001,75,74.0,2025-11-04 11:16:19.423183,1.0
3727,fe9e0b55-3601-4032-aecd-2578784f6335,2025-09-13,STR006,SKU1002,65,51.0,2025-11-04 11:16:19.423183,14.0
3728,fe9e0b55-3601-4032-aecd-2578784f6335,2025-09-13,STR006,SKU1003,51,54.0,2025-11-04 11:16:19.423183,3.0
3729,fe9e0b55-3601-4032-aecd-2578784f6335,2025-09-13,STR006,SKU1004,63,53.0,2025-11-04 11:16:19.423183,10.0
3730,fe9e0b55-3601-4032-aecd-2578784f6335,2025-09-13,STR006,SKU1005,83,85.0,2025-11-04 11:16:19.423183,2.0
3731,fe9e0b55-3601-4032-aecd-2578784f6335,2025-09-13,STR007,SKU1001,53,55.0,2025-11-04 11:16:19.423183,2.0
3732,fe9e0b55-3601-4032-aecd-2578784f6335,2025-09-13,STR007,SKU1002,55,70.0,2025-11-04 11:16:19.423183,15.0
3733,fe9e0b55-3601-4032-aecd-2578784f6335,2025-09-13,STR007,SKU1003,80,75.0,2025-11-04 11:16:19.423183,5.0
3734,fe9e0b55-3601-4032-aecd-2578784f6335,2025-09-13,STR007,SKU1004,110,104.0,2025-11-04 11:16:19.423183,6.0
3735,fe9e0b55-3601-4032-aecd-2578784f6335,2025-09-13,STR007,SKU1005,112,88.0,2025-11-04 11:16:19.423183,24.0
3736,fe9e0b55-3601-4032-aecd-2578784f6335,2025-09-13,STR008,SKU1001,73,82.0,2025-11-04 11:16:19.423183,9.0
3737,fe9e0b55-3601-4032-aecd-2578784f6335,2025-09-13,STR008,SKU1002,68,63.0,2025-11-04 11:16:19.423183,5.0
3738,fe9e0b55-3601-4032-aecd-2578784f6335,2025-09-13,STR008,SKU1003,133,105.0,2025-11-04 11:16:19.423183,28.0
3739,fe9e0b55-3601-4032-aecd-2578784f6335,2025-09-13,STR008,SKU1004,74,70.0,2025-11-04 11:16:19.423183,4.0
3740,fe9e0b55-3601-4032-aecd-2578784f6335,2025-09-13,STR008,SKU1005,112,95.0,2025-11-04 11:16:19.423183,17.0
3741,fe9e0b55-3601-4032-aecd-2578784f6335,2025-09-13,STR009,SKU1001,66,65.0,2025-11-04 11:16:19.423183,1.0
3742,fe9e0b55-3601-4032-aecd-2578784f6335,2025-09-13,STR009,SKU1002,65,65.0,2025-11-04 11:16:19.423183,0.0
3743,fe9e0b55-3601-4032-aecd-2578784f6335,2025-09-13,STR009,SKU1003,66,78.0,2025-11-04 11:16:19.423183,12.0
3744,fe9e0b55-3601-4032-aecd-2578784f6335,2025-09-13,STR009,SKU1004,42,57.0,2025-11-04 11:16:19.423183,15.0
3745,fe9e0b55-3601-4032-aecd-2578784f6335,2025-09-13,STR009,SKU1005,56,52.0,2025-11-04 11:16:19.423183,4.0
3746,fe9e0b55-3601-4032-aecd-2578784f6335,2025-09-13,STR010,SKU1001,68,68.0,2025-11-04 11:16:19.423183,0.0
3747,fe9e0b55-3601-4032-aecd-2578784f6335,2025-09-13,STR010,SKU1002,99,115.0,2025-11-04 11:16:19.423183,16.0
3748,fe9e0b55-3601-4032-aecd-2578784f6335,2025-09-13,STR010,SKU1003,77,71.0,2025-11-04 11:16:19.423183,6.0
3749,fe9e0b55-3601-4032-aecd-2578784f6335,2025-09-13,STR010,SKU1004,99,95.0,2025-11-04 11:16:19.423183,4.0
3750,fe9e0b55-3601-4032-aecd-2578784f6335,2025-09-13,STR010,SKU1005,61,62.0,2025-11-04 11:16:19.423183,1.0
3751,fe9e0b55-3601-4032-aecd-2578784f6335,2025-09-14,STR001,SKU1001,5,5.0,2025-11-04 11:16:19.423183,0.0
3752,fe9e0b55-3601-4032-aecd-2578784f6335,2025-09-14,STR001,SKU1002,11,9.0,2025-11-04 11:16:19.423183,2.0
3753,fe9e0b55-3601-4032-aecd-2578784f6335,2025-09-14,STR001,SKU1003,15,17.0,2025-11-04 11:16:19.423183,2.0
3754,fe9e0b55-3601-4032-aecd-2578784f6335,2025-09-14,STR001,SKU1004,31,29.0,2025-11-04 11:16:19.423183,2.0
3755,fe9e0b55-3601-4032-aecd-2578784f6335,2025-09-14,STR001,SKU1005,21,18.0,2025-11-04 11:16:19.423183,3.0
3756,fe9e0b55-3601-4032-aecd-2578784f6335,2025-09-14,STR002,SKU1001,23,28.0,2025-11-04 11:16:19.423183,5.0
3757,fe9e0b55-3601-4032-aecd-2578784f6335,2025-09-14,STR002,SKU1002,9,7.0,2025-11-04 11:16:19.423183,2.0
3758,fe9e0b55-3601-4032-aecd-2578784f6335,2025-09-14,STR002,SKU1003,18,19.0,2025-11-04 11:16:19.423183,1.0
3759,fe9e0b55-3601-4032-aecd-2578784f6335,2025-09-14,STR002,SKU1004,29,23.0,2025-11-04 11:16:19.423183,6.0
3760,fe9e0b55-3601-4032-aecd-2578784f6335,2025-09-14,STR002,SKU1005,21,21.0,2025-11-04 11:16:19.423183,0.0
3761,fe9e0b55-3601-4032-aecd-2578784f6335,2025-09-14,STR003,SKU1001,6,7.0,2025-11-04 11:16:19.423183,1.0
3762,fe9e0b55-3601-4032-aecd-2578784f6335,2025-09-14,STR003,SKU1002,23,20.0,2025-11-04 11:16:19.423183,3.0
3763,fe9e0b55-3601-4032-aecd-2578784f6335,2025-09-14,STR003,SKU1003,16,18.0,2025-11-04 11:16:19.423183,2.0
3764,fe9e0b55-3601-4032-aecd-2578784f6335,2025-09-14,STR003,SKU1004,14,16.0,2025-11-04 11:16:19.423183,2.0
3765,fe9e0b55-3601-4032-aecd-2578784f6335,2025-09-14,STR003,SKU1005,15,16.0,2025-11-04 11:16:19.423183,1.0
3766,fe9e0b55-3601-4032-aecd-2578784f6335,2025-09-14,STR004,SKU1001,280,294.0,2025-11-04 11:16:19.423183,14.0
3767,fe9e0b55-3601-4032-aecd-2578784f6335,2025-09-14,STR004,SKU1002,175,189.0,2025-11-04 11:16:19.423183,14.0
3768,fe9e0b55-3601-4032-aecd-2578784f6335,2025-09-14,STR004,SKU1003,189,234.0,2025-11-04 11:16:19.423183,45.0
3769,fe9e0b55-3601-4032-aecd-2578784f6335,2025-09-14,STR004,SKU1004,203,206.0,2025-11-04 11:16:19.423183,3.0
3770,fe9e0b55-3601-4032-aecd-2578784f6335,2025-09-14,STR004,SKU1005,250,236.0,2025-11-04 11:16:19.423183,14.0
3771,fe9e0b55-3601-4032-aecd-2578784f6335,2025-09-14,STR005,SKU1001,159,233.0,2025-11-04 11:16:19.423183,74.0
3772,fe9e0b55-3601-4032-aecd-2578784f6335,2025-09-14,STR005,SKU1002,246,270.0,2025-11-04 11:16:19.423183,24.0
3773,fe9e0b55-3601-4032-aecd-2578784f6335,2025-09-14,STR005,SKU1003,201,223.0,2025-11-04 11:16:19.423183,22.0
3774,fe9e0b55-3601-4032-aecd-2578784f6335,2025-09-14,STR005,SKU1004,254,256.0,2025-11-04 11:16:19.423183,2.0
3775,fe9e0b55-3601-4032-aecd-2578784f6335,2025-09-14,STR005,SKU1005,266,273.0,2025-11-04 11:16:19.423183,7.0
3776,fe9e0b55-3601-4032-aecd-2578784f6335,2025-09-14,STR006,SKU1001,129,119.0,2025-11-04 11:16:19.423183,10.0
3777,fe9e0b55-3601-4032-aecd-2578784f6335,2025-09-14,STR006,SKU1002,88,92.0,2025-11-04 11:16:19.423183,4.0
3778,fe9e0b55-3601-4032-aecd-2578784f6335,2025-09-14,STR006,SKU1003,62,72.0,2025-11-04 11:16:19.423183,10.0
3779,fe9e0b55-3601-4032-aecd-2578784f6335,2025-09-14,STR006,SKU1004,57,76.0,2025-11-04 11:16:19.423183,19.0
3780,fe9e0b55-3601-4032-aecd-2578784f6335,2025-09-14,STR006,SKU1005,90,107.0,2025-11-04 11:16:19.423183,17.0
3781,fe9e0b55-3601-4032-aecd-2578784f6335,2025-09-14,STR007,SKU1001,89,86.0,2025-11-04 11:16:19.423183,3.0
3782,fe9e0b55-3601-4032-aecd-2578784f6335,2025-09-14,STR007,SKU1002,56,55.0,2025-11-04 11:16:19.423183,1.0
3783,fe9e0b55-3601-4032-aecd-2578784f6335,2025-09-14,STR007,SKU1003,124,114.0,2025-11-04 11:16:19.423183,10.0
3784,fe9e0b55-3601-4032-aecd-2578784f6335,2025-09-14,STR007,SKU1004,64,55.0,2025-11-04 11:16:19.423183,9.0
3785,fe9e0b55-3601-4032-aecd-2578784f6335,2025-09-14,STR007,SKU1005,82,99.0,2025-11-04 11:16:19.423183,17.0
3786,fe9e0b55-3601-4032-aecd-2578784f6335,2025-09-14,STR008,SKU1001,76,71.0,2025-11-04 11:16:19.423183,5.0
3787,fe9e0b55-3601-4032-aecd-2578784f6335,2025-09-14,STR008,SKU1002,93,74.0,2025-11-04 11:16:19.423183,19.0
3788,fe9e0b55-3601-4032-aecd-2578784f6335,2025-09-14,STR008,SKU1003,101,100.0,2025-11-04 11:16:19.423183,1.0
3789,fe9e0b55-3601-4032-aecd-2578784f6335,2025-09-14,STR008,SKU1004,111,97.0,2025-11-04 11:16:19.423183,14.0
3790,fe9e0b55-3601-4032-aecd-2578784f6335,2025-09-14,STR008,SKU1005,128,119.0,2025-11-04 11:16:19.423183,9.0
3791,fe9e0b55-3601-4032-aecd-2578784f6335,2025-09-14,STR009,SKU1001,119,114.0,2025-11-04 11:16:19.423183,5.0
3792,fe9e0b55-3601-4032-aecd-2578784f6335,2025-09-14,STR009,SKU1002,97,109.0,2025-11-04 11:16:19.423183,12.0
3793,fe9e0b55-3601-4032-aecd-2578784f6335,2025-09-14,STR009,SKU1003,94,95.0,2025-11-04 11:16:19.423183,1.0
3794,fe9e0b55-3601-4032-aecd-2578784f6335,2025-09-14,STR009,SKU1004,98,85.0,2025-11-04 11:16:19.423183,13.0
3795,fe9e0b55-3601-4032-aecd-2578784f6335,2025-09-14,STR009,SKU1005,100,107.0,2025-11-04 11:16:19.423183,7.0
3796,fe9e0b55-3601-4032-aecd-2578784f6335,2025-09-14,STR010,SKU1001,86,87.0,2025-11-04 11:16:19.423183,1.0
3797,fe9e0b55-3601-4032-aecd-2578784f6335,2025-09-14,STR010,SKU1002,56,60.0,2025-11-04 11:16:19.423183,4.0
3798,fe9e0b55-3601-4032-aecd-2578784f6335,2025-09-14,STR010,SKU1003,68,61.0,2025-11-04 11:16:19.423183,7.0
3799,fe9e0b55-3601-4032-aecd-2578784f6335,2025-09-14,STR010,SKU1004,107,91.0,2025-11-04 11:16:19.423183,16.0
3800,fe9e0b55-3601-4032-aecd-2578784f6335,2025-09-14,STR010,SKU1005,89,88.0,2025-11-04 11:16:19.423183,1.0
3801,fe9e0b55-3601-4032-aecd-2578784f6335,2025-09-15,STR001,SKU1001,12,11.0,2025-11-04 11:16:19.423183,1.0
3802,fe9e0b55-3601-4032-aecd-2578784f6335,2025-09-15,STR001,SKU1002,14,15.0,2025-11-04 11:16:19.423183,1.0
3803,fe9e0b55-3601-4032-aecd-2578784f6335,2025-09-15,STR001,SKU1003,7,8.0,2025-11-04 11:16:19.423183,1.0
3804,fe9e0b55-3601-4032-aecd-2578784f6335,2025-09-15,STR001,SKU1004,22,24.0,2025-11-04 11:16:19.423183,2.0
3805,fe9e0b55-3601-4032-aecd-2578784f6335,2025-09-15,STR001,SKU1005,3,5.0,2025-11-04 11:16:19.423183,2.0
3806,fe9e0b55-3601-4032-aecd-2578784f6335,2025-09-15,STR002,SKU1001,14,17.0,2025-11-04 11:16:19.423183,3.0
3807,fe9e0b55-3601-4032-aecd-2578784f6335,2025-09-15,STR002,SKU1002,26,22.0,2025-11-04 11:16:19.423183,4.0
3808,fe9e0b55-3601-4032-aecd-2578784f6335,2025-09-15,STR002,SKU1003,14,13.0,2025-11-04 11:16:19.423183,1.0
3809,fe9e0b55-3601-4032-aecd-2578784f6335,2025-09-15,STR002,SKU1004,28,28.0,2025-11-04 11:16:19.423183,0.0
3810,fe9e0b55-3601-4032-aecd-2578784f6335,2025-09-15,STR002,SKU1005,31,28.0,2025-11-04 11:16:19.423183,3.0
3811,fe9e0b55-3601-4032-aecd-2578784f6335,2025-09-15,STR003,SKU1001,11,13.0,2025-11-04 11:16:19.423183,2.0
3812,fe9e0b55-3601-4032-aecd-2578784f6335,2025-09-15,STR003,SKU1002,30,27.0,2025-11-04 11:16:19.423183,3.0
3813,fe9e0b55-3601-4032-aecd-2578784f6335,2025-09-15,STR003,SKU1003,15,13.0,2025-11-04 11:16:19.423183,2.0
3814,fe9e0b55-3601-4032-aecd-2578784f6335,2025-09-15,STR003,SKU1004,16,14.0,2025-11-04 11:16:19.423183,2.0
3815,fe9e0b55-3601-4032-aecd-2578784f6335,2025-09-15,STR003,SKU1005,5,6.0,2025-11-04 11:16:19.423183,1.0
3816,fe9e0b55-3601-4032-aecd-2578784f6335,2025-09-15,STR004,SKU1001,187,164.0,2025-11-04 11:16:19.423183,23.0
3817,fe9e0b55-3601-4032-aecd-2578784f6335,2025-09-15,STR004,SKU1002,191,152.0,2025-11-04 11:16:19.423183,39.0
3818,fe9e0b55-3601-4032-aecd-2578784f6335,2025-09-15,STR004,SKU1003,181,192.0,2025-11-04 11:16:19.423183,11.0
3819,fe9e0b55-3601-4032-aecd-2578784f6335,2025-09-15,STR004,SKU1004,201,216.0,2025-11-04 11:16:19.423183,15.0
3820,fe9e0b55-3601-4032-aecd-2578784f6335,2025-09-15,STR004,SKU1005,141,205.0,2025-11-04 11:16:19.423183,64.0
3821,fe9e0b55-3601-4032-aecd-2578784f6335,2025-09-15,STR005,SKU1001,268,212.0,2025-11-04 11:16:19.423183,56.0
3822,fe9e0b55-3601-4032-aecd-2578784f6335,2025-09-15,STR005,SKU1002,166,164.0,2025-11-04 11:16:19.423183,2.0
3823,fe9e0b55-3601-4032-aecd-2578784f6335,2025-09-15,STR005,SKU1003,244,258.0,2025-11-04 11:16:19.423183,14.0
3824,fe9e0b55-3601-4032-aecd-2578784f6335,2025-09-15,STR005,SKU1004,212,265.0,2025-11-04 11:16:19.423183,53.0
3825,fe9e0b55-3601-4032-aecd-2578784f6335,2025-09-15,STR005,SKU1005,260,241.0,2025-11-04 11:16:19.423183,19.0
3826,fe9e0b55-3601-4032-aecd-2578784f6335,2025-09-15,STR006,SKU1001,54,59.0,2025-11-04 11:16:19.423183,5.0
3827,fe9e0b55-3601-4032-aecd-2578784f6335,2025-09-15,STR006,SKU1002,73,87.0,2025-11-04 11:16:19.423183,14.0
3828,fe9e0b55-3601-4032-aecd-2578784f6335,2025-09-15,STR006,SKU1003,76,96.0,2025-11-04 11:16:19.423183,20.0
3829,fe9e0b55-3601-4032-aecd-2578784f6335,2025-09-15,STR006,SKU1004,102,106.0,2025-11-04 11:16:19.423183,4.0
3830,fe9e0b55-3601-4032-aecd-2578784f6335,2025-09-15,STR006,SKU1005,94,99.0,2025-11-04 11:16:19.423183,5.0
3831,fe9e0b55-3601-4032-aecd-2578784f6335,2025-09-15,STR007,SKU1001,89,64.0,2025-11-04 11:16:19.423183,25.0
3832,fe9e0b55-3601-4032-aecd-2578784f6335,2025-09-15,STR007,SKU1002,78,67.0,2025-11-04 11:16:19.423183,11.0
3833,fe9e0b55-3601-4032-aecd-2578784f6335,2025-09-15,STR007,SKU1003,52,51.0,2025-11-04 11:16:19.423183,1.0
3834,fe9e0b55-3601-4032-aecd-2578784f6335,2025-09-15,STR007,SKU1004,108,92.0,2025-11-04 11:16:19.423183,16.0
3835,fe9e0b55-3601-4032-aecd-2578784f6335,2025-09-15,STR007,SKU1005,78,75.0,2025-11-04 11:16:19.423183,3.0
3836,fe9e0b55-3601-4032-aecd-2578784f6335,2025-09-15,STR008,SKU1001,68,87.0,2025-11-04 11:16:19.423183,19.0
3837,fe9e0b55-3601-4032-aecd-2578784f6335,2025-09-15,STR008,SKU1002,105,91.0,2025-11-04 11:16:19.423183,14.0
3838,fe9e0b55-3601-4032-aecd-2578784f6335,2025-09-15,STR008,SKU1003,58,54.0,2025-11-04 11:16:19.423183,4.0
3839,fe9e0b55-3601-4032-aecd-2578784f6335,2025-09-15,STR008,SKU1004,59,60.0,2025-11-04 11:16:19.423183,1.0
3840,fe9e0b55-3601-4032-aecd-2578784f6335,2025-09-15,STR008,SKU1005,106,114.0,2025-11-04 11:16:19.423183,8.0
3841,fe9e0b55-3601-4032-aecd-2578784f6335,2025-09-15,STR009,SKU1001,89,83.0,2025-11-04 11:16:19.423183,6.0
3842,fe9e0b55-3601-4032-aecd-2578784f6335,2025-09-15,STR009,SKU1002,47,50.0,2025-11-04 11:16:19.423183,3.0
3843,fe9e0b55-3601-4032-aecd-2578784f6335,2025-09-15,STR009,SKU1003,38,51.0,2025-11-04 11:16:19.423183,13.0
3844,fe9e0b55-3601-4032-aecd-2578784f6335,2025-09-15,STR009,SKU1004,97,69.0,2025-11-04 11:16:19.423183,28.0
3845,fe9e0b55-3601-4032-aecd-2578784f6335,2025-09-15,STR009,SKU1005,79,110.0,2025-11-04 11:16:19.423183,31.0
3846,fe9e0b55-3601-4032-aecd-2578784f6335,2025-09-15,STR010,SKU1001,70,70.0,2025-11-04 11:16:19.423183,0.0
3847,fe9e0b55-3601-4032-aecd-2578784f6335,2025-09-15,STR010,SKU1002,116,117.0,2025-11-04 11:16:19.423183,1.0
3848,fe9e0b55-3601-4032-aecd-2578784f6335,2025-09-15,STR010,SKU1003,46,61.0,2025-11-04 11:16:19.423183,15.0
3849,fe9e0b55-3601-4032-aecd-2578784f6335,2025-09-15,STR010,SKU1004,80,71.0,2025-11-04 11:16:19.423183,9.0
3850,fe9e0b55-3601-4032-aecd-2578784f6335,2025-09-15,STR010,SKU1005,69,69.0,2025-11-04 11:16:19.423183,0.0
3851,fe9e0b55-3601-4032-aecd-2578784f6335,2025-09-16,STR001,SKU1001,16,22.0,2025-11-04 11:16:19.423183,6.0
3852,fe9e0b55-3601-4032-aecd-2578784f6335,2025-09-16,STR001,SKU1002,5,5.0,2025-11-04 11:16:19.423183,0.0
3853,fe9e0b55-3601-4032-aecd-2578784f6335,2025-09-16,STR001,SKU1003,6,5.0,2025-11-04 11:16:19.423183,1.0
3854,fe9e0b55-3601-4032-aecd-2578784f6335,2025-09-16,STR001,SKU1004,27,28.0,2025-11-04 11:16:19.423183,1.0
3855,fe9e0b55-3601-4032-aecd-2578784f6335,2025-09-16,STR001,SKU1005,17,18.0,2025-11-04 11:16:19.423183,1.0
3856,fe9e0b55-3601-4032-aecd-2578784f6335,2025-09-16,STR002,SKU1001,7,8.0,2025-11-04 11:16:19.423183,1.0
3857,fe9e0b55-3601-4032-aecd-2578784f6335,2025-09-16,STR002,SKU1002,9,9.0,2025-11-04 11:16:19.423183,0.0
3858,fe9e0b55-3601-4032-aecd-2578784f6335,2025-09-16,STR002,SKU1003,12,15.0,2025-11-04 11:16:19.423183,3.0
3859,fe9e0b55-3601-4032-aecd-2578784f6335,2025-09-16,STR002,SKU1004,24,28.0,2025-11-04 11:16:19.423183,4.0
3860,fe9e0b55-3601-4032-aecd-2578784f6335,2025-09-16,STR002,SKU1005,27,27.0,2025-11-04 11:16:19.423183,0.0
3861,fe9e0b55-3601-4032-aecd-2578784f6335,2025-09-16,STR003,SKU1001,17,17.0,2025-11-04 11:16:19.423183,0.0
3862,fe9e0b55-3601-4032-aecd-2578784f6335,2025-09-16,STR003,SKU1002,22,20.0,2025-11-04 11:16:19.423183,2.0
3863,fe9e0b55-3601-4032-aecd-2578784f6335,2025-09-16,STR003,SKU1003,27,28.0,2025-11-04 11:16:19.423183,1.0
3864,fe9e0b55-3601-4032-aecd-2578784f6335,2025-09-16,STR003,SKU1004,20,17.0,2025-11-04 11:16:19.423183,3.0
3865,fe9e0b55-3601-4032-aecd-2578784f6335,2025-09-16,STR003,SKU1005,27,28.0,2025-11-04 11:16:19.423183,1.0
3866,fe9e0b55-3601-4032-aecd-2578784f6335,2025-09-16,STR004,SKU1001,177,175.0,2025-11-04 11:16:19.423183,2.0
3867,fe9e0b55-3601-4032-aecd-2578784f6335,2025-09-16,STR004,SKU1002,302,229.0,2025-11-04 11:16:19.423183,73.0
3868,fe9e0b55-3601-4032-aecd-2578784f6335,2025-09-16,STR004,SKU1003,298,214.0,2025-11-04 11:16:19.423183,84.0
3869,fe9e0b55-3601-4032-aecd-2578784f6335,2025-09-16,STR004,SKU1004,272,224.0,2025-11-04 11:16:19.423183,48.0
3870,fe9e0b55-3601-4032-aecd-2578784f6335,2025-09-16,STR004,SKU1005,177,192.0,2025-11-04 11:16:19.423183,15.0
3871,fe9e0b55-3601-4032-aecd-2578784f6335,2025-09-16,STR005,SKU1001,203,178.0,2025-11-04 11:16:19.423183,25.0
3872,fe9e0b55-3601-4032-aecd-2578784f6335,2025-09-16,STR005,SKU1002,223,230.0,2025-11-04 11:16:19.423183,7.0
3873,fe9e0b55-3601-4032-aecd-2578784f6335,2025-09-16,STR005,SKU1003,239,203.0,2025-11-04 11:16:19.423183,36.0
3874,fe9e0b55-3601-4032-aecd-2578784f6335,2025-09-16,STR005,SKU1004,167,188.0,2025-11-04 11:16:19.423183,21.0
3875,fe9e0b55-3601-4032-aecd-2578784f6335,2025-09-16,STR005,SKU1005,221,191.0,2025-11-04 11:16:19.423183,30.0
3876,fe9e0b55-3601-4032-aecd-2578784f6335,2025-09-16,STR006,SKU1001,57,77.0,2025-11-04 11:16:19.423183,20.0
3877,fe9e0b55-3601-4032-aecd-2578784f6335,2025-09-16,STR006,SKU1002,92,78.0,2025-11-04 11:16:19.423183,14.0
3878,fe9e0b55-3601-4032-aecd-2578784f6335,2025-09-16,STR006,SKU1003,119,92.0,2025-11-04 11:16:19.423183,27.0
3879,fe9e0b55-3601-4032-aecd-2578784f6335,2025-09-16,STR006,SKU1004,43,52.0,2025-11-04 11:16:19.423183,9.0
3880,fe9e0b55-3601-4032-aecd-2578784f6335,2025-09-16,STR006,SKU1005,61,59.0,2025-11-04 11:16:19.423183,2.0
3881,fe9e0b55-3601-4032-aecd-2578784f6335,2025-09-16,STR007,SKU1001,102,108.0,2025-11-04 11:16:19.423183,6.0
3882,fe9e0b55-3601-4032-aecd-2578784f6335,2025-09-16,STR007,SKU1002,69,63.0,2025-11-04 11:16:19.423183,6.0
3883,fe9e0b55-3601-4032-aecd-2578784f6335,2025-09-16,STR007,SKU1003,87,96.0,2025-11-04 11:16:19.423183,9.0
3884,fe9e0b55-3601-4032-aecd-2578784f6335,2025-09-16,STR007,SKU1004,85,91.0,2025-11-04 11:16:19.423183,6.0
3885,fe9e0b55-3601-4032-aecd-2578784f6335,2025-09-16,STR007,SKU1005,67,81.0,2025-11-04 11:16:19.423183,14.0
3886,fe9e0b55-3601-4032-aecd-2578784f6335,2025-09-16,STR008,SKU1001,88,81.0,2025-11-04 11:16:19.423183,7.0
3887,fe9e0b55-3601-4032-aecd-2578784f6335,2025-09-16,STR008,SKU1002,88,91.0,2025-11-04 11:16:19.423183,3.0
3888,fe9e0b55-3601-4032-aecd-2578784f6335,2025-09-16,STR008,SKU1003,73,81.0,2025-11-04 11:16:19.423183,8.0
3889,fe9e0b55-3601-4032-aecd-2578784f6335,2025-09-16,STR008,SKU1004,62,75.0,2025-11-04 11:16:19.423183,13.0
3890,fe9e0b55-3601-4032-aecd-2578784f6335,2025-09-16,STR008,SKU1005,38,50.0,2025-11-04 11:16:19.423183,12.0
3891,fe9e0b55-3601-4032-aecd-2578784f6335,2025-09-16,STR009,SKU1001,96,105.0,2025-11-04 11:16:19.423183,9.0
3892,fe9e0b55-3601-4032-aecd-2578784f6335,2025-09-16,STR009,SKU1002,65,51.0,2025-11-04 11:16:19.423183,14.0
3893,fe9e0b55-3601-4032-aecd-2578784f6335,2025-09-16,STR009,SKU1003,87,79.0,2025-11-04 11:16:19.423183,8.0
3894,fe9e0b55-3601-4032-aecd-2578784f6335,2025-09-16,STR009,SKU1004,96,101.0,2025-11-04 11:16:19.423183,5.0
3895,fe9e0b55-3601-4032-aecd-2578784f6335,2025-09-16,STR009,SKU1005,66,58.0,2025-11-04 11:16:19.423183,8.0
3896,fe9e0b55-3601-4032-aecd-2578784f6335,2025-09-16,STR010,SKU1001,75,71.0,2025-11-04 11:16:19.423183,4.0
3897,fe9e0b55-3601-4032-aecd-2578784f6335,2025-09-16,STR010,SKU1002,97,83.0,2025-11-04 11:16:19.423183,14.0
3898,fe9e0b55-3601-4032-aecd-2578784f6335,2025-09-16,STR010,SKU1003,108,98.0,2025-11-04 11:16:19.423183,10.0
3899,fe9e0b55-3601-4032-aecd-2578784f6335,2025-09-16,STR010,SKU1004,56,50.0,2025-11-04 11:16:19.423183,6.0
3900,fe9e0b55-3601-4032-aecd-2578784f6335,2025-09-16,STR010,SKU1005,111,102.0,2025-11-04 11:16:19.423183,9.0
3901,fe9e0b55-3601-4032-aecd-2578784f6335,2025-09-17,STR001,SKU1001,23,23.0,2025-11-04 11:16:19.423183,0.0
3902,fe9e0b55-3601-4032-aecd-2578784f6335,2025-09-17,STR001,SKU1002,8,8.0,2025-11-04 11:16:19.423183,0.0
3903,fe9e0b55-3601-4032-aecd-2578784f6335,2025-09-17,STR001,SKU1003,11,12.0,2025-11-04 11:16:19.423183,1.0
3904,fe9e0b55-3601-4032-aecd-2578784f6335,2025-09-17,STR001,SKU1004,19,17.0,2025-11-04 11:16:19.423183,2.0
3905,fe9e0b55-3601-4032-aecd-2578784f6335,2025-09-17,STR001,SKU1005,8,8.0,2025-11-04 11:16:19.423183,0.0
3906,fe9e0b55-3601-4032-aecd-2578784f6335,2025-09-17,STR002,SKU1001,12,13.0,2025-11-04 11:16:19.423183,1.0
3907,fe9e0b55-3601-4032-aecd-2578784f6335,2025-09-17,STR002,SKU1002,15,13.0,2025-11-04 11:16:19.423183,2.0
3908,fe9e0b55-3601-4032-aecd-2578784f6335,2025-09-17,STR002,SKU1003,28,26.0,2025-11-04 11:16:19.423183,2.0
3909,fe9e0b55-3601-4032-aecd-2578784f6335,2025-09-17,STR002,SKU1004,19,22.0,2025-11-04 11:16:19.423183,3.0
3910,fe9e0b55-3601-4032-aecd-2578784f6335,2025-09-17,STR002,SKU1005,18,16.0,2025-11-04 11:16:19.423183,2.0
3911,fe9e0b55-3601-4032-aecd-2578784f6335,2025-09-17,STR003,SKU1001,14,14.0,2025-11-04 11:16:19.423183,0.0
3912,fe9e0b55-3601-4032-aecd-2578784f6335,2025-09-17,STR003,SKU1002,13,15.0,2025-11-04 11:16:19.423183,2.0
3913,fe9e0b55-3601-4032-aecd-2578784f6335,2025-09-17,STR003,SKU1003,13,11.0,2025-11-04 11:16:19.423183,2.0
3914,fe9e0b55-3601-4032-aecd-2578784f6335,2025-09-17,STR003,SKU1004,15,13.0,2025-11-04 11:16:19.423183,2.0
3915,fe9e0b55-3601-4032-aecd-2578784f6335,2025-09-17,STR003,SKU1005,10,10.0,2025-11-04 11:16:19.423183,0.0
3916,fe9e0b55-3601-4032-aecd-2578784f6335,2025-09-17,STR004,SKU1001,211,197.0,2025-11-04 11:16:19.423183,14.0
3917,fe9e0b55-3601-4032-aecd-2578784f6335,2025-09-17,STR004,SKU1002,326,275.0,2025-11-04 11:16:19.423183,51.0
3918,fe9e0b55-3601-4032-aecd-2578784f6335,2025-09-17,STR004,SKU1003,157,156.0,2025-11-04 11:16:19.423183,1.0
3919,fe9e0b55-3601-4032-aecd-2578784f6335,2025-09-17,STR004,SKU1004,172,165.0,2025-11-04 11:16:19.423183,7.0
3920,fe9e0b55-3601-4032-aecd-2578784f6335,2025-09-17,STR004,SKU1005,282,278.0,2025-11-04 11:16:19.423183,4.0
3921,fe9e0b55-3601-4032-aecd-2578784f6335,2025-09-17,STR005,SKU1001,308,264.0,2025-11-04 11:16:19.423183,44.0
3922,fe9e0b55-3601-4032-aecd-2578784f6335,2025-09-17,STR005,SKU1002,202,186.0,2025-11-04 11:16:19.423183,16.0
3923,fe9e0b55-3601-4032-aecd-2578784f6335,2025-09-17,STR005,SKU1003,292,274.0,2025-11-04 11:16:19.423183,18.0
3924,fe9e0b55-3601-4032-aecd-2578784f6335,2025-09-17,STR005,SKU1004,224,230.0,2025-11-04 11:16:19.423183,6.0
3925,fe9e0b55-3601-4032-aecd-2578784f6335,2025-09-17,STR005,SKU1005,202,211.0,2025-11-04 11:16:19.423183,9.0
3926,fe9e0b55-3601-4032-aecd-2578784f6335,2025-09-17,STR006,SKU1001,115,110.0,2025-11-04 11:16:19.423183,5.0
3927,fe9e0b55-3601-4032-aecd-2578784f6335,2025-09-17,STR006,SKU1002,72,82.0,2025-11-04 11:16:19.423183,10.0
3928,fe9e0b55-3601-4032-aecd-2578784f6335,2025-09-17,STR006,SKU1003,142,115.0,2025-11-04 11:16:19.423183,27.0
3929,fe9e0b55-3601-4032-aecd-2578784f6335,2025-09-17,STR006,SKU1004,84,79.0,2025-11-04 11:16:19.423183,5.0
3930,fe9e0b55-3601-4032-aecd-2578784f6335,2025-09-17,STR006,SKU1005,67,69.0,2025-11-04 11:16:19.423183,2.0
3931,fe9e0b55-3601-4032-aecd-2578784f6335,2025-09-17,STR007,SKU1001,94,109.0,2025-11-04 11:16:19.423183,15.0
3932,fe9e0b55-3601-4032-aecd-2578784f6335,2025-09-17,STR007,SKU1002,86,73.0,2025-11-04 11:16:19.423183,13.0
3933,fe9e0b55-3601-4032-aecd-2578784f6335,2025-09-17,STR007,SKU1003,44,53.0,2025-11-04 11:16:19.423183,9.0
3934,fe9e0b55-3601-4032-aecd-2578784f6335,2025-09-17,STR007,SKU1004,92,86.0,2025-11-04 11:16:19.423183,6.0
3935,fe9e0b55-3601-4032-aecd-2578784f6335,2025-09-17,STR007,SKU1005,56,53.0,2025-11-04 11:16:19.423183,3.0
3936,fe9e0b55-3601-4032-aecd-2578784f6335,2025-09-17,STR008,SKU1001,56,67.0,2025-11-04 11:16:19.423183,11.0
3937,fe9e0b55-3601-4032-aecd-2578784f6335,2025-09-17,STR008,SKU1002,99,115.0,2025-11-04 11:16:19.423183,16.0
3938,fe9e0b55-3601-4032-aecd-2578784f6335,2025-09-17,STR008,SKU1003,90,97.0,2025-11-04 11:16:19.423183,7.0
3939,fe9e0b55-3601-4032-aecd-2578784f6335,2025-09-17,STR008,SKU1004,95,82.0,2025-11-04 11:16:19.423183,13.0
3940,fe9e0b55-3601-4032-aecd-2578784f6335,2025-09-17,STR008,SKU1005,142,107.0,2025-11-04 11:16:19.423183,35.0
3941,fe9e0b55-3601-4032-aecd-2578784f6335,2025-09-17,STR009,SKU1001,66,77.0,2025-11-04 11:16:19.423183,11.0
3942,fe9e0b55-3601-4032-aecd-2578784f6335,2025-09-17,STR009,SKU1002,66,84.0,2025-11-04 11:16:19.423183,18.0
3943,fe9e0b55-3601-4032-aecd-2578784f6335,2025-09-17,STR009,SKU1003,59,59.0,2025-11-04 11:16:19.423183,0.0
3944,fe9e0b55-3601-4032-aecd-2578784f6335,2025-09-17,STR009,SKU1004,124,114.0,2025-11-04 11:16:19.423183,10.0
3945,fe9e0b55-3601-4032-aecd-2578784f6335,2025-09-17,STR009,SKU1005,89,91.0,2025-11-04 11:16:19.423183,2.0
3946,fe9e0b55-3601-4032-aecd-2578784f6335,2025-09-17,STR010,SKU1001,55,58.0,2025-11-04 11:16:19.423183,3.0
3947,fe9e0b55-3601-4032-aecd-2578784f6335,2025-09-17,STR010,SKU1002,115,109.0,2025-11-04 11:16:19.423183,6.0
3948,fe9e0b55-3601-4032-aecd-2578784f6335,2025-09-17,STR010,SKU1003,71,64.0,2025-11-04 11:16:19.423183,7.0
3949,fe9e0b55-3601-4032-aecd-2578784f6335,2025-09-17,STR010,SKU1004,112,106.0,2025-11-04 11:16:19.423183,6.0
3950,fe9e0b55-3601-4032-aecd-2578784f6335,2025-09-17,STR010,SKU1005,105,118.0,2025-11-04 11:16:19.423183,13.0
3951,fe9e0b55-3601-4032-aecd-2578784f6335,2025-09-18,STR001,SKU1001,11,13.0,2025-11-04 11:16:19.423183,2.0
3952,fe9e0b55-3601-4032-aecd-2578784f6335,2025-09-18,STR001,SKU1002,25,26.0,2025-11-04 11:16:19.423183,1.0
3953,fe9e0b55-3601-4032-aecd-2578784f6335,2025-09-18,STR001,SKU1003,13,13.0,2025-11-04 11:16:19.423183,0.0
3954,fe9e0b55-3601-4032-aecd-2578784f6335,2025-09-18,STR001,SKU1004,23,27.0,2025-11-04 11:16:19.423183,4.0
3955,fe9e0b55-3601-4032-aecd-2578784f6335,2025-09-18,STR001,SKU1005,10,11.0,2025-11-04 11:16:19.423183,1.0
3956,fe9e0b55-3601-4032-aecd-2578784f6335,2025-09-18,STR002,SKU1001,28,28.0,2025-11-04 11:16:19.423183,0.0
3957,fe9e0b55-3601-4032-aecd-2578784f6335,2025-09-18,STR002,SKU1002,22,27.0,2025-11-04 11:16:19.423183,5.0
3958,fe9e0b55-3601-4032-aecd-2578784f6335,2025-09-18,STR002,SKU1003,16,16.0,2025-11-04 11:16:19.423183,0.0
3959,fe9e0b55-3601-4032-aecd-2578784f6335,2025-09-18,STR002,SKU1004,22,29.0,2025-11-04 11:16:19.423183,7.0
3960,fe9e0b55-3601-4032-aecd-2578784f6335,2025-09-18,STR002,SKU1005,14,13.0,2025-11-04 11:16:19.423183,1.0
3961,fe9e0b55-3601-4032-aecd-2578784f6335,2025-09-18,STR003,SKU1001,10,10.0,2025-11-04 11:16:19.423183,0.0
3962,fe9e0b55-3601-4032-aecd-2578784f6335,2025-09-18,STR003,SKU1002,35,27.0,2025-11-04 11:16:19.423183,8.0
3963,fe9e0b55-3601-4032-aecd-2578784f6335,2025-09-18,STR003,SKU1003,6,6.0,2025-11-04 11:16:19.423183,0.0
3964,fe9e0b55-3601-4032-aecd-2578784f6335,2025-09-18,STR003,SKU1004,12,13.0,2025-11-04 11:16:19.423183,1.0
3965,fe9e0b55-3601-4032-aecd-2578784f6335,2025-09-18,STR003,SKU1005,23,21.0,2025-11-04 11:16:19.423183,2.0
3966,fe9e0b55-3601-4032-aecd-2578784f6335,2025-09-18,STR004,SKU1001,269,200.0,2025-11-04 11:16:19.423183,69.0
3967,fe9e0b55-3601-4032-aecd-2578784f6335,2025-09-18,STR004,SKU1002,176,219.0,2025-11-04 11:16:19.423183,43.0
3968,fe9e0b55-3601-4032-aecd-2578784f6335,2025-09-18,STR004,SKU1003,163,186.0,2025-11-04 11:16:19.423183,23.0
3969,fe9e0b55-3601-4032-aecd-2578784f6335,2025-09-18,STR004,SKU1004,210,180.0,2025-11-04 11:16:19.423183,30.0
3970,fe9e0b55-3601-4032-aecd-2578784f6335,2025-09-18,STR004,SKU1005,234,211.0,2025-11-04 11:16:19.423183,23.0
3971,fe9e0b55-3601-4032-aecd-2578784f6335,2025-09-18,STR005,SKU1001,233,242.0,2025-11-04 11:16:19.423183,9.0
3972,fe9e0b55-3601-4032-aecd-2578784f6335,2025-09-18,STR005,SKU1002,173,163.0,2025-11-04 11:16:19.423183,10.0
3973,fe9e0b55-3601-4032-aecd-2578784f6335,2025-09-18,STR005,SKU1003,238,228.0,2025-11-04 11:16:19.423183,10.0
3974,fe9e0b55-3601-4032-aecd-2578784f6335,2025-09-18,STR005,SKU1004,126,157.0,2025-11-04 11:16:19.423183,31.0
3975,fe9e0b55-3601-4032-aecd-2578784f6335,2025-09-18,STR005,SKU1005,97,185.0,2025-11-04 11:16:19.423183,88.0
3976,fe9e0b55-3601-4032-aecd-2578784f6335,2025-09-18,STR006,SKU1001,90,97.0,2025-11-04 11:16:19.423183,7.0
3977,fe9e0b55-3601-4032-aecd-2578784f6335,2025-09-18,STR006,SKU1002,66,77.0,2025-11-04 11:16:19.423183,11.0
3978,fe9e0b55-3601-4032-aecd-2578784f6335,2025-09-18,STR006,SKU1003,119,117.0,2025-11-04 11:16:19.423183,2.0
3979,fe9e0b55-3601-4032-aecd-2578784f6335,2025-09-18,STR006,SKU1004,112,111.0,2025-11-04 11:16:19.423183,1.0
3980,fe9e0b55-3601-4032-aecd-2578784f6335,2025-09-18,STR006,SKU1005,118,100.0,2025-11-04 11:16:19.423183,18.0
3981,fe9e0b55-3601-4032-aecd-2578784f6335,2025-09-18,STR007,SKU1001,96,91.0,2025-11-04 11:16:19.423183,5.0
3982,fe9e0b55-3601-4032-aecd-2578784f6335,2025-09-18,STR007,SKU1002,72,78.0,2025-11-04 11:16:19.423183,6.0
3983,fe9e0b55-3601-4032-aecd-2578784f6335,2025-09-18,STR007,SKU1003,74,59.0,2025-11-04 11:16:19.423183,15.0
3984,fe9e0b55-3601-4032-aecd-2578784f6335,2025-09-18,STR007,SKU1004,85,88.0,2025-11-04 11:16:19.423183,3.0
3985,fe9e0b55-3601-4032-aecd-2578784f6335,2025-09-18,STR007,SKU1005,52,50.0,2025-11-04 11:16:19.423183,2.0
3986,fe9e0b55-3601-4032-aecd-2578784f6335,2025-09-18,STR008,SKU1001,81,88.0,2025-11-04 11:16:19.423183,7.0
3987,fe9e0b55-3601-4032-aecd-2578784f6335,2025-09-18,STR008,SKU1002,76,70.0,2025-11-04 11:16:19.423183,6.0
3988,fe9e0b55-3601-4032-aecd-2578784f6335,2025-09-18,STR008,SKU1003,112,114.0,2025-11-04 11:16:19.423183,2.0
3989,fe9e0b55-3601-4032-aecd-2578784f6335,2025-09-18,STR008,SKU1004,59,64.0,2025-11-04 11:16:19.423183,5.0
3990,fe9e0b55-3601-4032-aecd-2578784f6335,2025-09-18,STR008,SKU1005,56,53.0,2025-11-04 11:16:19.423183,3.0
3991,fe9e0b55-3601-4032-aecd-2578784f6335,2025-09-18,STR009,SKU1001,91,109.0,2025-11-04 11:16:19.423183,18.0
3992,fe9e0b55-3601-4032-aecd-2578784f6335,2025-09-18,STR009,SKU1002,116,110.0,2025-11-04 11:16:19.423183,6.0
3993,fe9e0b55-3601-4032-aecd-2578784f6335,2025-09-18,STR009,SKU1003,75,69.0,2025-11-04 11:16:19.423183,6.0
3994,fe9e0b55-3601-4032-aecd-2578784f6335,2025-09-18,STR009,SKU1004,68,59.0,2025-11-04 11:16:19.423183,9.0
3995,fe9e0b55-3601-4032-aecd-2578784f6335,2025-09-18,STR009,SKU1005,93,83.0,2025-11-04 11:16:19.423183,10.0
3996,fe9e0b55-3601-4032-aecd-2578784f6335,2025-09-18,STR010,SKU1001,123,97.0,2025-11-04 11:16:19.423183,26.0
3997,fe9e0b55-3601-4032-aecd-2578784f6335,2025-09-18,STR010,SKU1002,70,82.0,2025-11-04 11:16:19.423183,12.0
3998,fe9e0b55-3601-4032-aecd-2578784f6335,2025-09-18,STR010,SKU1003,98,110.0,2025-11-04 11:16:19.423183,12.0
3999,fe9e0b55-3601-4032-aecd-2578784f6335,2025-09-18,STR010,SKU1004,46,59.0,2025-11-04 11:16:19.423183,13.0
4000,fe9e0b55-3601-4032-aecd-2578784f6335,2025-09-18,STR010,SKU1005,80,103.0,2025-11-04 11:16:19.423183,23.0
4001,fe9e0b55-3601-4032-aecd-2578784f6335,2025-09-19,STR001,SKU1001,22,24.0,2025-11-04 11:16:19.423183,2.0
4002,fe9e0b55-3601-4032-aecd-2578784f6335,2025-09-19,STR001,SKU1002,6,5.0,2025-11-04 11:16:19.423183,1.0
4003,fe9e0b55-3601-4032-aecd-2578784f6335,2025-09-19,STR001,SKU1003,18,17.0,2025-11-04 11:16:19.423183,1.0
4004,fe9e0b55-3601-4032-aecd-2578784f6335,2025-09-19,STR001,SKU1004,6,5.0,2025-11-04 11:16:19.423183,1.0
4005,fe9e0b55-3601-4032-aecd-2578784f6335,2025-09-19,STR001,SKU1005,10,9.0,2025-11-04 11:16:19.423183,1.0
4006,fe9e0b55-3601-4032-aecd-2578784f6335,2025-09-19,STR002,SKU1001,17,20.0,2025-11-04 11:16:19.423183,3.0
4007,fe9e0b55-3601-4032-aecd-2578784f6335,2025-09-19,STR002,SKU1002,24,19.0,2025-11-04 11:16:19.423183,5.0
4008,fe9e0b55-3601-4032-aecd-2578784f6335,2025-09-19,STR002,SKU1003,19,21.0,2025-11-04 11:16:19.423183,2.0
4009,fe9e0b55-3601-4032-aecd-2578784f6335,2025-09-19,STR002,SKU1004,26,27.0,2025-11-04 11:16:19.423183,1.0
4010,fe9e0b55-3601-4032-aecd-2578784f6335,2025-09-19,STR002,SKU1005,26,20.0,2025-11-04 11:16:19.423183,6.0
4011,fe9e0b55-3601-4032-aecd-2578784f6335,2025-09-19,STR003,SKU1001,18,17.0,2025-11-04 11:16:19.423183,1.0
4012,fe9e0b55-3601-4032-aecd-2578784f6335,2025-09-19,STR003,SKU1002,11,15.0,2025-11-04 11:16:19.423183,4.0
4013,fe9e0b55-3601-4032-aecd-2578784f6335,2025-09-19,STR003,SKU1003,18,21.0,2025-11-04 11:16:19.423183,3.0
4014,fe9e0b55-3601-4032-aecd-2578784f6335,2025-09-19,STR003,SKU1004,16,21.0,2025-11-04 11:16:19.423183,5.0
4015,fe9e0b55-3601-4032-aecd-2578784f6335,2025-09-19,STR003,SKU1005,6,6.0,2025-11-04 11:16:19.423183,0.0
4016,fe9e0b55-3601-4032-aecd-2578784f6335,2025-09-19,STR004,SKU1001,251,290.0,2025-11-04 11:16:19.423183,39.0
4017,fe9e0b55-3601-4032-aecd-2578784f6335,2025-09-19,STR004,SKU1002,324,291.0,2025-11-04 11:16:19.423183,33.0
4018,fe9e0b55-3601-4032-aecd-2578784f6335,2025-09-19,STR004,SKU1003,366,288.0,2025-11-04 11:16:19.423183,78.0
4019,fe9e0b55-3601-4032-aecd-2578784f6335,2025-09-19,STR004,SKU1004,190,177.0,2025-11-04 11:16:19.423183,13.0
4020,fe9e0b55-3601-4032-aecd-2578784f6335,2025-09-19,STR004,SKU1005,130,191.0,2025-11-04 11:16:19.423183,61.0
4021,fe9e0b55-3601-4032-aecd-2578784f6335,2025-09-19,STR005,SKU1001,219,248.0,2025-11-04 11:16:19.423183,29.0
4022,fe9e0b55-3601-4032-aecd-2578784f6335,2025-09-19,STR005,SKU1002,292,210.0,2025-11-04 11:16:19.423183,82.0
4023,fe9e0b55-3601-4032-aecd-2578784f6335,2025-09-19,STR005,SKU1003,264,272.0,2025-11-04 11:16:19.423183,8.0
4024,fe9e0b55-3601-4032-aecd-2578784f6335,2025-09-19,STR005,SKU1004,175,213.0,2025-11-04 11:16:19.423183,38.0
4025,fe9e0b55-3601-4032-aecd-2578784f6335,2025-09-19,STR005,SKU1005,121,180.0,2025-11-04 11:16:19.423183,59.0
4026,fe9e0b55-3601-4032-aecd-2578784f6335,2025-09-19,STR006,SKU1001,64,59.0,2025-11-04 11:16:19.423183,5.0
4027,fe9e0b55-3601-4032-aecd-2578784f6335,2025-09-19,STR006,SKU1002,69,57.0,2025-11-04 11:16:19.423183,12.0
4028,fe9e0b55-3601-4032-aecd-2578784f6335,2025-09-19,STR006,SKU1003,61,70.0,2025-11-04 11:16:19.423183,9.0
4029,fe9e0b55-3601-4032-aecd-2578784f6335,2025-09-19,STR006,SKU1004,108,108.0,2025-11-04 11:16:19.423183,0.0
4030,fe9e0b55-3601-4032-aecd-2578784f6335,2025-09-19,STR006,SKU1005,108,99.0,2025-11-04 11:16:19.423183,9.0
4031,fe9e0b55-3601-4032-aecd-2578784f6335,2025-09-19,STR007,SKU1001,115,118.0,2025-11-04 11:16:19.423183,3.0
4032,fe9e0b55-3601-4032-aecd-2578784f6335,2025-09-19,STR007,SKU1002,126,119.0,2025-11-04 11:16:19.423183,7.0
4033,fe9e0b55-3601-4032-aecd-2578784f6335,2025-09-19,STR007,SKU1003,69,79.0,2025-11-04 11:16:19.423183,10.0
4034,fe9e0b55-3601-4032-aecd-2578784f6335,2025-09-19,STR007,SKU1004,46,66.0,2025-11-04 11:16:19.423183,20.0
4035,fe9e0b55-3601-4032-aecd-2578784f6335,2025-09-19,STR007,SKU1005,66,69.0,2025-11-04 11:16:19.423183,3.0
4036,fe9e0b55-3601-4032-aecd-2578784f6335,2025-09-19,STR008,SKU1001,91,97.0,2025-11-04 11:16:19.423183,6.0
4037,fe9e0b55-3601-4032-aecd-2578784f6335,2025-09-19,STR008,SKU1002,51,51.0,2025-11-04 11:16:19.423183,0.0
4038,fe9e0b55-3601-4032-aecd-2578784f6335,2025-09-19,STR008,SKU1003,89,86.0,2025-11-04 11:16:19.423183,3.0
4039,fe9e0b55-3601-4032-aecd-2578784f6335,2025-09-19,STR008,SKU1004,50,50.0,2025-11-04 11:16:19.423183,0.0
4040,fe9e0b55-3601-4032-aecd-2578784f6335,2025-09-19,STR008,SKU1005,62,53.0,2025-11-04 11:16:19.423183,9.0
4041,fe9e0b55-3601-4032-aecd-2578784f6335,2025-09-19,STR009,SKU1001,82,103.0,2025-11-04 11:16:19.423183,21.0
4042,fe9e0b55-3601-4032-aecd-2578784f6335,2025-09-19,STR009,SKU1002,80,74.0,2025-11-04 11:16:19.423183,6.0
4043,fe9e0b55-3601-4032-aecd-2578784f6335,2025-09-19,STR009,SKU1003,53,52.0,2025-11-04 11:16:19.423183,1.0
4044,fe9e0b55-3601-4032-aecd-2578784f6335,2025-09-19,STR009,SKU1004,58,58.0,2025-11-04 11:16:19.423183,0.0
4045,fe9e0b55-3601-4032-aecd-2578784f6335,2025-09-19,STR009,SKU1005,80,83.0,2025-11-04 11:16:19.423183,3.0
4046,fe9e0b55-3601-4032-aecd-2578784f6335,2025-09-19,STR010,SKU1001,83,92.0,2025-11-04 11:16:19.423183,9.0
4047,fe9e0b55-3601-4032-aecd-2578784f6335,2025-09-19,STR010,SKU1002,73,71.0,2025-11-04 11:16:19.423183,2.0
4048,fe9e0b55-3601-4032-aecd-2578784f6335,2025-09-19,STR010,SKU1003,103,119.0,2025-11-04 11:16:19.423183,16.0
4049,fe9e0b55-3601-4032-aecd-2578784f6335,2025-09-19,STR010,SKU1004,52,51.0,2025-11-04 11:16:19.423183,1.0
4050,fe9e0b55-3601-4032-aecd-2578784f6335,2025-09-19,STR010,SKU1005,98,115.0,2025-11-04 11:16:19.423183,17.0
4051,fe9e0b55-3601-4032-aecd-2578784f6335,2025-09-20,STR001,SKU1001,18,14.0,2025-11-04 11:16:19.423183,4.0
4052,fe9e0b55-3601-4032-aecd-2578784f6335,2025-09-20,STR001,SKU1002,20,20.0,2025-11-04 11:16:19.423183,0.0
4053,fe9e0b55-3601-4032-aecd-2578784f6335,2025-09-20,STR001,SKU1003,13,16.0,2025-11-04 11:16:19.423183,3.0
4054,fe9e0b55-3601-4032-aecd-2578784f6335,2025-09-20,STR001,SKU1004,5,5.0,2025-11-04 11:16:19.423183,0.0
4055,fe9e0b55-3601-4032-aecd-2578784f6335,2025-09-20,STR001,SKU1005,26,25.0,2025-11-04 11:16:19.423183,1.0
4056,fe9e0b55-3601-4032-aecd-2578784f6335,2025-09-20,STR002,SKU1001,13,12.0,2025-11-04 11:16:19.423183,1.0
4057,fe9e0b55-3601-4032-aecd-2578784f6335,2025-09-20,STR002,SKU1002,21,20.0,2025-11-04 11:16:19.423183,1.0
4058,fe9e0b55-3601-4032-aecd-2578784f6335,2025-09-20,STR002,SKU1003,20,22.0,2025-11-04 11:16:19.423183,2.0
4059,fe9e0b55-3601-4032-aecd-2578784f6335,2025-09-20,STR002,SKU1004,21,17.0,2025-11-04 11:16:19.423183,4.0
4060,fe9e0b55-3601-4032-aecd-2578784f6335,2025-09-20,STR002,SKU1005,17,19.0,2025-11-04 11:16:19.423183,2.0
4061,fe9e0b55-3601-4032-aecd-2578784f6335,2025-09-20,STR003,SKU1001,27,25.0,2025-11-04 11:16:19.423183,2.0
4062,fe9e0b55-3601-4032-aecd-2578784f6335,2025-09-20,STR003,SKU1002,15,16.0,2025-11-04 11:16:19.423183,1.0
4063,fe9e0b55-3601-4032-aecd-2578784f6335,2025-09-20,STR003,SKU1003,12,12.0,2025-11-04 11:16:19.423183,0.0
4064,fe9e0b55-3601-4032-aecd-2578784f6335,2025-09-20,STR003,SKU1004,11,14.0,2025-11-04 11:16:19.423183,3.0
4065,fe9e0b55-3601-4032-aecd-2578784f6335,2025-09-20,STR003,SKU1005,15,18.0,2025-11-04 11:16:19.423183,3.0
4066,fe9e0b55-3601-4032-aecd-2578784f6335,2025-09-20,STR004,SKU1001,217,218.0,2025-11-04 11:16:19.423183,1.0
4067,fe9e0b55-3601-4032-aecd-2578784f6335,2025-09-20,STR004,SKU1002,280,263.0,2025-11-04 11:16:19.423183,17.0
4068,fe9e0b55-3601-4032-aecd-2578784f6335,2025-09-20,STR004,SKU1003,320,296.0,2025-11-04 11:16:19.423183,24.0
4069,fe9e0b55-3601-4032-aecd-2578784f6335,2025-09-20,STR004,SKU1004,265,272.0,2025-11-04 11:16:19.423183,7.0
4070,fe9e0b55-3601-4032-aecd-2578784f6335,2025-09-20,STR004,SKU1005,307,288.0,2025-11-04 11:16:19.423183,19.0
4071,fe9e0b55-3601-4032-aecd-2578784f6335,2025-09-20,STR005,SKU1001,214,266.0,2025-11-04 11:16:19.423183,52.0
4072,fe9e0b55-3601-4032-aecd-2578784f6335,2025-09-20,STR005,SKU1002,197,192.0,2025-11-04 11:16:19.423183,5.0
4073,fe9e0b55-3601-4032-aecd-2578784f6335,2025-09-20,STR005,SKU1003,161,169.0,2025-11-04 11:16:19.423183,8.0
4074,fe9e0b55-3601-4032-aecd-2578784f6335,2025-09-20,STR005,SKU1004,288,297.0,2025-11-04 11:16:19.423183,9.0
4075,fe9e0b55-3601-4032-aecd-2578784f6335,2025-09-20,STR005,SKU1005,190,170.0,2025-11-04 11:16:19.423183,20.0
4076,fe9e0b55-3601-4032-aecd-2578784f6335,2025-09-20,STR006,SKU1001,116,106.0,2025-11-04 11:16:19.423183,10.0
4077,fe9e0b55-3601-4032-aecd-2578784f6335,2025-09-20,STR006,SKU1002,107,99.0,2025-11-04 11:16:19.423183,8.0
4078,fe9e0b55-3601-4032-aecd-2578784f6335,2025-09-20,STR006,SKU1003,89,75.0,2025-11-04 11:16:19.423183,14.0
4079,fe9e0b55-3601-4032-aecd-2578784f6335,2025-09-20,STR006,SKU1004,89,79.0,2025-11-04 11:16:19.423183,10.0
4080,fe9e0b55-3601-4032-aecd-2578784f6335,2025-09-20,STR006,SKU1005,66,80.0,2025-11-04 11:16:19.423183,14.0
4081,fe9e0b55-3601-4032-aecd-2578784f6335,2025-09-20,STR007,SKU1001,119,91.0,2025-11-04 11:16:19.423183,28.0
4082,fe9e0b55-3601-4032-aecd-2578784f6335,2025-09-20,STR007,SKU1002,128,117.0,2025-11-04 11:16:19.423183,11.0
4083,fe9e0b55-3601-4032-aecd-2578784f6335,2025-09-20,STR007,SKU1003,118,110.0,2025-11-04 11:16:19.423183,8.0
4084,fe9e0b55-3601-4032-aecd-2578784f6335,2025-09-20,STR007,SKU1004,90,110.0,2025-11-04 11:16:19.423183,20.0
4085,fe9e0b55-3601-4032-aecd-2578784f6335,2025-09-20,STR007,SKU1005,92,119.0,2025-11-04 11:16:19.423183,27.0
4086,fe9e0b55-3601-4032-aecd-2578784f6335,2025-09-20,STR008,SKU1001,131,117.0,2025-11-04 11:16:19.423183,14.0
4087,fe9e0b55-3601-4032-aecd-2578784f6335,2025-09-20,STR008,SKU1002,67,66.0,2025-11-04 11:16:19.423183,1.0
4088,fe9e0b55-3601-4032-aecd-2578784f6335,2025-09-20,STR008,SKU1003,79,68.0,2025-11-04 11:16:19.423183,11.0
4089,fe9e0b55-3601-4032-aecd-2578784f6335,2025-09-20,STR008,SKU1004,120,100.0,2025-11-04 11:16:19.423183,20.0
4090,fe9e0b55-3601-4032-aecd-2578784f6335,2025-09-20,STR008,SKU1005,117,119.0,2025-11-04 11:16:19.423183,2.0
4091,fe9e0b55-3601-4032-aecd-2578784f6335,2025-09-20,STR009,SKU1001,127,112.0,2025-11-04 11:16:19.423183,15.0
4092,fe9e0b55-3601-4032-aecd-2578784f6335,2025-09-20,STR009,SKU1002,62,79.0,2025-11-04 11:16:19.423183,17.0
4093,fe9e0b55-3601-4032-aecd-2578784f6335,2025-09-20,STR009,SKU1003,80,74.0,2025-11-04 11:16:19.423183,6.0
4094,fe9e0b55-3601-4032-aecd-2578784f6335,2025-09-20,STR009,SKU1004,69,75.0,2025-11-04 11:16:19.423183,6.0
4095,fe9e0b55-3601-4032-aecd-2578784f6335,2025-09-20,STR009,SKU1005,141,105.0,2025-11-04 11:16:19.423183,36.0
4096,fe9e0b55-3601-4032-aecd-2578784f6335,2025-09-20,STR010,SKU1001,75,71.0,2025-11-04 11:16:19.423183,4.0
4097,fe9e0b55-3601-4032-aecd-2578784f6335,2025-09-20,STR010,SKU1002,70,68.0,2025-11-04 11:16:19.423183,2.0
4098,fe9e0b55-3601-4032-aecd-2578784f6335,2025-09-20,STR010,SKU1003,93,80.0,2025-11-04 11:16:19.423183,13.0
4099,fe9e0b55-3601-4032-aecd-2578784f6335,2025-09-20,STR010,SKU1004,73,75.0,2025-11-04 11:16:19.423183,2.0
4100,fe9e0b55-3601-4032-aecd-2578784f6335,2025-09-20,STR010,SKU1005,94,91.0,2025-11-04 11:16:19.423183,3.0
4101,fe9e0b55-3601-4032-aecd-2578784f6335,2025-09-21,STR001,SKU1001,13,13.0,2025-11-04 11:16:19.423183,0.0
4102,fe9e0b55-3601-4032-aecd-2578784f6335,2025-09-21,STR001,SKU1002,7,8.0,2025-11-04 11:16:19.423183,1.0
4103,fe9e0b55-3601-4032-aecd-2578784f6335,2025-09-21,STR001,SKU1003,24,27.0,2025-11-04 11:16:19.423183,3.0
4104,fe9e0b55-3601-4032-aecd-2578784f6335,2025-09-21,STR001,SKU1004,17,19.0,2025-11-04 11:16:19.423183,2.0
4105,fe9e0b55-3601-4032-aecd-2578784f6335,2025-09-21,STR001,SKU1005,22,17.0,2025-11-04 11:16:19.423183,5.0
4106,fe9e0b55-3601-4032-aecd-2578784f6335,2025-09-21,STR002,SKU1001,28,29.0,2025-11-04 11:16:19.423183,1.0
4107,fe9e0b55-3601-4032-aecd-2578784f6335,2025-09-21,STR002,SKU1002,4,6.0,2025-11-04 11:16:19.423183,2.0
4108,fe9e0b55-3601-4032-aecd-2578784f6335,2025-09-21,STR002,SKU1003,7,6.0,2025-11-04 11:16:19.423183,1.0
4109,fe9e0b55-3601-4032-aecd-2578784f6335,2025-09-21,STR002,SKU1004,19,20.0,2025-11-04 11:16:19.423183,1.0
4110,fe9e0b55-3601-4032-aecd-2578784f6335,2025-09-21,STR002,SKU1005,11,13.0,2025-11-04 11:16:19.423183,2.0
4111,fe9e0b55-3601-4032-aecd-2578784f6335,2025-09-21,STR003,SKU1001,17,17.0,2025-11-04 11:16:19.423183,0.0
4112,fe9e0b55-3601-4032-aecd-2578784f6335,2025-09-21,STR003,SKU1002,8,7.0,2025-11-04 11:16:19.423183,1.0
4113,fe9e0b55-3601-4032-aecd-2578784f6335,2025-09-21,STR003,SKU1003,13,13.0,2025-11-04 11:16:19.423183,0.0
4114,fe9e0b55-3601-4032-aecd-2578784f6335,2025-09-21,STR003,SKU1004,23,17.0,2025-11-04 11:16:19.423183,6.0
4115,fe9e0b55-3601-4032-aecd-2578784f6335,2025-09-21,STR003,SKU1005,25,25.0,2025-11-04 11:16:19.423183,0.0
4116,fe9e0b55-3601-4032-aecd-2578784f6335,2025-09-21,STR004,SKU1001,281,208.0,2025-11-04 11:16:19.423183,73.0
4117,fe9e0b55-3601-4032-aecd-2578784f6335,2025-09-21,STR004,SKU1002,159,190.0,2025-11-04 11:16:19.423183,31.0
4118,fe9e0b55-3601-4032-aecd-2578784f6335,2025-09-21,STR004,SKU1003,270,261.0,2025-11-04 11:16:19.423183,9.0
4119,fe9e0b55-3601-4032-aecd-2578784f6335,2025-09-21,STR004,SKU1004,323,245.0,2025-11-04 11:16:19.423183,78.0
4120,fe9e0b55-3601-4032-aecd-2578784f6335,2025-09-21,STR004,SKU1005,282,271.0,2025-11-04 11:16:19.423183,11.0
4121,fe9e0b55-3601-4032-aecd-2578784f6335,2025-09-21,STR005,SKU1001,204,254.0,2025-11-04 11:16:19.423183,50.0
4122,fe9e0b55-3601-4032-aecd-2578784f6335,2025-09-21,STR005,SKU1002,226,223.0,2025-11-04 11:16:19.423183,3.0
4123,fe9e0b55-3601-4032-aecd-2578784f6335,2025-09-21,STR005,SKU1003,236,281.0,2025-11-04 11:16:19.423183,45.0
4124,fe9e0b55-3601-4032-aecd-2578784f6335,2025-09-21,STR005,SKU1004,301,248.0,2025-11-04 11:16:19.423183,53.0
4125,fe9e0b55-3601-4032-aecd-2578784f6335,2025-09-21,STR005,SKU1005,301,275.0,2025-11-04 11:16:19.423183,26.0
4126,fe9e0b55-3601-4032-aecd-2578784f6335,2025-09-21,STR006,SKU1001,57,59.0,2025-11-04 11:16:19.423183,2.0
4127,fe9e0b55-3601-4032-aecd-2578784f6335,2025-09-21,STR006,SKU1002,106,96.0,2025-11-04 11:16:19.423183,10.0
4128,fe9e0b55-3601-4032-aecd-2578784f6335,2025-09-21,STR006,SKU1003,55,63.0,2025-11-04 11:16:19.423183,8.0
4129,fe9e0b55-3601-4032-aecd-2578784f6335,2025-09-21,STR006,SKU1004,68,87.0,2025-11-04 11:16:19.423183,19.0
4130,fe9e0b55-3601-4032-aecd-2578784f6335,2025-09-21,STR006,SKU1005,58,61.0,2025-11-04 11:16:19.423183,3.0
4131,fe9e0b55-3601-4032-aecd-2578784f6335,2025-09-21,STR007,SKU1001,66,94.0,2025-11-04 11:16:19.423183,28.0
4132,fe9e0b55-3601-4032-aecd-2578784f6335,2025-09-21,STR007,SKU1002,56,66.0,2025-11-04 11:16:19.423183,10.0
4133,fe9e0b55-3601-4032-aecd-2578784f6335,2025-09-21,STR007,SKU1003,80,84.0,2025-11-04 11:16:19.423183,4.0
4134,fe9e0b55-3601-4032-aecd-2578784f6335,2025-09-21,STR007,SKU1004,115,115.0,2025-11-04 11:16:19.423183,0.0
4135,fe9e0b55-3601-4032-aecd-2578784f6335,2025-09-21,STR007,SKU1005,94,90.0,2025-11-04 11:16:19.423183,4.0
4136,fe9e0b55-3601-4032-aecd-2578784f6335,2025-09-21,STR008,SKU1001,121,116.0,2025-11-04 11:16:19.423183,5.0
4137,fe9e0b55-3601-4032-aecd-2578784f6335,2025-09-21,STR008,SKU1002,62,78.0,2025-11-04 11:16:19.423183,16.0
4138,fe9e0b55-3601-4032-aecd-2578784f6335,2025-09-21,STR008,SKU1003,57,67.0,2025-11-04 11:16:19.423183,10.0
4139,fe9e0b55-3601-4032-aecd-2578784f6335,2025-09-21,STR008,SKU1004,67,69.0,2025-11-04 11:16:19.423183,2.0
4140,fe9e0b55-3601-4032-aecd-2578784f6335,2025-09-21,STR008,SKU1005,57,63.0,2025-11-04 11:16:19.423183,6.0
4141,fe9e0b55-3601-4032-aecd-2578784f6335,2025-09-21,STR009,SKU1001,75,83.0,2025-11-04 11:16:19.423183,8.0
4142,fe9e0b55-3601-4032-aecd-2578784f6335,2025-09-21,STR009,SKU1002,106,98.0,2025-11-04 11:16:19.423183,8.0
4143,fe9e0b55-3601-4032-aecd-2578784f6335,2025-09-21,STR009,SKU1003,89,103.0,2025-11-04 11:16:19.423183,14.0
4144,fe9e0b55-3601-4032-aecd-2578784f6335,2025-09-21,STR009,SKU1004,73,80.0,2025-11-04 11:16:19.423183,7.0
4145,fe9e0b55-3601-4032-aecd-2578784f6335,2025-09-21,STR009,SKU1005,127,107.0,2025-11-04 11:16:19.423183,20.0
4146,fe9e0b55-3601-4032-aecd-2578784f6335,2025-09-21,STR010,SKU1001,93,91.0,2025-11-04 11:16:19.423183,2.0
4147,fe9e0b55-3601-4032-aecd-2578784f6335,2025-09-21,STR010,SKU1002,114,107.0,2025-11-04 11:16:19.423183,7.0
4148,fe9e0b55-3601-4032-aecd-2578784f6335,2025-09-21,STR010,SKU1003,89,79.0,2025-11-04 11:16:19.423183,10.0
4149,fe9e0b55-3601-4032-aecd-2578784f6335,2025-09-21,STR010,SKU1004,70,74.0,2025-11-04 11:16:19.423183,4.0
4150,fe9e0b55-3601-4032-aecd-2578784f6335,2025-09-21,STR010,SKU1005,143,112.0,2025-11-04 11:16:19.423183,31.0
4151,fe9e0b55-3601-4032-aecd-2578784f6335,2025-09-22,STR001,SKU1001,27,23.0,2025-11-04 11:16:19.423183,4.0
4152,fe9e0b55-3601-4032-aecd-2578784f6335,2025-09-22,STR001,SKU1002,12,12.0,2025-11-04 11:16:19.423183,0.0
4153,fe9e0b55-3601-4032-aecd-2578784f6335,2025-09-22,STR001,SKU1003,10,12.0,2025-11-04 11:16:19.423183,2.0
4154,fe9e0b55-3601-4032-aecd-2578784f6335,2025-09-22,STR001,SKU1004,5,7.0,2025-11-04 11:16:19.423183,2.0
4155,fe9e0b55-3601-4032-aecd-2578784f6335,2025-09-22,STR001,SKU1005,9,7.0,2025-11-04 11:16:19.423183,2.0
4156,fe9e0b55-3601-4032-aecd-2578784f6335,2025-09-22,STR002,SKU1001,14,16.0,2025-11-04 11:16:19.423183,2.0
4157,fe9e0b55-3601-4032-aecd-2578784f6335,2025-09-22,STR002,SKU1002,26,26.0,2025-11-04 11:16:19.423183,0.0
4158,fe9e0b55-3601-4032-aecd-2578784f6335,2025-09-22,STR002,SKU1003,23,21.0,2025-11-04 11:16:19.423183,2.0
4159,fe9e0b55-3601-4032-aecd-2578784f6335,2025-09-22,STR002,SKU1004,7,8.0,2025-11-04 11:16:19.423183,1.0
4160,fe9e0b55-3601-4032-aecd-2578784f6335,2025-09-22,STR002,SKU1005,26,21.0,2025-11-04 11:16:19.423183,5.0
4161,fe9e0b55-3601-4032-aecd-2578784f6335,2025-09-22,STR003,SKU1001,19,18.0,2025-11-04 11:16:19.423183,1.0
4162,fe9e0b55-3601-4032-aecd-2578784f6335,2025-09-22,STR003,SKU1002,31,23.0,2025-11-04 11:16:19.423183,8.0
4163,fe9e0b55-3601-4032-aecd-2578784f6335,2025-09-22,STR003,SKU1003,13,13.0,2025-11-04 11:16:19.423183,0.0
4164,fe9e0b55-3601-4032-aecd-2578784f6335,2025-09-22,STR003,SKU1004,20,25.0,2025-11-04 11:16:19.423183,5.0
4165,fe9e0b55-3601-4032-aecd-2578784f6335,2025-09-22,STR003,SKU1005,14,16.0,2025-11-04 11:16:19.423183,2.0
4166,fe9e0b55-3601-4032-aecd-2578784f6335,2025-09-22,STR004,SKU1001,349,288.0,2025-11-04 11:16:19.423183,61.0
4167,fe9e0b55-3601-4032-aecd-2578784f6335,2025-09-22,STR004,SKU1002,186,169.0,2025-11-04 11:16:19.423183,17.0
4168,fe9e0b55-3601-4032-aecd-2578784f6335,2025-09-22,STR004,SKU1003,215,184.0,2025-11-04 11:16:19.423183,31.0
4169,fe9e0b55-3601-4032-aecd-2578784f6335,2025-09-22,STR004,SKU1004,225,202.0,2025-11-04 11:16:19.423183,23.0
4170,fe9e0b55-3601-4032-aecd-2578784f6335,2025-09-22,STR004,SKU1005,245,259.0,2025-11-04 11:16:19.423183,14.0
4171,fe9e0b55-3601-4032-aecd-2578784f6335,2025-09-22,STR005,SKU1001,241,285.0,2025-11-04 11:16:19.423183,44.0
4172,fe9e0b55-3601-4032-aecd-2578784f6335,2025-09-22,STR005,SKU1002,168,153.0,2025-11-04 11:16:19.423183,15.0
4173,fe9e0b55-3601-4032-aecd-2578784f6335,2025-09-22,STR005,SKU1003,276,251.0,2025-11-04 11:16:19.423183,25.0
4174,fe9e0b55-3601-4032-aecd-2578784f6335,2025-09-22,STR005,SKU1004,208,196.0,2025-11-04 11:16:19.423183,12.0
4175,fe9e0b55-3601-4032-aecd-2578784f6335,2025-09-22,STR005,SKU1005,258,243.0,2025-11-04 11:16:19.423183,15.0
4176,fe9e0b55-3601-4032-aecd-2578784f6335,2025-09-22,STR006,SKU1001,80,93.0,2025-11-04 11:16:19.423183,13.0
4177,fe9e0b55-3601-4032-aecd-2578784f6335,2025-09-22,STR006,SKU1002,70,97.0,2025-11-04 11:16:19.423183,27.0
4178,fe9e0b55-3601-4032-aecd-2578784f6335,2025-09-22,STR006,SKU1003,92,101.0,2025-11-04 11:16:19.423183,9.0
4179,fe9e0b55-3601-4032-aecd-2578784f6335,2025-09-22,STR006,SKU1004,103,117.0,2025-11-04 11:16:19.423183,14.0
4180,fe9e0b55-3601-4032-aecd-2578784f6335,2025-09-22,STR006,SKU1005,42,60.0,2025-11-04 11:16:19.423183,18.0
4181,fe9e0b55-3601-4032-aecd-2578784f6335,2025-09-22,STR007,SKU1001,46,53.0,2025-11-04 11:16:19.423183,7.0
4182,fe9e0b55-3601-4032-aecd-2578784f6335,2025-09-22,STR007,SKU1002,84,97.0,2025-11-04 11:16:19.423183,13.0
4183,fe9e0b55-3601-4032-aecd-2578784f6335,2025-09-22,STR007,SKU1003,73,75.0,2025-11-04 11:16:19.423183,2.0
4184,fe9e0b55-3601-4032-aecd-2578784f6335,2025-09-22,STR007,SKU1004,87,88.0,2025-11-04 11:16:19.423183,1.0
4185,fe9e0b55-3601-4032-aecd-2578784f6335,2025-09-22,STR007,SKU1005,106,107.0,2025-11-04 11:16:19.423183,1.0
4186,fe9e0b55-3601-4032-aecd-2578784f6335,2025-09-22,STR008,SKU1001,78,68.0,2025-11-04 11:16:19.423183,10.0
4187,fe9e0b55-3601-4032-aecd-2578784f6335,2025-09-22,STR008,SKU1002,116,107.0,2025-11-04 11:16:19.423183,9.0
4188,fe9e0b55-3601-4032-aecd-2578784f6335,2025-09-22,STR008,SKU1003,55,77.0,2025-11-04 11:16:19.423183,22.0
4189,fe9e0b55-3601-4032-aecd-2578784f6335,2025-09-22,STR008,SKU1004,107,115.0,2025-11-04 11:16:19.423183,8.0
4190,fe9e0b55-3601-4032-aecd-2578784f6335,2025-09-22,STR008,SKU1005,67,59.0,2025-11-04 11:16:19.423183,8.0
4191,fe9e0b55-3601-4032-aecd-2578784f6335,2025-09-22,STR009,SKU1001,108,107.0,2025-11-04 11:16:19.423183,1.0
4192,fe9e0b55-3601-4032-aecd-2578784f6335,2025-09-22,STR009,SKU1002,59,63.0,2025-11-04 11:16:19.423183,4.0
4193,fe9e0b55-3601-4032-aecd-2578784f6335,2025-09-22,STR009,SKU1003,54,64.0,2025-11-04 11:16:19.423183,10.0
4194,fe9e0b55-3601-4032-aecd-2578784f6335,2025-09-22,STR009,SKU1004,100,82.0,2025-11-04 11:16:19.423183,18.0
4195,fe9e0b55-3601-4032-aecd-2578784f6335,2025-09-22,STR009,SKU1005,68,66.0,2025-11-04 11:16:19.423183,2.0
4196,fe9e0b55-3601-4032-aecd-2578784f6335,2025-09-22,STR010,SKU1001,72,73.0,2025-11-04 11:16:19.423183,1.0
4197,fe9e0b55-3601-4032-aecd-2578784f6335,2025-09-22,STR010,SKU1002,76,79.0,2025-11-04 11:16:19.423183,3.0
4198,fe9e0b55-3601-4032-aecd-2578784f6335,2025-09-22,STR010,SKU1003,107,111.0,2025-11-04 11:16:19.423183,4.0
4199,fe9e0b55-3601-4032-aecd-2578784f6335,2025-09-22,STR010,SKU1004,76,62.0,2025-11-04 11:16:19.423183,14.0
4200,fe9e0b55-3601-4032-aecd-2578784f6335,2025-09-22,STR010,SKU1005,86,111.0,2025-11-04 11:16:19.423183,25.0
4201,fe9e0b55-3601-4032-aecd-2578784f6335,2025-09-23,STR001,SKU1001,17,19.0,2025-11-04 11:16:19.423183,2.0
4202,fe9e0b55-3601-4032-aecd-2578784f6335,2025-09-23,STR001,SKU1002,17,20.0,2025-11-04 11:16:19.423183,3.0
4203,fe9e0b55-3601-4032-aecd-2578784f6335,2025-09-23,STR001,SKU1003,21,20.0,2025-11-04 11:16:19.423183,1.0
4204,fe9e0b55-3601-4032-aecd-2578784f6335,2025-09-23,STR001,SKU1004,6,6.0,2025-11-04 11:16:19.423183,0.0
4205,fe9e0b55-3601-4032-aecd-2578784f6335,2025-09-23,STR001,SKU1005,17,21.0,2025-11-04 11:16:19.423183,4.0
4206,fe9e0b55-3601-4032-aecd-2578784f6335,2025-09-23,STR002,SKU1001,16,15.0,2025-11-04 11:16:19.423183,1.0
4207,fe9e0b55-3601-4032-aecd-2578784f6335,2025-09-23,STR002,SKU1002,12,12.0,2025-11-04 11:16:19.423183,0.0
4208,fe9e0b55-3601-4032-aecd-2578784f6335,2025-09-23,STR002,SKU1003,12,24.0,2025-11-04 11:16:19.423183,12.0
4209,fe9e0b55-3601-4032-aecd-2578784f6335,2025-09-23,STR002,SKU1004,7,7.0,2025-11-04 11:16:19.423183,0.0
4210,fe9e0b55-3601-4032-aecd-2578784f6335,2025-09-23,STR002,SKU1005,16,16.0,2025-11-04 11:16:19.423183,0.0
4211,fe9e0b55-3601-4032-aecd-2578784f6335,2025-09-23,STR003,SKU1001,25,24.0,2025-11-04 11:16:19.423183,1.0
4212,fe9e0b55-3601-4032-aecd-2578784f6335,2025-09-23,STR003,SKU1002,21,20.0,2025-11-04 11:16:19.423183,1.0
4213,fe9e0b55-3601-4032-aecd-2578784f6335,2025-09-23,STR003,SKU1003,18,18.0,2025-11-04 11:16:19.423183,0.0
4214,fe9e0b55-3601-4032-aecd-2578784f6335,2025-09-23,STR003,SKU1004,22,20.0,2025-11-04 11:16:19.423183,2.0
4215,fe9e0b55-3601-4032-aecd-2578784f6335,2025-09-23,STR003,SKU1005,34,25.0,2025-11-04 11:16:19.423183,9.0
4216,fe9e0b55-3601-4032-aecd-2578784f6335,2025-09-23,STR004,SKU1001,161,212.0,2025-11-04 11:16:19.423183,51.0
4217,fe9e0b55-3601-4032-aecd-2578784f6335,2025-09-23,STR004,SKU1002,185,198.0,2025-11-04 11:16:19.423183,13.0
4218,fe9e0b55-3601-4032-aecd-2578784f6335,2025-09-23,STR004,SKU1003,234,200.0,2025-11-04 11:16:19.423183,34.0
4219,fe9e0b55-3601-4032-aecd-2578784f6335,2025-09-23,STR004,SKU1004,178,182.0,2025-11-04 11:16:19.423183,4.0
4220,fe9e0b55-3601-4032-aecd-2578784f6335,2025-09-23,STR004,SKU1005,193,179.0,2025-11-04 11:16:19.423183,14.0
4221,fe9e0b55-3601-4032-aecd-2578784f6335,2025-09-23,STR005,SKU1001,265,225.0,2025-11-04 11:16:19.423183,40.0
4222,fe9e0b55-3601-4032-aecd-2578784f6335,2025-09-23,STR005,SKU1002,176,164.0,2025-11-04 11:16:19.423183,12.0
4223,fe9e0b55-3601-4032-aecd-2578784f6335,2025-09-23,STR005,SKU1003,232,231.0,2025-11-04 11:16:19.423183,1.0
4224,fe9e0b55-3601-4032-aecd-2578784f6335,2025-09-23,STR005,SKU1004,242,241.0,2025-11-04 11:16:19.423183,1.0
4225,fe9e0b55-3601-4032-aecd-2578784f6335,2025-09-23,STR005,SKU1005,165,172.0,2025-11-04 11:16:19.423183,7.0
4226,fe9e0b55-3601-4032-aecd-2578784f6335,2025-09-23,STR006,SKU1001,119,94.0,2025-11-04 11:16:19.423183,25.0
4227,fe9e0b55-3601-4032-aecd-2578784f6335,2025-09-23,STR006,SKU1002,119,111.0,2025-11-04 11:16:19.423183,8.0
4228,fe9e0b55-3601-4032-aecd-2578784f6335,2025-09-23,STR006,SKU1003,62,64.0,2025-11-04 11:16:19.423183,2.0
4229,fe9e0b55-3601-4032-aecd-2578784f6335,2025-09-23,STR006,SKU1004,79,95.0,2025-11-04 11:16:19.423183,16.0
4230,fe9e0b55-3601-4032-aecd-2578784f6335,2025-09-23,STR006,SKU1005,118,113.0,2025-11-04 11:16:19.423183,5.0
4231,fe9e0b55-3601-4032-aecd-2578784f6335,2025-09-23,STR007,SKU1001,86,95.0,2025-11-04 11:16:19.423183,9.0
4232,fe9e0b55-3601-4032-aecd-2578784f6335,2025-09-23,STR007,SKU1002,113,105.0,2025-11-04 11:16:19.423183,8.0
4233,fe9e0b55-3601-4032-aecd-2578784f6335,2025-09-23,STR007,SKU1003,97,93.0,2025-11-04 11:16:19.423183,4.0
4234,fe9e0b55-3601-4032-aecd-2578784f6335,2025-09-23,STR007,SKU1004,83,78.0,2025-11-04 11:16:19.423183,5.0
4235,fe9e0b55-3601-4032-aecd-2578784f6335,2025-09-23,STR007,SKU1005,154,111.0,2025-11-04 11:16:19.423183,43.0
4236,fe9e0b55-3601-4032-aecd-2578784f6335,2025-09-23,STR008,SKU1001,128,101.0,2025-11-04 11:16:19.423183,27.0
4237,fe9e0b55-3601-4032-aecd-2578784f6335,2025-09-23,STR008,SKU1002,92,103.0,2025-11-04 11:16:19.423183,11.0
4238,fe9e0b55-3601-4032-aecd-2578784f6335,2025-09-23,STR008,SKU1003,109,106.0,2025-11-04 11:16:19.423183,3.0
4239,fe9e0b55-3601-4032-aecd-2578784f6335,2025-09-23,STR008,SKU1004,108,115.0,2025-11-04 11:16:19.423183,7.0
4240,fe9e0b55-3601-4032-aecd-2578784f6335,2025-09-23,STR008,SKU1005,75,71.0,2025-11-04 11:16:19.423183,4.0
4241,fe9e0b55-3601-4032-aecd-2578784f6335,2025-09-23,STR009,SKU1001,53,69.0,2025-11-04 11:16:19.423183,16.0
4242,fe9e0b55-3601-4032-aecd-2578784f6335,2025-09-23,STR009,SKU1002,85,82.0,2025-11-04 11:16:19.423183,3.0
4243,fe9e0b55-3601-4032-aecd-2578784f6335,2025-09-23,STR009,SKU1003,87,74.0,2025-11-04 11:16:19.423183,13.0
4244,fe9e0b55-3601-4032-aecd-2578784f6335,2025-09-23,STR009,SKU1004,94,95.0,2025-11-04 11:16:19.423183,1.0
4245,fe9e0b55-3601-4032-aecd-2578784f6335,2025-09-23,STR009,SKU1005,115,106.0,2025-11-04 11:16:19.423183,9.0
4246,fe9e0b55-3601-4032-aecd-2578784f6335,2025-09-23,STR010,SKU1001,50,54.0,2025-11-04 11:16:19.423183,4.0
4247,fe9e0b55-3601-4032-aecd-2578784f6335,2025-09-23,STR010,SKU1002,87,104.0,2025-11-04 11:16:19.423183,17.0
4248,fe9e0b55-3601-4032-aecd-2578784f6335,2025-09-23,STR010,SKU1003,123,110.0,2025-11-04 11:16:19.423183,13.0
4249,fe9e0b55-3601-4032-aecd-2578784f6335,2025-09-23,STR010,SKU1004,63,57.0,2025-11-04 11:16:19.423183,6.0
4250,fe9e0b55-3601-4032-aecd-2578784f6335,2025-09-23,STR010,SKU1005,39,65.0,2025-11-04 11:16:19.423183,26.0
4251,fe9e0b55-3601-4032-aecd-2578784f6335,2025-09-24,STR001,SKU1001,25,26.0,2025-11-04 11:16:19.423183,1.0
4252,fe9e0b55-3601-4032-aecd-2578784f6335,2025-09-24,STR001,SKU1002,19,20.0,2025-11-04 11:16:19.423183,1.0
4253,fe9e0b55-3601-4032-aecd-2578784f6335,2025-09-24,STR001,SKU1003,13,17.0,2025-11-04 11:16:19.423183,4.0
4254,fe9e0b55-3601-4032-aecd-2578784f6335,2025-09-24,STR001,SKU1004,25,24.0,2025-11-04 11:16:19.423183,1.0
4255,fe9e0b55-3601-4032-aecd-2578784f6335,2025-09-24,STR001,SKU1005,17,19.0,2025-11-04 11:16:19.423183,2.0
4256,fe9e0b55-3601-4032-aecd-2578784f6335,2025-09-24,STR002,SKU1001,6,5.0,2025-11-04 11:16:19.423183,1.0
4257,fe9e0b55-3601-4032-aecd-2578784f6335,2025-09-24,STR002,SKU1002,20,26.0,2025-11-04 11:16:19.423183,6.0
4258,fe9e0b55-3601-4032-aecd-2578784f6335,2025-09-24,STR002,SKU1003,7,7.0,2025-11-04 11:16:19.423183,0.0
4259,fe9e0b55-3601-4032-aecd-2578784f6335,2025-09-24,STR002,SKU1004,11,10.0,2025-11-04 11:16:19.423183,1.0
4260,fe9e0b55-3601-4032-aecd-2578784f6335,2025-09-24,STR002,SKU1005,23,26.0,2025-11-04 11:16:19.423183,3.0
4261,fe9e0b55-3601-4032-aecd-2578784f6335,2025-09-24,STR003,SKU1001,14,18.0,2025-11-04 11:16:19.423183,4.0
4262,fe9e0b55-3601-4032-aecd-2578784f6335,2025-09-24,STR003,SKU1002,6,8.0,2025-11-04 11:16:19.423183,2.0
4263,fe9e0b55-3601-4032-aecd-2578784f6335,2025-09-24,STR003,SKU1003,19,22.0,2025-11-04 11:16:19.423183,3.0
4264,fe9e0b55-3601-4032-aecd-2578784f6335,2025-09-24,STR003,SKU1004,21,19.0,2025-11-04 11:16:19.423183,2.0
4265,fe9e0b55-3601-4032-aecd-2578784f6335,2025-09-24,STR003,SKU1005,15,13.0,2025-11-04 11:16:19.423183,2.0
4266,fe9e0b55-3601-4032-aecd-2578784f6335,2025-09-24,STR004,SKU1001,216,231.0,2025-11-04 11:16:19.423183,15.0
4267,fe9e0b55-3601-4032-aecd-2578784f6335,2025-09-24,STR004,SKU1002,206,216.0,2025-11-04 11:16:19.423183,10.0
4268,fe9e0b55-3601-4032-aecd-2578784f6335,2025-09-24,STR004,SKU1003,173,159.0,2025-11-04 11:16:19.423183,14.0
4269,fe9e0b55-3601-4032-aecd-2578784f6335,2025-09-24,STR004,SKU1004,203,198.0,2025-11-04 11:16:19.423183,5.0
4270,fe9e0b55-3601-4032-aecd-2578784f6335,2025-09-24,STR004,SKU1005,270,260.0,2025-11-04 11:16:19.423183,10.0
4271,fe9e0b55-3601-4032-aecd-2578784f6335,2025-09-24,STR005,SKU1001,249,214.0,2025-11-04 11:16:19.423183,35.0
4272,fe9e0b55-3601-4032-aecd-2578784f6335,2025-09-24,STR005,SKU1002,228,206.0,2025-11-04 11:16:19.423183,22.0
4273,fe9e0b55-3601-4032-aecd-2578784f6335,2025-09-24,STR005,SKU1003,157,176.0,2025-11-04 11:16:19.423183,19.0
4274,fe9e0b55-3601-4032-aecd-2578784f6335,2025-09-24,STR005,SKU1004,284,262.0,2025-11-04 11:16:19.423183,22.0
4275,fe9e0b55-3601-4032-aecd-2578784f6335,2025-09-24,STR005,SKU1005,243,282.0,2025-11-04 11:16:19.423183,39.0
4276,fe9e0b55-3601-4032-aecd-2578784f6335,2025-09-24,STR006,SKU1001,94,106.0,2025-11-04 11:16:19.423183,12.0
4277,fe9e0b55-3601-4032-aecd-2578784f6335,2025-09-24,STR006,SKU1002,73,64.0,2025-11-04 11:16:19.423183,9.0
4278,fe9e0b55-3601-4032-aecd-2578784f6335,2025-09-24,STR006,SKU1003,85,79.0,2025-11-04 11:16:19.423183,6.0
4279,fe9e0b55-3601-4032-aecd-2578784f6335,2025-09-24,STR006,SKU1004,58,69.0,2025-11-04 11:16:19.423183,11.0
4280,fe9e0b55-3601-4032-aecd-2578784f6335,2025-09-24,STR006,SKU1005,90,86.0,2025-11-04 11:16:19.423183,4.0
4281,fe9e0b55-3601-4032-aecd-2578784f6335,2025-09-24,STR007,SKU1001,44,52.0,2025-11-04 11:16:19.423183,8.0
4282,fe9e0b55-3601-4032-aecd-2578784f6335,2025-09-24,STR007,SKU1002,105,90.0,2025-11-04 11:16:19.423183,15.0
4283,fe9e0b55-3601-4032-aecd-2578784f6335,2025-09-24,STR007,SKU1003,84,88.0,2025-11-04 11:16:19.423183,4.0
4284,fe9e0b55-3601-4032-aecd-2578784f6335,2025-09-24,STR007,SKU1004,90,75.0,2025-11-04 11:16:19.423183,15.0
4285,fe9e0b55-3601-4032-aecd-2578784f6335,2025-09-24,STR007,SKU1005,52,51.0,2025-11-04 11:16:19.423183,1.0
4286,fe9e0b55-3601-4032-aecd-2578784f6335,2025-09-24,STR008,SKU1001,70,72.0,2025-11-04 11:16:19.423183,2.0
4287,fe9e0b55-3601-4032-aecd-2578784f6335,2025-09-24,STR008,SKU1002,72,72.0,2025-11-04 11:16:19.423183,0.0
4288,fe9e0b55-3601-4032-aecd-2578784f6335,2025-09-24,STR008,SKU1003,55,65.0,2025-11-04 11:16:19.423183,10.0
4289,fe9e0b55-3601-4032-aecd-2578784f6335,2025-09-24,STR008,SKU1004,75,58.0,2025-11-04 11:16:19.423183,17.0
4290,fe9e0b55-3601-4032-aecd-2578784f6335,2025-09-24,STR008,SKU1005,55,62.0,2025-11-04 11:16:19.423183,7.0
4291,fe9e0b55-3601-4032-aecd-2578784f6335,2025-09-24,STR009,SKU1001,66,77.0,2025-11-04 11:16:19.423183,11.0
4292,fe9e0b55-3601-4032-aecd-2578784f6335,2025-09-24,STR009,SKU1002,85,76.0,2025-11-04 11:16:19.423183,9.0
4293,fe9e0b55-3601-4032-aecd-2578784f6335,2025-09-24,STR009,SKU1003,123,100.0,2025-11-04 11:16:19.423183,23.0
4294,fe9e0b55-3601-4032-aecd-2578784f6335,2025-09-24,STR009,SKU1004,138,113.0,2025-11-04 11:16:19.423183,25.0
4295,fe9e0b55-3601-4032-aecd-2578784f6335,2025-09-24,STR009,SKU1005,94,101.0,2025-11-04 11:16:19.423183,7.0
4296,fe9e0b55-3601-4032-aecd-2578784f6335,2025-09-24,STR010,SKU1001,96,87.0,2025-11-04 11:16:19.423183,9.0
4297,fe9e0b55-3601-4032-aecd-2578784f6335,2025-09-24,STR010,SKU1002,128,114.0,2025-11-04 11:16:19.423183,14.0
4298,fe9e0b55-3601-4032-aecd-2578784f6335,2025-09-24,STR010,SKU1003,74,67.0,2025-11-04 11:16:19.423183,7.0
4299,fe9e0b55-3601-4032-aecd-2578784f6335,2025-09-24,STR010,SKU1004,118,112.0,2025-11-04 11:16:19.423183,6.0
4300,fe9e0b55-3601-4032-aecd-2578784f6335,2025-09-24,STR010,SKU1005,87,100.0,2025-11-04 11:16:19.423183,13.0
4301,fe9e0b55-3601-4032-aecd-2578784f6335,2025-09-25,STR001,SKU1001,13,13.0,2025-11-04 11:16:19.423183,0.0
4302,fe9e0b55-3601-4032-aecd-2578784f6335,2025-09-25,STR001,SKU1002,18,17.0,2025-11-04 11:16:19.423183,1.0
4303,fe9e0b55-3601-4032-aecd-2578784f6335,2025-09-25,STR001,SKU1003,10,12.0,2025-11-04 11:16:19.423183,2.0
4304,fe9e0b55-3601-4032-aecd-2578784f6335,2025-09-25,STR001,SKU1004,28,27.0,2025-11-04 11:16:19.423183,1.0
4305,fe9e0b55-3601-4032-aecd-2578784f6335,2025-09-25,STR001,SKU1005,16,17.0,2025-11-04 11:16:19.423183,1.0
4306,fe9e0b55-3601-4032-aecd-2578784f6335,2025-09-25,STR002,SKU1001,18,19.0,2025-11-04 11:16:19.423183,1.0
4307,fe9e0b55-3601-4032-aecd-2578784f6335,2025-09-25,STR002,SKU1002,17,15.0,2025-11-04 11:16:19.423183,2.0
4308,fe9e0b55-3601-4032-aecd-2578784f6335,2025-09-25,STR002,SKU1003,19,16.0,2025-11-04 11:16:19.423183,3.0
4309,fe9e0b55-3601-4032-aecd-2578784f6335,2025-09-25,STR002,SKU1004,19,18.0,2025-11-04 11:16:19.423183,1.0
4310,fe9e0b55-3601-4032-aecd-2578784f6335,2025-09-25,STR002,SKU1005,9,8.0,2025-11-04 11:16:19.423183,1.0
4311,fe9e0b55-3601-4032-aecd-2578784f6335,2025-09-25,STR003,SKU1001,6,5.0,2025-11-04 11:16:19.423183,1.0
4312,fe9e0b55-3601-4032-aecd-2578784f6335,2025-09-25,STR003,SKU1002,30,28.0,2025-11-04 11:16:19.423183,2.0
4313,fe9e0b55-3601-4032-aecd-2578784f6335,2025-09-25,STR003,SKU1003,9,8.0,2025-11-04 11:16:19.423183,1.0
4314,fe9e0b55-3601-4032-aecd-2578784f6335,2025-09-25,STR003,SKU1004,24,23.0,2025-11-04 11:16:19.423183,1.0
4315,fe9e0b55-3601-4032-aecd-2578784f6335,2025-09-25,STR003,SKU1005,12,13.0,2025-11-04 11:16:19.423183,1.0
4316,fe9e0b55-3601-4032-aecd-2578784f6335,2025-09-25,STR004,SKU1001,180,159.0,2025-11-04 11:16:19.423183,21.0
4317,fe9e0b55-3601-4032-aecd-2578784f6335,2025-09-25,STR004,SKU1002,290,249.0,2025-11-04 11:16:19.423183,41.0
4318,fe9e0b55-3601-4032-aecd-2578784f6335,2025-09-25,STR004,SKU1003,369,297.0,2025-11-04 11:16:19.423183,72.0
4319,fe9e0b55-3601-4032-aecd-2578784f6335,2025-09-25,STR004,SKU1004,269,258.0,2025-11-04 11:16:19.423183,11.0
4320,fe9e0b55-3601-4032-aecd-2578784f6335,2025-09-25,STR004,SKU1005,290,257.0,2025-11-04 11:16:19.423183,33.0
4321,fe9e0b55-3601-4032-aecd-2578784f6335,2025-09-25,STR005,SKU1001,230,289.0,2025-11-04 11:16:19.423183,59.0
4322,fe9e0b55-3601-4032-aecd-2578784f6335,2025-09-25,STR005,SKU1002,293,295.0,2025-11-04 11:16:19.423183,2.0
4323,fe9e0b55-3601-4032-aecd-2578784f6335,2025-09-25,STR005,SKU1003,173,243.0,2025-11-04 11:16:19.423183,70.0
4324,fe9e0b55-3601-4032-aecd-2578784f6335,2025-09-25,STR005,SKU1004,227,212.0,2025-11-04 11:16:19.423183,15.0
4325,fe9e0b55-3601-4032-aecd-2578784f6335,2025-09-25,STR005,SKU1005,251,233.0,2025-11-04 11:16:19.423183,18.0
4326,fe9e0b55-3601-4032-aecd-2578784f6335,2025-09-25,STR006,SKU1001,61,74.0,2025-11-04 11:16:19.423183,13.0
4327,fe9e0b55-3601-4032-aecd-2578784f6335,2025-09-25,STR006,SKU1002,67,61.0,2025-11-04 11:16:19.423183,6.0
4328,fe9e0b55-3601-4032-aecd-2578784f6335,2025-09-25,STR006,SKU1003,68,70.0,2025-11-04 11:16:19.423183,2.0
4329,fe9e0b55-3601-4032-aecd-2578784f6335,2025-09-25,STR006,SKU1004,71,74.0,2025-11-04 11:16:19.423183,3.0
4330,fe9e0b55-3601-4032-aecd-2578784f6335,2025-09-25,STR006,SKU1005,59,60.0,2025-11-04 11:16:19.423183,1.0
4331,fe9e0b55-3601-4032-aecd-2578784f6335,2025-09-25,STR007,SKU1001,110,113.0,2025-11-04 11:16:19.423183,3.0
4332,fe9e0b55-3601-4032-aecd-2578784f6335,2025-09-25,STR007,SKU1002,89,99.0,2025-11-04 11:16:19.423183,10.0
4333,fe9e0b55-3601-4032-aecd-2578784f6335,2025-09-25,STR007,SKU1003,119,111.0,2025-11-04 11:16:19.423183,8.0
4334,fe9e0b55-3601-4032-aecd-2578784f6335,2025-09-25,STR007,SKU1004,107,98.0,2025-11-04 11:16:19.423183,9.0
4335,fe9e0b55-3601-4032-aecd-2578784f6335,2025-09-25,STR007,SKU1005,72,63.0,2025-11-04 11:16:19.423183,9.0
4336,fe9e0b55-3601-4032-aecd-2578784f6335,2025-09-25,STR008,SKU1001,47,50.0,2025-11-04 11:16:19.423183,3.0
4337,fe9e0b55-3601-4032-aecd-2578784f6335,2025-09-25,STR008,SKU1002,82,74.0,2025-11-04 11:16:19.423183,8.0
4338,fe9e0b55-3601-4032-aecd-2578784f6335,2025-09-25,STR008,SKU1003,97,108.0,2025-11-04 11:16:19.423183,11.0
4339,fe9e0b55-3601-4032-aecd-2578784f6335,2025-09-25,STR008,SKU1004,145,118.0,2025-11-04 11:16:19.423183,27.0
4340,fe9e0b55-3601-4032-aecd-2578784f6335,2025-09-25,STR008,SKU1005,39,54.0,2025-11-04 11:16:19.423183,15.0
4341,fe9e0b55-3601-4032-aecd-2578784f6335,2025-09-25,STR009,SKU1001,60,68.0,2025-11-04 11:16:19.423183,8.0
4342,fe9e0b55-3601-4032-aecd-2578784f6335,2025-09-25,STR009,SKU1002,68,72.0,2025-11-04 11:16:19.423183,4.0
4343,fe9e0b55-3601-4032-aecd-2578784f6335,2025-09-25,STR009,SKU1003,53,58.0,2025-11-04 11:16:19.423183,5.0
4344,fe9e0b55-3601-4032-aecd-2578784f6335,2025-09-25,STR009,SKU1004,104,99.0,2025-11-04 11:16:19.423183,5.0
4345,fe9e0b55-3601-4032-aecd-2578784f6335,2025-09-25,STR009,SKU1005,70,65.0,2025-11-04 11:16:19.423183,5.0
4346,fe9e0b55-3601-4032-aecd-2578784f6335,2025-09-25,STR010,SKU1001,67,82.0,2025-11-04 11:16:19.423183,15.0
4347,fe9e0b55-3601-4032-aecd-2578784f6335,2025-09-25,STR010,SKU1002,51,51.0,2025-11-04 11:16:19.423183,0.0
4348,fe9e0b55-3601-4032-aecd-2578784f6335,2025-09-25,STR010,SKU1003,49,63.0,2025-11-04 11:16:19.423183,14.0
4349,fe9e0b55-3601-4032-aecd-2578784f6335,2025-09-25,STR010,SKU1004,56,50.0,2025-11-04 11:16:19.423183,6.0
4350,fe9e0b55-3601-4032-aecd-2578784f6335,2025-09-25,STR010,SKU1005,121,107.0,2025-11-04 11:16:19.423183,14.0
4351,fe9e0b55-3601-4032-aecd-2578784f6335,2025-09-26,STR001,SKU1001,27,29.0,2025-11-04 11:16:19.423183,2.0
4352,fe9e0b55-3601-4032-aecd-2578784f6335,2025-09-26,STR001,SKU1002,18,20.0,2025-11-04 11:16:19.423183,2.0
4353,fe9e0b55-3601-4032-aecd-2578784f6335,2025-09-26,STR001,SKU1003,18,19.0,2025-11-04 11:16:19.423183,1.0
4354,fe9e0b55-3601-4032-aecd-2578784f6335,2025-09-26,STR001,SKU1004,20,19.0,2025-11-04 11:16:19.423183,1.0
4355,fe9e0b55-3601-4032-aecd-2578784f6335,2025-09-26,STR001,SKU1005,10,16.0,2025-11-04 11:16:19.423183,6.0
4356,fe9e0b55-3601-4032-aecd-2578784f6335,2025-09-26,STR002,SKU1001,17,20.0,2025-11-04 11:16:19.423183,3.0
4357,fe9e0b55-3601-4032-aecd-2578784f6335,2025-09-26,STR002,SKU1002,20,18.0,2025-11-04 11:16:19.423183,2.0
4358,fe9e0b55-3601-4032-aecd-2578784f6335,2025-09-26,STR002,SKU1003,29,28.0,2025-11-04 11:16:19.423183,1.0
4359,fe9e0b55-3601-4032-aecd-2578784f6335,2025-09-26,STR002,SKU1004,14,19.0,2025-11-04 11:16:19.423183,5.0
4360,fe9e0b55-3601-4032-aecd-2578784f6335,2025-09-26,STR002,SKU1005,25,27.0,2025-11-04 11:16:19.423183,2.0
4361,fe9e0b55-3601-4032-aecd-2578784f6335,2025-09-26,STR003,SKU1001,18,19.0,2025-11-04 11:16:19.423183,1.0
4362,fe9e0b55-3601-4032-aecd-2578784f6335,2025-09-26,STR003,SKU1002,21,23.0,2025-11-04 11:16:19.423183,2.0
4363,fe9e0b55-3601-4032-aecd-2578784f6335,2025-09-26,STR003,SKU1003,9,12.0,2025-11-04 11:16:19.423183,3.0
4364,fe9e0b55-3601-4032-aecd-2578784f6335,2025-09-26,STR003,SKU1004,5,6.0,2025-11-04 11:16:19.423183,1.0
4365,fe9e0b55-3601-4032-aecd-2578784f6335,2025-09-26,STR003,SKU1005,5,6.0,2025-11-04 11:16:19.423183,1.0
4366,fe9e0b55-3601-4032-aecd-2578784f6335,2025-09-26,STR004,SKU1001,180,176.0,2025-11-04 11:16:19.423183,4.0
4367,fe9e0b55-3601-4032-aecd-2578784f6335,2025-09-26,STR004,SKU1002,275,223.0,2025-11-04 11:16:19.423183,52.0
4368,fe9e0b55-3601-4032-aecd-2578784f6335,2025-09-26,STR004,SKU1003,334,248.0,2025-11-04 11:16:19.423183,86.0
4369,fe9e0b55-3601-4032-aecd-2578784f6335,2025-09-26,STR004,SKU1004,255,221.0,2025-11-04 11:16:19.423183,34.0
4370,fe9e0b55-3601-4032-aecd-2578784f6335,2025-09-26,STR004,SKU1005,185,172.0,2025-11-04 11:16:19.423183,13.0
4371,fe9e0b55-3601-4032-aecd-2578784f6335,2025-09-26,STR005,SKU1001,170,217.0,2025-11-04 11:16:19.423183,47.0
4372,fe9e0b55-3601-4032-aecd-2578784f6335,2025-09-26,STR005,SKU1002,283,291.0,2025-11-04 11:16:19.423183,8.0
4373,fe9e0b55-3601-4032-aecd-2578784f6335,2025-09-26,STR005,SKU1003,265,266.0,2025-11-04 11:16:19.423183,1.0
4374,fe9e0b55-3601-4032-aecd-2578784f6335,2025-09-26,STR005,SKU1004,249,255.0,2025-11-04 11:16:19.423183,6.0
4375,fe9e0b55-3601-4032-aecd-2578784f6335,2025-09-26,STR005,SKU1005,231,242.0,2025-11-04 11:16:19.423183,11.0
4376,fe9e0b55-3601-4032-aecd-2578784f6335,2025-09-26,STR006,SKU1001,109,114.0,2025-11-04 11:16:19.423183,5.0
4377,fe9e0b55-3601-4032-aecd-2578784f6335,2025-09-26,STR006,SKU1002,83,117.0,2025-11-04 11:16:19.423183,34.0
4378,fe9e0b55-3601-4032-aecd-2578784f6335,2025-09-26,STR006,SKU1003,134,112.0,2025-11-04 11:16:19.423183,22.0
4379,fe9e0b55-3601-4032-aecd-2578784f6335,2025-09-26,STR006,SKU1004,90,113.0,2025-11-04 11:16:19.423183,23.0
4380,fe9e0b55-3601-4032-aecd-2578784f6335,2025-09-26,STR006,SKU1005,89,81.0,2025-11-04 11:16:19.423183,8.0
4381,fe9e0b55-3601-4032-aecd-2578784f6335,2025-09-26,STR007,SKU1001,62,62.0,2025-11-04 11:16:19.423183,0.0
4382,fe9e0b55-3601-4032-aecd-2578784f6335,2025-09-26,STR007,SKU1002,111,115.0,2025-11-04 11:16:19.423183,4.0
4383,fe9e0b55-3601-4032-aecd-2578784f6335,2025-09-26,STR007,SKU1003,69,68.0,2025-11-04 11:16:19.423183,1.0
4384,fe9e0b55-3601-4032-aecd-2578784f6335,2025-09-26,STR007,SKU1004,70,73.0,2025-11-04 11:16:19.423183,3.0
4385,fe9e0b55-3601-4032-aecd-2578784f6335,2025-09-26,STR007,SKU1005,58,60.0,2025-11-04 11:16:19.423183,2.0
4386,fe9e0b55-3601-4032-aecd-2578784f6335,2025-09-26,STR008,SKU1001,108,108.0,2025-11-04 11:16:19.423183,0.0
4387,fe9e0b55-3601-4032-aecd-2578784f6335,2025-09-26,STR008,SKU1002,65,64.0,2025-11-04 11:16:19.423183,1.0
4388,fe9e0b55-3601-4032-aecd-2578784f6335,2025-09-26,STR008,SKU1003,52,59.0,2025-11-04 11:16:19.423183,7.0
4389,fe9e0b55-3601-4032-aecd-2578784f6335,2025-09-26,STR008,SKU1004,55,90.0,2025-11-04 11:16:19.423183,35.0
4390,fe9e0b55-3601-4032-aecd-2578784f6335,2025-09-26,STR008,SKU1005,82,76.0,2025-11-04 11:16:19.423183,6.0
4391,fe9e0b55-3601-4032-aecd-2578784f6335,2025-09-26,STR009,SKU1001,110,109.0,2025-11-04 11:16:19.423183,1.0
4392,fe9e0b55-3601-4032-aecd-2578784f6335,2025-09-26,STR009,SKU1002,68,101.0,2025-11-04 11:16:19.423183,33.0
4393,fe9e0b55-3601-4032-aecd-2578784f6335,2025-09-26,STR009,SKU1003,52,77.0,2025-11-04 11:16:19.423183,25.0
4394,fe9e0b55-3601-4032-aecd-2578784f6335,2025-09-26,STR009,SKU1004,161,114.0,2025-11-04 11:16:19.423183,47.0
4395,fe9e0b55-3601-4032-aecd-2578784f6335,2025-09-26,STR009,SKU1005,46,66.0,2025-11-04 11:16:19.423183,20.0
4396,fe9e0b55-3601-4032-aecd-2578784f6335,2025-09-26,STR010,SKU1001,95,93.0,2025-11-04 11:16:19.423183,2.0
4397,fe9e0b55-3601-4032-aecd-2578784f6335,2025-09-26,STR010,SKU1002,57,59.0,2025-11-04 11:16:19.423183,2.0
4398,fe9e0b55-3601-4032-aecd-2578784f6335,2025-09-26,STR010,SKU1003,89,112.0,2025-11-04 11:16:19.423183,23.0
4399,fe9e0b55-3601-4032-aecd-2578784f6335,2025-09-26,STR010,SKU1004,103,96.0,2025-11-04 11:16:19.423183,7.0
4400,fe9e0b55-3601-4032-aecd-2578784f6335,2025-09-26,STR010,SKU1005,95,87.0,2025-11-04 11:16:19.423183,8.0
4401,fe9e0b55-3601-4032-aecd-2578784f6335,2025-09-27,STR001,SKU1001,10,11.0,2025-11-04 11:16:19.423183,1.0
4402,fe9e0b55-3601-4032-aecd-2578784f6335,2025-09-27,STR001,SKU1002,21,21.0,2025-11-04 11:16:19.423183,0.0
4403,fe9e0b55-3601-4032-aecd-2578784f6335,2025-09-27,STR001,SKU1003,9,10.0,2025-11-04 11:16:19.423183,1.0
4404,fe9e0b55-3601-4032-aecd-2578784f6335,2025-09-27,STR001,SKU1004,12,12.0,2025-11-04 11:16:19.423183,0.0
4405,fe9e0b55-3601-4032-aecd-2578784f6335,2025-09-27,STR001,SKU1005,16,16.0,2025-11-04 11:16:19.423183,0.0
4406,fe9e0b55-3601-4032-aecd-2578784f6335,2025-09-27,STR002,SKU1001,24,25.0,2025-11-04 11:16:19.423183,1.0
4407,fe9e0b55-3601-4032-aecd-2578784f6335,2025-09-27,STR002,SKU1002,23,18.0,2025-11-04 11:16:19.423183,5.0
4408,fe9e0b55-3601-4032-aecd-2578784f6335,2025-09-27,STR002,SKU1003,14,16.0,2025-11-04 11:16:19.423183,2.0
4409,fe9e0b55-3601-4032-aecd-2578784f6335,2025-09-27,STR002,SKU1004,27,27.0,2025-11-04 11:16:19.423183,0.0
4410,fe9e0b55-3601-4032-aecd-2578784f6335,2025-09-27,STR002,SKU1005,14,14.0,2025-11-04 11:16:19.423183,0.0
4411,fe9e0b55-3601-4032-aecd-2578784f6335,2025-09-27,STR003,SKU1001,23,26.0,2025-11-04 11:16:19.423183,3.0
4412,fe9e0b55-3601-4032-aecd-2578784f6335,2025-09-27,STR003,SKU1002,24,24.0,2025-11-04 11:16:19.423183,0.0
4413,fe9e0b55-3601-4032-aecd-2578784f6335,2025-09-27,STR003,SKU1003,22,19.0,2025-11-04 11:16:19.423183,3.0
4414,fe9e0b55-3601-4032-aecd-2578784f6335,2025-09-27,STR003,SKU1004,12,11.0,2025-11-04 11:16:19.423183,1.0
4415,fe9e0b55-3601-4032-aecd-2578784f6335,2025-09-27,STR003,SKU1005,10,13.0,2025-11-04 11:16:19.423183,3.0
4416,fe9e0b55-3601-4032-aecd-2578784f6335,2025-09-27,STR004,SKU1001,127,159.0,2025-11-04 11:16:19.423183,32.0
4417,fe9e0b55-3601-4032-aecd-2578784f6335,2025-09-27,STR004,SKU1002,148,159.0,2025-11-04 11:16:19.423183,11.0
4418,fe9e0b55-3601-4032-aecd-2578784f6335,2025-09-27,STR004,SKU1003,248,188.0,2025-11-04 11:16:19.423183,60.0
4419,fe9e0b55-3601-4032-aecd-2578784f6335,2025-09-27,STR004,SKU1004,193,186.0,2025-11-04 11:16:19.423183,7.0
4420,fe9e0b55-3601-4032-aecd-2578784f6335,2025-09-27,STR004,SKU1005,311,268.0,2025-11-04 11:16:19.423183,43.0
4421,fe9e0b55-3601-4032-aecd-2578784f6335,2025-09-27,STR005,SKU1001,220,216.0,2025-11-04 11:16:19.423183,4.0
4422,fe9e0b55-3601-4032-aecd-2578784f6335,2025-09-27,STR005,SKU1002,163,192.0,2025-11-04 11:16:19.423183,29.0
4423,fe9e0b55-3601-4032-aecd-2578784f6335,2025-09-27,STR005,SKU1003,194,201.0,2025-11-04 11:16:19.423183,7.0
4424,fe9e0b55-3601-4032-aecd-2578784f6335,2025-09-27,STR005,SKU1004,247,250.0,2025-11-04 11:16:19.423183,3.0
4425,fe9e0b55-3601-4032-aecd-2578784f6335,2025-09-27,STR005,SKU1005,253,205.0,2025-11-04 11:16:19.423183,48.0
4426,fe9e0b55-3601-4032-aecd-2578784f6335,2025-09-27,STR006,SKU1001,136,117.0,2025-11-04 11:16:19.423183,19.0
4427,fe9e0b55-3601-4032-aecd-2578784f6335,2025-09-27,STR006,SKU1002,48,58.0,2025-11-04 11:16:19.423183,10.0
4428,fe9e0b55-3601-4032-aecd-2578784f6335,2025-09-27,STR006,SKU1003,73,72.0,2025-11-04 11:16:19.423183,1.0
4429,fe9e0b55-3601-4032-aecd-2578784f6335,2025-09-27,STR006,SKU1004,148,112.0,2025-11-04 11:16:19.423183,36.0
4430,fe9e0b55-3601-4032-aecd-2578784f6335,2025-09-27,STR006,SKU1005,122,110.0,2025-11-04 11:16:19.423183,12.0
4431,fe9e0b55-3601-4032-aecd-2578784f6335,2025-09-27,STR007,SKU1001,84,89.0,2025-11-04 11:16:19.423183,5.0
4432,fe9e0b55-3601-4032-aecd-2578784f6335,2025-09-27,STR007,SKU1002,106,93.0,2025-11-04 11:16:19.423183,13.0
4433,fe9e0b55-3601-4032-aecd-2578784f6335,2025-09-27,STR007,SKU1003,87,73.0,2025-11-04 11:16:19.423183,14.0
4434,fe9e0b55-3601-4032-aecd-2578784f6335,2025-09-27,STR007,SKU1004,110,100.0,2025-11-04 11:16:19.423183,10.0
4435,fe9e0b55-3601-4032-aecd-2578784f6335,2025-09-27,STR007,SKU1005,126,107.0,2025-11-04 11:16:19.423183,19.0
4436,fe9e0b55-3601-4032-aecd-2578784f6335,2025-09-27,STR008,SKU1001,85,82.0,2025-11-04 11:16:19.423183,3.0
4437,fe9e0b55-3601-4032-aecd-2578784f6335,2025-09-27,STR008,SKU1002,60,65.0,2025-11-04 11:16:19.423183,5.0
4438,fe9e0b55-3601-4032-aecd-2578784f6335,2025-09-27,STR008,SKU1003,75,71.0,2025-11-04 11:16:19.423183,4.0
4439,fe9e0b55-3601-4032-aecd-2578784f6335,2025-09-27,STR008,SKU1004,85,106.0,2025-11-04 11:16:19.423183,21.0
4440,fe9e0b55-3601-4032-aecd-2578784f6335,2025-09-27,STR008,SKU1005,139,111.0,2025-11-04 11:16:19.423183,28.0
4441,fe9e0b55-3601-4032-aecd-2578784f6335,2025-09-27,STR009,SKU1001,122,119.0,2025-11-04 11:16:19.423183,3.0
4442,fe9e0b55-3601-4032-aecd-2578784f6335,2025-09-27,STR009,SKU1002,64,79.0,2025-11-04 11:16:19.423183,15.0
4443,fe9e0b55-3601-4032-aecd-2578784f6335,2025-09-27,STR009,SKU1003,61,72.0,2025-11-04 11:16:19.423183,11.0
4444,fe9e0b55-3601-4032-aecd-2578784f6335,2025-09-27,STR009,SKU1004,78,81.0,2025-11-04 11:16:19.423183,3.0
4445,fe9e0b55-3601-4032-aecd-2578784f6335,2025-09-27,STR009,SKU1005,125,106.0,2025-11-04 11:16:19.423183,19.0
4446,fe9e0b55-3601-4032-aecd-2578784f6335,2025-09-27,STR010,SKU1001,34,58.0,2025-11-04 11:16:19.423183,24.0
4447,fe9e0b55-3601-4032-aecd-2578784f6335,2025-09-27,STR010,SKU1002,74,80.0,2025-11-04 11:16:19.423183,6.0
4448,fe9e0b55-3601-4032-aecd-2578784f6335,2025-09-27,STR010,SKU1003,42,58.0,2025-11-04 11:16:19.423183,16.0
4449,fe9e0b55-3601-4032-aecd-2578784f6335,2025-09-27,STR010,SKU1004,75,62.0,2025-11-04 11:16:19.423183,13.0
4450,fe9e0b55-3601-4032-aecd-2578784f6335,2025-09-27,STR010,SKU1005,124,107.0,2025-11-04 11:16:19.423183,17.0
4451,fe9e0b55-3601-4032-aecd-2578784f6335,2025-09-28,STR001,SKU1001,8,7.0,2025-11-04 11:16:19.423183,1.0
4452,fe9e0b55-3601-4032-aecd-2578784f6335,2025-09-28,STR001,SKU1002,9,7.0,2025-11-04 11:16:19.423183,2.0
4453,fe9e0b55-3601-4032-aecd-2578784f6335,2025-09-28,STR001,SKU1003,5,5.0,2025-11-04 11:16:19.423183,0.0
4454,fe9e0b55-3601-4032-aecd-2578784f6335,2025-09-28,STR001,SKU1004,26,25.0,2025-11-04 11:16:19.423183,1.0
4455,fe9e0b55-3601-4032-aecd-2578784f6335,2025-09-28,STR001,SKU1005,25,24.0,2025-11-04 11:16:19.423183,1.0
4456,fe9e0b55-3601-4032-aecd-2578784f6335,2025-09-28,STR002,SKU1001,8,6.0,2025-11-04 11:16:19.423183,2.0
4457,fe9e0b55-3601-4032-aecd-2578784f6335,2025-09-28,STR002,SKU1002,34,29.0,2025-11-04 11:16:19.423183,5.0
4458,fe9e0b55-3601-4032-aecd-2578784f6335,2025-09-28,STR002,SKU1003,8,7.0,2025-11-04 11:16:19.423183,1.0
4459,fe9e0b55-3601-4032-aecd-2578784f6335,2025-09-28,STR002,SKU1004,18,19.0,2025-11-04 11:16:19.423183,1.0
4460,fe9e0b55-3601-4032-aecd-2578784f6335,2025-09-28,STR002,SKU1005,24,28.0,2025-11-04 11:16:19.423183,4.0
4461,fe9e0b55-3601-4032-aecd-2578784f6335,2025-09-28,STR003,SKU1001,10,10.0,2025-11-04 11:16:19.423183,0.0
4462,fe9e0b55-3601-4032-aecd-2578784f6335,2025-09-28,STR003,SKU1002,15,17.0,2025-11-04 11:16:19.423183,2.0
4463,fe9e0b55-3601-4032-aecd-2578784f6335,2025-09-28,STR003,SKU1003,24,25.0,2025-11-04 11:16:19.423183,1.0
4464,fe9e0b55-3601-4032-aecd-2578784f6335,2025-09-28,STR003,SKU1004,6,5.0,2025-11-04 11:16:19.423183,1.0
4465,fe9e0b55-3601-4032-aecd-2578784f6335,2025-09-28,STR003,SKU1005,19,24.0,2025-11-04 11:16:19.423183,5.0
4466,fe9e0b55-3601-4032-aecd-2578784f6335,2025-09-28,STR004,SKU1001,242,232.0,2025-11-04 11:16:19.423183,10.0
4467,fe9e0b55-3601-4032-aecd-2578784f6335,2025-09-28,STR004,SKU1002,262,267.0,2025-11-04 11:16:19.423183,5.0
4468,fe9e0b55-3601-4032-aecd-2578784f6335,2025-09-28,STR004,SKU1003,157,228.0,2025-11-04 11:16:19.423183,71.0
4469,fe9e0b55-3601-4032-aecd-2578784f6335,2025-09-28,STR004,SKU1004,200,227.0,2025-11-04 11:16:19.423183,27.0
4470,fe9e0b55-3601-4032-aecd-2578784f6335,2025-09-28,STR004,SKU1005,315,296.0,2025-11-04 11:16:19.423183,19.0
4471,fe9e0b55-3601-4032-aecd-2578784f6335,2025-09-28,STR005,SKU1001,292,256.0,2025-11-04 11:16:19.423183,36.0
4472,fe9e0b55-3601-4032-aecd-2578784f6335,2025-09-28,STR005,SKU1002,265,275.0,2025-11-04 11:16:19.423183,10.0
4473,fe9e0b55-3601-4032-aecd-2578784f6335,2025-09-28,STR005,SKU1003,183,164.0,2025-11-04 11:16:19.423183,19.0
4474,fe9e0b55-3601-4032-aecd-2578784f6335,2025-09-28,STR005,SKU1004,256,283.0,2025-11-04 11:16:19.423183,27.0
4475,fe9e0b55-3601-4032-aecd-2578784f6335,2025-09-28,STR005,SKU1005,275,222.0,2025-11-04 11:16:19.423183,53.0
4476,fe9e0b55-3601-4032-aecd-2578784f6335,2025-09-28,STR006,SKU1001,71,87.0,2025-11-04 11:16:19.423183,16.0
4477,fe9e0b55-3601-4032-aecd-2578784f6335,2025-09-28,STR006,SKU1002,68,75.0,2025-11-04 11:16:19.423183,7.0
4478,fe9e0b55-3601-4032-aecd-2578784f6335,2025-09-28,STR006,SKU1003,67,100.0,2025-11-04 11:16:19.423183,33.0
4479,fe9e0b55-3601-4032-aecd-2578784f6335,2025-09-28,STR006,SKU1004,80,102.0,2025-11-04 11:16:19.423183,22.0
4480,fe9e0b55-3601-4032-aecd-2578784f6335,2025-09-28,STR006,SKU1005,102,105.0,2025-11-04 11:16:19.423183,3.0
4481,fe9e0b55-3601-4032-aecd-2578784f6335,2025-09-28,STR007,SKU1001,112,108.0,2025-11-04 11:16:19.423183,4.0
4482,fe9e0b55-3601-4032-aecd-2578784f6335,2025-09-28,STR007,SKU1002,122,119.0,2025-11-04 11:16:19.423183,3.0
4483,fe9e0b55-3601-4032-aecd-2578784f6335,2025-09-28,STR007,SKU1003,100,107.0,2025-11-04 11:16:19.423183,7.0
4484,fe9e0b55-3601-4032-aecd-2578784f6335,2025-09-28,STR007,SKU1004,67,62.0,2025-11-04 11:16:19.423183,5.0
4485,fe9e0b55-3601-4032-aecd-2578784f6335,2025-09-28,STR007,SKU1005,81,92.0,2025-11-04 11:16:19.423183,11.0
4486,fe9e0b55-3601-4032-aecd-2578784f6335,2025-09-28,STR008,SKU1001,118,100.0,2025-11-04 11:16:19.423183,18.0
4487,fe9e0b55-3601-4032-aecd-2578784f6335,2025-09-28,STR008,SKU1002,68,68.0,2025-11-04 11:16:19.423183,0.0
4488,fe9e0b55-3601-4032-aecd-2578784f6335,2025-09-28,STR008,SKU1003,59,70.0,2025-11-04 11:16:19.423183,11.0
4489,fe9e0b55-3601-4032-aecd-2578784f6335,2025-09-28,STR008,SKU1004,69,73.0,2025-11-04 11:16:19.423183,4.0
4490,fe9e0b55-3601-4032-aecd-2578784f6335,2025-09-28,STR008,SKU1005,58,75.0,2025-11-04 11:16:19.423183,17.0
4491,fe9e0b55-3601-4032-aecd-2578784f6335,2025-09-28,STR009,SKU1001,93,94.0,2025-11-04 11:16:19.423183,1.0
4492,fe9e0b55-3601-4032-aecd-2578784f6335,2025-09-28,STR009,SKU1002,81,77.0,2025-11-04 11:16:19.423183,4.0
4493,fe9e0b55-3601-4032-aecd-2578784f6335,2025-09-28,STR009,SKU1003,82,78.0,2025-11-04 11:16:19.423183,4.0
4494,fe9e0b55-3601-4032-aecd-2578784f6335,2025-09-28,STR009,SKU1004,67,66.0,2025-11-04 11:16:19.423183,1.0
4495,fe9e0b55-3601-4032-aecd-2578784f6335,2025-09-28,STR009,SKU1005,118,117.0,2025-11-04 11:16:19.423183,1.0
4496,fe9e0b55-3601-4032-aecd-2578784f6335,2025-09-28,STR010,SKU1001,70,93.0,2025-11-04 11:16:19.423183,23.0
4497,fe9e0b55-3601-4032-aecd-2578784f6335,2025-09-28,STR010,SKU1002,127,110.0,2025-11-04 11:16:19.423183,17.0
4498,fe9e0b55-3601-4032-aecd-2578784f6335,2025-09-28,STR010,SKU1003,138,117.0,2025-11-04 11:16:19.423183,21.0
4499,fe9e0b55-3601-4032-aecd-2578784f6335,2025-09-28,STR010,SKU1004,46,74.0,2025-11-04 11:16:19.423183,28.0
4500,fe9e0b55-3601-4032-aecd-2578784f6335,2025-09-28,STR010,SKU1005,97,116.0,2025-11-04 11:16:19.423183,19.0
4501,fe9e0b55-3601-4032-aecd-2578784f6335,2025-09-29,STR001,SKU1001,18,19.0,2025-11-04 11:16:19.423183,1.0
4502,fe9e0b55-3601-4032-aecd-2578784f6335,2025-09-29,STR001,SKU1002,7,6.0,2025-11-04 11:16:19.423183,1.0
4503,fe9e0b55-3601-4032-aecd-2578784f6335,2025-09-29,STR001,SKU1003,33,29.0,2025-11-04 11:16:19.423183,4.0
4504,fe9e0b55-3601-4032-aecd-2578784f6335,2025-09-29,STR001,SKU1004,34,29.0,2025-11-04 11:16:19.423183,5.0
4505,fe9e0b55-3601-4032-aecd-2578784f6335,2025-09-29,STR001,SKU1005,22,21.0,2025-11-04 11:16:19.423183,1.0
4506,fe9e0b55-3601-4032-aecd-2578784f6335,2025-09-29,STR002,SKU1001,12,10.0,2025-11-04 11:16:19.423183,2.0
4507,fe9e0b55-3601-4032-aecd-2578784f6335,2025-09-29,STR002,SKU1002,11,12.0,2025-11-04 11:16:19.423183,1.0
4508,fe9e0b55-3601-4032-aecd-2578784f6335,2025-09-29,STR002,SKU1003,7,7.0,2025-11-04 11:16:19.423183,0.0
4509,fe9e0b55-3601-4032-aecd-2578784f6335,2025-09-29,STR002,SKU1004,21,29.0,2025-11-04 11:16:19.423183,8.0
4510,fe9e0b55-3601-4032-aecd-2578784f6335,2025-09-29,STR002,SKU1005,14,22.0,2025-11-04 11:16:19.423183,8.0
4511,fe9e0b55-3601-4032-aecd-2578784f6335,2025-09-29,STR003,SKU1001,28,26.0,2025-11-04 11:16:19.423183,2.0
4512,fe9e0b55-3601-4032-aecd-2578784f6335,2025-09-29,STR003,SKU1002,5,5.0,2025-11-04 11:16:19.423183,0.0
4513,fe9e0b55-3601-4032-aecd-2578784f6335,2025-09-29,STR003,SKU1003,22,20.0,2025-11-04 11:16:19.423183,2.0
4514,fe9e0b55-3601-4032-aecd-2578784f6335,2025-09-29,STR003,SKU1004,12,11.0,2025-11-04 11:16:19.423183,1.0
4515,fe9e0b55-3601-4032-aecd-2578784f6335,2025-09-29,STR003,SKU1005,7,7.0,2025-11-04 11:16:19.423183,0.0
4516,fe9e0b55-3601-4032-aecd-2578784f6335,2025-09-29,STR004,SKU1001,170,190.0,2025-11-04 11:16:19.423183,20.0
4517,fe9e0b55-3601-4032-aecd-2578784f6335,2025-09-29,STR004,SKU1002,230,200.0,2025-11-04 11:16:19.423183,30.0
4518,fe9e0b55-3601-4032-aecd-2578784f6335,2025-09-29,STR004,SKU1003,177,164.0,2025-11-04 11:16:19.423183,13.0
4519,fe9e0b55-3601-4032-aecd-2578784f6335,2025-09-29,STR004,SKU1004,164,157.0,2025-11-04 11:16:19.423183,7.0
4520,fe9e0b55-3601-4032-aecd-2578784f6335,2025-09-29,STR004,SKU1005,202,187.0,2025-11-04 11:16:19.423183,15.0
4521,fe9e0b55-3601-4032-aecd-2578784f6335,2025-09-29,STR005,SKU1001,282,263.0,2025-11-04 11:16:19.423183,19.0
4522,fe9e0b55-3601-4032-aecd-2578784f6335,2025-09-29,STR005,SKU1002,213,232.0,2025-11-04 11:16:19.423183,19.0
4523,fe9e0b55-3601-4032-aecd-2578784f6335,2025-09-29,STR005,SKU1003,201,205.0,2025-11-04 11:16:19.423183,4.0
4524,fe9e0b55-3601-4032-aecd-2578784f6335,2025-09-29,STR005,SKU1004,315,252.0,2025-11-04 11:16:19.423183,63.0
4525,fe9e0b55-3601-4032-aecd-2578784f6335,2025-09-29,STR005,SKU1005,291,287.0,2025-11-04 11:16:19.423183,4.0
4526,fe9e0b55-3601-4032-aecd-2578784f6335,2025-09-29,STR006,SKU1001,79,98.0,2025-11-04 11:16:19.423183,19.0
4527,fe9e0b55-3601-4032-aecd-2578784f6335,2025-09-29,STR006,SKU1002,95,90.0,2025-11-04 11:16:19.423183,5.0
4528,fe9e0b55-3601-4032-aecd-2578784f6335,2025-09-29,STR006,SKU1003,96,79.0,2025-11-04 11:16:19.423183,17.0
4529,fe9e0b55-3601-4032-aecd-2578784f6335,2025-09-29,STR006,SKU1004,59,54.0,2025-11-04 11:16:19.423183,5.0
4530,fe9e0b55-3601-4032-aecd-2578784f6335,2025-09-29,STR006,SKU1005,64,80.0,2025-11-04 11:16:19.423183,16.0
4531,fe9e0b55-3601-4032-aecd-2578784f6335,2025-09-29,STR007,SKU1001,125,101.0,2025-11-04 11:16:19.423183,24.0
4532,fe9e0b55-3601-4032-aecd-2578784f6335,2025-09-29,STR007,SKU1002,75,72.0,2025-11-04 11:16:19.423183,3.0
4533,fe9e0b55-3601-4032-aecd-2578784f6335,2025-09-29,STR007,SKU1003,111,97.0,2025-11-04 11:16:19.423183,14.0
4534,fe9e0b55-3601-4032-aecd-2578784f6335,2025-09-29,STR007,SKU1004,97,89.0,2025-11-04 11:16:19.423183,8.0
4535,fe9e0b55-3601-4032-aecd-2578784f6335,2025-09-29,STR007,SKU1005,47,55.0,2025-11-04 11:16:19.423183,8.0
4536,fe9e0b55-3601-4032-aecd-2578784f6335,2025-09-29,STR008,SKU1001,108,87.0,2025-11-04 11:16:19.423183,21.0
4537,fe9e0b55-3601-4032-aecd-2578784f6335,2025-09-29,STR008,SKU1002,89,90.0,2025-11-04 11:16:19.423183,1.0
4538,fe9e0b55-3601-4032-aecd-2578784f6335,2025-09-29,STR008,SKU1003,74,76.0,2025-11-04 11:16:19.423183,2.0
4539,fe9e0b55-3601-4032-aecd-2578784f6335,2025-09-29,STR008,SKU1004,115,118.0,2025-11-04 11:16:19.423183,3.0
4540,fe9e0b55-3601-4032-aecd-2578784f6335,2025-09-29,STR008,SKU1005,96,106.0,2025-11-04 11:16:19.423183,10.0
4541,fe9e0b55-3601-4032-aecd-2578784f6335,2025-09-29,STR009,SKU1001,67,66.0,2025-11-04 11:16:19.423183,1.0
4542,fe9e0b55-3601-4032-aecd-2578784f6335,2025-09-29,STR009,SKU1002,94,96.0,2025-11-04 11:16:19.423183,2.0
4543,fe9e0b55-3601-4032-aecd-2578784f6335,2025-09-29,STR009,SKU1003,69,62.0,2025-11-04 11:16:19.423183,7.0
4544,fe9e0b55-3601-4032-aecd-2578784f6335,2025-09-29,STR009,SKU1004,46,60.0,2025-11-04 11:16:19.423183,14.0
4545,fe9e0b55-3601-4032-aecd-2578784f6335,2025-09-29,STR009,SKU1005,87,73.0,2025-11-04 11:16:19.423183,14.0
4546,fe9e0b55-3601-4032-aecd-2578784f6335,2025-09-29,STR010,SKU1001,45,53.0,2025-11-04 11:16:19.423183,8.0
4547,fe9e0b55-3601-4032-aecd-2578784f6335,2025-09-29,STR010,SKU1002,122,95.0,2025-11-04 11:16:19.423183,27.0
4548,fe9e0b55-3601-4032-aecd-2578784f6335,2025-09-29,STR010,SKU1003,56,67.0,2025-11-04 11:16:19.423183,11.0
4549,fe9e0b55-3601-4032-aecd-2578784f6335,2025-09-29,STR010,SKU1004,105,92.0,2025-11-04 11:16:19.423183,13.0
4550,fe9e0b55-3601-4032-aecd-2578784f6335,2025-09-29,STR010,SKU1005,71,82.0,2025-11-04 11:16:19.423183,11.0
4551,fe9e0b55-3601-4032-aecd-2578784f6335,2025-09-30,STR001,SKU1001,9,11.0,2025-11-04 11:16:19.423183,2.0
4552,fe9e0b55-3601-4032-aecd-2578784f6335,2025-09-30,STR001,SKU1002,14,14.0,2025-11-04 11:16:19.423183,0.0
4553,fe9e0b55-3601-4032-aecd-2578784f6335,2025-09-30,STR001,SKU1003,15,13.0,2025-11-04 11:16:19.423183,2.0
4554,fe9e0b55-3601-4032-aecd-2578784f6335,2025-09-30,STR001,SKU1004,33,29.0,2025-11-04 11:16:19.423183,4.0
4555,fe9e0b55-3601-4032-aecd-2578784f6335,2025-09-30,STR001,SKU1005,6,7.0,2025-11-04 11:16:19.423183,1.0
4556,fe9e0b55-3601-4032-aecd-2578784f6335,2025-09-30,STR002,SKU1001,21,26.0,2025-11-04 11:16:19.423183,5.0
4557,fe9e0b55-3601-4032-aecd-2578784f6335,2025-09-30,STR002,SKU1002,22,27.0,2025-11-04 11:16:19.423183,5.0
4558,fe9e0b55-3601-4032-aecd-2578784f6335,2025-09-30,STR002,SKU1003,19,18.0,2025-11-04 11:16:19.423183,1.0
4559,fe9e0b55-3601-4032-aecd-2578784f6335,2025-09-30,STR002,SKU1004,32,29.0,2025-11-04 11:16:19.423183,3.0
4560,fe9e0b55-3601-4032-aecd-2578784f6335,2025-09-30,STR002,SKU1005,22,19.0,2025-11-04 11:16:19.423183,3.0
4561,fe9e0b55-3601-4032-aecd-2578784f6335,2025-09-30,STR003,SKU1001,5,6.0,2025-11-04 11:16:19.423183,1.0
4562,fe9e0b55-3601-4032-aecd-2578784f6335,2025-09-30,STR003,SKU1002,30,28.0,2025-11-04 11:16:19.423183,2.0
4563,fe9e0b55-3601-4032-aecd-2578784f6335,2025-09-30,STR003,SKU1003,17,18.0,2025-11-04 11:16:19.423183,1.0
4564,fe9e0b55-3601-4032-aecd-2578784f6335,2025-09-30,STR003,SKU1004,20,20.0,2025-11-04 11:16:19.423183,0.0
4565,fe9e0b55-3601-4032-aecd-2578784f6335,2025-09-30,STR003,SKU1005,15,11.0,2025-11-04 11:16:19.423183,4.0
4566,fe9e0b55-3601-4032-aecd-2578784f6335,2025-09-30,STR004,SKU1001,295,249.0,2025-11-04 11:16:19.423183,46.0
4567,fe9e0b55-3601-4032-aecd-2578784f6335,2025-09-30,STR004,SKU1002,299,263.0,2025-11-04 11:16:19.423183,36.0
4568,fe9e0b55-3601-4032-aecd-2578784f6335,2025-09-30,STR004,SKU1003,200,173.0,2025-11-04 11:16:19.423183,27.0
4569,fe9e0b55-3601-4032-aecd-2578784f6335,2025-09-30,STR004,SKU1004,233,240.0,2025-11-04 11:16:19.423183,7.0
4570,fe9e0b55-3601-4032-aecd-2578784f6335,2025-09-30,STR004,SKU1005,143,175.0,2025-11-04 11:16:19.423183,32.0
4571,fe9e0b55-3601-4032-aecd-2578784f6335,2025-09-30,STR005,SKU1001,237,214.0,2025-11-04 11:16:19.423183,23.0
4572,fe9e0b55-3601-4032-aecd-2578784f6335,2025-09-30,STR005,SKU1002,286,269.0,2025-11-04 11:16:19.423183,17.0
4573,fe9e0b55-3601-4032-aecd-2578784f6335,2025-09-30,STR005,SKU1003,107,153.0,2025-11-04 11:16:19.423183,46.0
4574,fe9e0b55-3601-4032-aecd-2578784f6335,2025-09-30,STR005,SKU1004,129,150.0,2025-11-04 11:16:19.423183,21.0
4575,fe9e0b55-3601-4032-aecd-2578784f6335,2025-09-30,STR005,SKU1005,204,199.0,2025-11-04 11:16:19.423183,5.0
4576,fe9e0b55-3601-4032-aecd-2578784f6335,2025-09-30,STR006,SKU1001,69,60.0,2025-11-04 11:16:19.423183,9.0
4577,fe9e0b55-3601-4032-aecd-2578784f6335,2025-09-30,STR006,SKU1002,113,108.0,2025-11-04 11:16:19.423183,5.0
4578,fe9e0b55-3601-4032-aecd-2578784f6335,2025-09-30,STR006,SKU1003,101,111.0,2025-11-04 11:16:19.423183,10.0
4579,fe9e0b55-3601-4032-aecd-2578784f6335,2025-09-30,STR006,SKU1004,78,85.0,2025-11-04 11:16:19.423183,7.0
4580,fe9e0b55-3601-4032-aecd-2578784f6335,2025-09-30,STR006,SKU1005,119,105.0,2025-11-04 11:16:19.423183,14.0
4581,fe9e0b55-3601-4032-aecd-2578784f6335,2025-09-30,STR007,SKU1001,65,70.0,2025-11-04 11:16:19.423183,5.0
4582,fe9e0b55-3601-4032-aecd-2578784f6335,2025-09-30,STR007,SKU1002,54,62.0,2025-11-04 11:16:19.423183,8.0
4583,fe9e0b55-3601-4032-aecd-2578784f6335,2025-09-30,STR007,SKU1003,46,58.0,2025-11-04 11:16:19.423183,12.0
4584,fe9e0b55-3601-4032-aecd-2578784f6335,2025-09-30,STR007,SKU1004,58,60.0,2025-11-04 11:16:19.423183,2.0
4585,fe9e0b55-3601-4032-aecd-2578784f6335,2025-09-30,STR007,SKU1005,120,119.0,2025-11-04 11:16:19.423183,1.0
4586,fe9e0b55-3601-4032-aecd-2578784f6335,2025-09-30,STR008,SKU1001,55,50.0,2025-11-04 11:16:19.423183,5.0
4587,fe9e0b55-3601-4032-aecd-2578784f6335,2025-09-30,STR008,SKU1002,112,119.0,2025-11-04 11:16:19.423183,7.0
4588,fe9e0b55-3601-4032-aecd-2578784f6335,2025-09-30,STR008,SKU1003,102,105.0,2025-11-04 11:16:19.423183,3.0
4589,fe9e0b55-3601-4032-aecd-2578784f6335,2025-09-30,STR008,SKU1004,97,80.0,2025-11-04 11:16:19.423183,17.0
4590,fe9e0b55-3601-4032-aecd-2578784f6335,2025-09-30,STR008,SKU1005,85,86.0,2025-11-04 11:16:19.423183,1.0
4591,fe9e0b55-3601-4032-aecd-2578784f6335,2025-09-30,STR009,SKU1001,65,96.0,2025-11-04 11:16:19.423183,31.0
4592,fe9e0b55-3601-4032-aecd-2578784f6335,2025-09-30,STR009,SKU1002,107,96.0,2025-11-04 11:16:19.423183,11.0
4593,fe9e0b55-3601-4032-aecd-2578784f6335,2025-09-30,STR009,SKU1003,123,118.0,2025-11-04 11:16:19.423183,5.0
4594,fe9e0b55-3601-4032-aecd-2578784f6335,2025-09-30,STR009,SKU1004,117,107.0,2025-11-04 11:16:19.423183,10.0
4595,fe9e0b55-3601-4032-aecd-2578784f6335,2025-09-30,STR009,SKU1005,76,85.0,2025-11-04 11:16:19.423183,9.0
4596,fe9e0b55-3601-4032-aecd-2578784f6335,2025-09-30,STR010,SKU1001,74,81.0,2025-11-04 11:16:19.423183,7.0
4597,fe9e0b55-3601-4032-aecd-2578784f6335,2025-09-30,STR010,SKU1002,103,113.0,2025-11-04 11:16:19.423183,10.0
4598,fe9e0b55-3601-4032-aecd-2578784f6335,2025-09-30,STR010,SKU1003,90,91.0,2025-11-04 11:16:19.423183,1.0
4599,fe9e0b55-3601-4032-aecd-2578784f6335,2025-09-30,STR010,SKU1004,73,97.0,2025-11-04 11:16:19.423183,24.0
4600,fe9e0b55-3601-4032-aecd-2578784f6335,2025-09-30,STR010,SKU1005,77,79.0,2025-11-04 11:16:19.423183,2.0
4601,fe9e0b55-3601-4032-aecd-2578784f6335,2025-10-01,STR001,SKU1001,25,25.0,2025-11-04 11:16:19.423183,0.0
4602,fe9e0b55-3601-4032-aecd-2578784f6335,2025-10-01,STR001,SKU1002,16,17.0,2025-11-04 11:16:19.423183,1.0
4603,fe9e0b55-3601-4032-aecd-2578784f6335,2025-10-01,STR001,SKU1003,5,5.0,2025-11-04 11:16:19.423183,0.0
4604,fe9e0b55-3601-4032-aecd-2578784f6335,2025-10-01,STR001,SKU1004,4,5.0,2025-11-04 11:16:19.423183,1.0
4605,fe9e0b55-3601-4032-aecd-2578784f6335,2025-10-01,STR001,SKU1005,14,19.0,2025-11-04 11:16:19.423183,5.0
4606,fe9e0b55-3601-4032-aecd-2578784f6335,2025-10-01,STR002,SKU1001,5,5.0,2025-11-04 11:16:19.423183,0.0
4607,fe9e0b55-3601-4032-aecd-2578784f6335,2025-10-01,STR002,SKU1002,8,10.0,2025-11-04 11:16:19.423183,2.0
4608,fe9e0b55-3601-4032-aecd-2578784f6335,2025-10-01,STR002,SKU1003,21,29.0,2025-11-04 11:16:19.423183,8.0
4609,fe9e0b55-3601-4032-aecd-2578784f6335,2025-10-01,STR002,SKU1004,20,17.0,2025-11-04 11:16:19.423183,3.0
4610,fe9e0b55-3601-4032-aecd-2578784f6335,2025-10-01,STR002,SKU1005,6,5.0,2025-11-04 11:16:19.423183,1.0
4611,fe9e0b55-3601-4032-aecd-2578784f6335,2025-10-01,STR003,SKU1001,10,9.0,2025-11-04 11:16:19.423183,1.0
4612,fe9e0b55-3601-4032-aecd-2578784f6335,2025-10-01,STR003,SKU1002,12,13.0,2025-11-04 11:16:19.423183,1.0
4613,fe9e0b55-3601-4032-aecd-2578784f6335,2025-10-01,STR003,SKU1003,26,29.0,2025-11-04 11:16:19.423183,3.0
4614,fe9e0b55-3601-4032-aecd-2578784f6335,2025-10-01,STR003,SKU1004,22,21.0,2025-11-04 11:16:19.423183,1.0
4615,fe9e0b55-3601-4032-aecd-2578784f6335,2025-10-01,STR003,SKU1005,24,20.0,2025-11-04 11:16:19.423183,4.0
4616,fe9e0b55-3601-4032-aecd-2578784f6335,2025-10-01,STR004,SKU1001,175,221.0,2025-11-04 11:16:19.423183,46.0
4617,fe9e0b55-3601-4032-aecd-2578784f6335,2025-10-01,STR004,SKU1002,183,205.0,2025-11-04 11:16:19.423183,22.0
4618,fe9e0b55-3601-4032-aecd-2578784f6335,2025-10-01,STR004,SKU1003,209,214.0,2025-11-04 11:16:19.423183,5.0
4619,fe9e0b55-3601-4032-aecd-2578784f6335,2025-10-01,STR004,SKU1004,230,161.0,2025-11-04 11:16:19.423183,69.0
4620,fe9e0b55-3601-4032-aecd-2578784f6335,2025-10-01,STR004,SKU1005,209,218.0,2025-11-04 11:16:19.423183,9.0
4621,fe9e0b55-3601-4032-aecd-2578784f6335,2025-10-01,STR005,SKU1001,375,283.0,2025-11-04 11:16:19.423183,92.0
4622,fe9e0b55-3601-4032-aecd-2578784f6335,2025-10-01,STR005,SKU1002,266,238.0,2025-11-04 11:16:19.423183,28.0
4623,fe9e0b55-3601-4032-aecd-2578784f6335,2025-10-01,STR005,SKU1003,188,174.0,2025-11-04 11:16:19.423183,14.0
4624,fe9e0b55-3601-4032-aecd-2578784f6335,2025-10-01,STR005,SKU1004,133,150.0,2025-11-04 11:16:19.423183,17.0
4625,fe9e0b55-3601-4032-aecd-2578784f6335,2025-10-01,STR005,SKU1005,210,280.0,2025-11-04 11:16:19.423183,70.0
4626,fe9e0b55-3601-4032-aecd-2578784f6335,2025-10-01,STR006,SKU1001,120,98.0,2025-11-04 11:16:19.423183,22.0
4627,fe9e0b55-3601-4032-aecd-2578784f6335,2025-10-01,STR006,SKU1002,70,68.0,2025-11-04 11:16:19.423183,2.0
4628,fe9e0b55-3601-4032-aecd-2578784f6335,2025-10-01,STR006,SKU1003,112,109.0,2025-11-04 11:16:19.423183,3.0
4629,fe9e0b55-3601-4032-aecd-2578784f6335,2025-10-01,STR006,SKU1004,79,78.0,2025-11-04 11:16:19.423183,1.0
4630,fe9e0b55-3601-4032-aecd-2578784f6335,2025-10-01,STR006,SKU1005,86,99.0,2025-11-04 11:16:19.423183,13.0
4631,fe9e0b55-3601-4032-aecd-2578784f6335,2025-10-01,STR007,SKU1001,50,51.0,2025-11-04 11:16:19.423183,1.0
4632,fe9e0b55-3601-4032-aecd-2578784f6335,2025-10-01,STR007,SKU1002,104,105.0,2025-11-04 11:16:19.423183,1.0
4633,fe9e0b55-3601-4032-aecd-2578784f6335,2025-10-01,STR007,SKU1003,42,66.0,2025-11-04 11:16:19.423183,24.0
4634,fe9e0b55-3601-4032-aecd-2578784f6335,2025-10-01,STR007,SKU1004,132,109.0,2025-11-04 11:16:19.423183,23.0
4635,fe9e0b55-3601-4032-aecd-2578784f6335,2025-10-01,STR007,SKU1005,79,85.0,2025-11-04 11:16:19.423183,6.0
4636,fe9e0b55-3601-4032-aecd-2578784f6335,2025-10-01,STR008,SKU1001,85,110.0,2025-11-04 11:16:19.423183,25.0
4637,fe9e0b55-3601-4032-aecd-2578784f6335,2025-10-01,STR008,SKU1002,63,66.0,2025-11-04 11:16:19.423183,3.0
4638,fe9e0b55-3601-4032-aecd-2578784f6335,2025-10-01,STR008,SKU1003,88,98.0,2025-11-04 11:16:19.423183,10.0
4639,fe9e0b55-3601-4032-aecd-2578784f6335,2025-10-01,STR008,SKU1004,96,109.0,2025-11-04 11:16:19.423183,13.0
4640,fe9e0b55-3601-4032-aecd-2578784f6335,2025-10-01,STR008,SKU1005,70,69.0,2025-11-04 11:16:19.423183,1.0
4641,fe9e0b55-3601-4032-aecd-2578784f6335,2025-10-01,STR009,SKU1001,88,99.0,2025-11-04 11:16:19.423183,11.0
4642,fe9e0b55-3601-4032-aecd-2578784f6335,2025-10-01,STR009,SKU1002,47,52.0,2025-11-04 11:16:19.423183,5.0
4643,fe9e0b55-3601-4032-aecd-2578784f6335,2025-10-01,STR009,SKU1003,99,92.0,2025-11-04 11:16:19.423183,7.0
4644,fe9e0b55-3601-4032-aecd-2578784f6335,2025-10-01,STR009,SKU1004,116,106.0,2025-11-04 11:16:19.423183,10.0
4645,fe9e0b55-3601-4032-aecd-2578784f6335,2025-10-01,STR009,SKU1005,137,99.0,2025-11-04 11:16:19.423183,38.0
4646,fe9e0b55-3601-4032-aecd-2578784f6335,2025-10-01,STR010,SKU1001,160,117.0,2025-11-04 11:16:19.423183,43.0
4647,fe9e0b55-3601-4032-aecd-2578784f6335,2025-10-01,STR010,SKU1002,119,99.0,2025-11-04 11:16:19.423183,20.0
4648,fe9e0b55-3601-4032-aecd-2578784f6335,2025-10-01,STR010,SKU1003,70,86.0,2025-11-04 11:16:19.423183,16.0
4649,fe9e0b55-3601-4032-aecd-2578784f6335,2025-10-01,STR010,SKU1004,91,95.0,2025-11-04 11:16:19.423183,4.0
4650,fe9e0b55-3601-4032-aecd-2578784f6335,2025-10-01,STR010,SKU1005,92,91.0,2025-11-04 11:16:19.423183,1.0
4651,fe9e0b55-3601-4032-aecd-2578784f6335,2025-10-02,STR001,SKU1001,23,19.0,2025-11-04 11:16:19.423183,4.0
4652,fe9e0b55-3601-4032-aecd-2578784f6335,2025-10-02,STR001,SKU1002,5,5.0,2025-11-04 11:16:19.423183,0.0
4653,fe9e0b55-3601-4032-aecd-2578784f6335,2025-10-02,STR001,SKU1003,19,20.0,2025-11-04 11:16:19.423183,1.0
4654,fe9e0b55-3601-4032-aecd-2578784f6335,2025-10-02,STR001,SKU1004,13,15.0,2025-11-04 11:16:19.423183,2.0
4655,fe9e0b55-3601-4032-aecd-2578784f6335,2025-10-02,STR001,SKU1005,31,27.0,2025-11-04 11:16:19.423183,4.0
4656,fe9e0b55-3601-4032-aecd-2578784f6335,2025-10-02,STR002,SKU1001,24,24.0,2025-11-04 11:16:19.423183,0.0
4657,fe9e0b55-3601-4032-aecd-2578784f6335,2025-10-02,STR002,SKU1002,9,10.0,2025-11-04 11:16:19.423183,1.0
4658,fe9e0b55-3601-4032-aecd-2578784f6335,2025-10-02,STR002,SKU1003,12,28.0,2025-11-04 11:16:19.423183,16.0
4659,fe9e0b55-3601-4032-aecd-2578784f6335,2025-10-02,STR002,SKU1004,29,26.0,2025-11-04 11:16:19.423183,3.0
4660,fe9e0b55-3601-4032-aecd-2578784f6335,2025-10-02,STR002,SKU1005,16,20.0,2025-11-04 11:16:19.423183,4.0
4661,fe9e0b55-3601-4032-aecd-2578784f6335,2025-10-02,STR003,SKU1001,5,6.0,2025-11-04 11:16:19.423183,1.0
4662,fe9e0b55-3601-4032-aecd-2578784f6335,2025-10-02,STR003,SKU1002,5,5.0,2025-11-04 11:16:19.423183,0.0
4663,fe9e0b55-3601-4032-aecd-2578784f6335,2025-10-02,STR003,SKU1003,29,28.0,2025-11-04 11:16:19.423183,1.0
4664,fe9e0b55-3601-4032-aecd-2578784f6335,2025-10-02,STR003,SKU1004,30,28.0,2025-11-04 11:16:19.423183,2.0
4665,fe9e0b55-3601-4032-aecd-2578784f6335,2025-10-02,STR003,SKU1005,14,13.0,2025-11-04 11:16:19.423183,1.0
4666,fe9e0b55-3601-4032-aecd-2578784f6335,2025-10-02,STR004,SKU1001,321,294.0,2025-11-04 11:16:19.423183,27.0
4667,fe9e0b55-3601-4032-aecd-2578784f6335,2025-10-02,STR004,SKU1002,251,275.0,2025-11-04 11:16:19.423183,24.0
4668,fe9e0b55-3601-4032-aecd-2578784f6335,2025-10-02,STR004,SKU1003,239,238.0,2025-11-04 11:16:19.423183,1.0
4669,fe9e0b55-3601-4032-aecd-2578784f6335,2025-10-02,STR004,SKU1004,230,210.0,2025-11-04 11:16:19.423183,20.0
4670,fe9e0b55-3601-4032-aecd-2578784f6335,2025-10-02,STR004,SKU1005,206,164.0,2025-11-04 11:16:19.423183,42.0
4671,fe9e0b55-3601-4032-aecd-2578784f6335,2025-10-02,STR005,SKU1001,199,243.0,2025-11-04 11:16:19.423183,44.0
4672,fe9e0b55-3601-4032-aecd-2578784f6335,2025-10-02,STR005,SKU1002,189,200.0,2025-11-04 11:16:19.423183,11.0
4673,fe9e0b55-3601-4032-aecd-2578784f6335,2025-10-02,STR005,SKU1003,146,176.0,2025-11-04 11:16:19.423183,30.0
4674,fe9e0b55-3601-4032-aecd-2578784f6335,2025-10-02,STR005,SKU1004,227,223.0,2025-11-04 11:16:19.423183,4.0
4675,fe9e0b55-3601-4032-aecd-2578784f6335,2025-10-02,STR005,SKU1005,255,210.0,2025-11-04 11:16:19.423183,45.0
4676,fe9e0b55-3601-4032-aecd-2578784f6335,2025-10-02,STR006,SKU1001,108,107.0,2025-11-04 11:16:19.423183,1.0
4677,fe9e0b55-3601-4032-aecd-2578784f6335,2025-10-02,STR006,SKU1002,82,80.0,2025-11-04 11:16:19.423183,2.0
4678,fe9e0b55-3601-4032-aecd-2578784f6335,2025-10-02,STR006,SKU1003,57,61.0,2025-11-04 11:16:19.423183,4.0
4679,fe9e0b55-3601-4032-aecd-2578784f6335,2025-10-02,STR006,SKU1004,101,95.0,2025-11-04 11:16:19.423183,6.0
4680,fe9e0b55-3601-4032-aecd-2578784f6335,2025-10-02,STR006,SKU1005,92,80.0,2025-11-04 11:16:19.423183,12.0
4681,fe9e0b55-3601-4032-aecd-2578784f6335,2025-10-02,STR007,SKU1001,85,81.0,2025-11-04 11:16:19.423183,4.0
4682,fe9e0b55-3601-4032-aecd-2578784f6335,2025-10-02,STR007,SKU1002,75,81.0,2025-11-04 11:16:19.423183,6.0
4683,fe9e0b55-3601-4032-aecd-2578784f6335,2025-10-02,STR007,SKU1003,101,102.0,2025-11-04 11:16:19.423183,1.0
4684,fe9e0b55-3601-4032-aecd-2578784f6335,2025-10-02,STR007,SKU1004,95,110.0,2025-11-04 11:16:19.423183,15.0
4685,fe9e0b55-3601-4032-aecd-2578784f6335,2025-10-02,STR007,SKU1005,85,95.0,2025-11-04 11:16:19.423183,10.0
4686,fe9e0b55-3601-4032-aecd-2578784f6335,2025-10-02,STR008,SKU1001,54,56.0,2025-11-04 11:16:19.423183,2.0
4687,fe9e0b55-3601-4032-aecd-2578784f6335,2025-10-02,STR008,SKU1002,43,53.0,2025-11-04 11:16:19.423183,10.0
4688,fe9e0b55-3601-4032-aecd-2578784f6335,2025-10-02,STR008,SKU1003,110,101.0,2025-11-04 11:16:19.423183,9.0
4689,fe9e0b55-3601-4032-aecd-2578784f6335,2025-10-02,STR008,SKU1004,97,80.0,2025-11-04 11:16:19.423183,17.0
4690,fe9e0b55-3601-4032-aecd-2578784f6335,2025-10-02,STR008,SKU1005,92,85.0,2025-11-04 11:16:19.423183,7.0
4691,fe9e0b55-3601-4032-aecd-2578784f6335,2025-10-02,STR009,SKU1001,76,103.0,2025-11-04 11:16:19.423183,27.0
4692,fe9e0b55-3601-4032-aecd-2578784f6335,2025-10-02,STR009,SKU1002,98,103.0,2025-11-04 11:16:19.423183,5.0
4693,fe9e0b55-3601-4032-aecd-2578784f6335,2025-10-02,STR009,SKU1003,73,66.0,2025-11-04 11:16:19.423183,7.0
4694,fe9e0b55-3601-4032-aecd-2578784f6335,2025-10-02,STR009,SKU1004,98,79.0,2025-11-04 11:16:19.423183,19.0
4695,fe9e0b55-3601-4032-aecd-2578784f6335,2025-10-02,STR009,SKU1005,68,71.0,2025-11-04 11:16:19.423183,3.0
4696,fe9e0b55-3601-4032-aecd-2578784f6335,2025-10-02,STR010,SKU1001,130,92.0,2025-11-04 11:16:19.423183,38.0
4697,fe9e0b55-3601-4032-aecd-2578784f6335,2025-10-02,STR010,SKU1002,89,76.0,2025-11-04 11:16:19.423183,13.0
4698,fe9e0b55-3601-4032-aecd-2578784f6335,2025-10-02,STR010,SKU1003,78,86.0,2025-11-04 11:16:19.423183,8.0
4699,fe9e0b55-3601-4032-aecd-2578784f6335,2025-10-02,STR010,SKU1004,83,95.0,2025-11-04 11:16:19.423183,12.0
4700,fe9e0b55-3601-4032-aecd-2578784f6335,2025-10-02,STR010,SKU1005,88,84.0,2025-11-04 11:16:19.423183,4.0
4701,fe9e0b55-3601-4032-aecd-2578784f6335,2025-10-03,STR001,SKU1001,9,8.0,2025-11-04 11:16:19.423183,1.0
4702,fe9e0b55-3601-4032-aecd-2578784f6335,2025-10-03,STR001,SKU1002,19,20.0,2025-11-04 11:16:19.423183,1.0
4703,fe9e0b55-3601-4032-aecd-2578784f6335,2025-10-03,STR001,SKU1003,12,20.0,2025-11-04 11:16:19.423183,8.0
4704,fe9e0b55-3601-4032-aecd-2578784f6335,2025-10-03,STR001,SKU1004,23,25.0,2025-11-04 11:16:19.423183,2.0
4705,fe9e0b55-3601-4032-aecd-2578784f6335,2025-10-03,STR001,SKU1005,28,29.0,2025-11-04 11:16:19.423183,1.0
4706,fe9e0b55-3601-4032-aecd-2578784f6335,2025-10-03,STR002,SKU1001,7,8.0,2025-11-04 11:16:19.423183,1.0
4707,fe9e0b55-3601-4032-aecd-2578784f6335,2025-10-03,STR002,SKU1002,18,23.0,2025-11-04 11:16:19.423183,5.0
4708,fe9e0b55-3601-4032-aecd-2578784f6335,2025-10-03,STR002,SKU1003,17,21.0,2025-11-04 11:16:19.423183,4.0
4709,fe9e0b55-3601-4032-aecd-2578784f6335,2025-10-03,STR002,SKU1004,17,17.0,2025-11-04 11:16:19.423183,0.0
4710,fe9e0b55-3601-4032-aecd-2578784f6335,2025-10-03,STR002,SKU1005,27,26.0,2025-11-04 11:16:19.423183,1.0
4711,fe9e0b55-3601-4032-aecd-2578784f6335,2025-10-03,STR003,SKU1001,19,27.0,2025-11-04 11:16:19.423183,8.0
4712,fe9e0b55-3601-4032-aecd-2578784f6335,2025-10-03,STR003,SKU1002,25,28.0,2025-11-04 11:16:19.423183,3.0
4713,fe9e0b55-3601-4032-aecd-2578784f6335,2025-10-03,STR003,SKU1003,5,5.0,2025-11-04 11:16:19.423183,0.0
4714,fe9e0b55-3601-4032-aecd-2578784f6335,2025-10-03,STR003,SKU1004,13,16.0,2025-11-04 11:16:19.423183,3.0
4715,fe9e0b55-3601-4032-aecd-2578784f6335,2025-10-03,STR003,SKU1005,7,8.0,2025-11-04 11:16:19.423183,1.0
4716,fe9e0b55-3601-4032-aecd-2578784f6335,2025-10-03,STR004,SKU1001,241,215.0,2025-11-04 11:16:19.423183,26.0
4717,fe9e0b55-3601-4032-aecd-2578784f6335,2025-10-03,STR004,SKU1002,364,294.0,2025-11-04 11:16:19.423183,70.0
4718,fe9e0b55-3601-4032-aecd-2578784f6335,2025-10-03,STR004,SKU1003,188,234.0,2025-11-04 11:16:19.423183,46.0
4719,fe9e0b55-3601-4032-aecd-2578784f6335,2025-10-03,STR004,SKU1004,374,286.0,2025-11-04 11:16:19.423183,88.0
4720,fe9e0b55-3601-4032-aecd-2578784f6335,2025-10-03,STR004,SKU1005,301,293.0,2025-11-04 11:16:19.423183,8.0
4721,fe9e0b55-3601-4032-aecd-2578784f6335,2025-10-03,STR005,SKU1001,292,272.0,2025-11-04 11:16:19.423183,20.0
4722,fe9e0b55-3601-4032-aecd-2578784f6335,2025-10-03,STR005,SKU1002,148,151.0,2025-11-04 11:16:19.423183,3.0
4723,fe9e0b55-3601-4032-aecd-2578784f6335,2025-10-03,STR005,SKU1003,294,255.0,2025-11-04 11:16:19.423183,39.0
4724,fe9e0b55-3601-4032-aecd-2578784f6335,2025-10-03,STR005,SKU1004,287,257.0,2025-11-04 11:16:19.423183,30.0
4725,fe9e0b55-3601-4032-aecd-2578784f6335,2025-10-03,STR005,SKU1005,262,221.0,2025-11-04 11:16:19.423183,41.0
4726,fe9e0b55-3601-4032-aecd-2578784f6335,2025-10-03,STR006,SKU1001,93,92.0,2025-11-04 11:16:19.423183,1.0
4727,fe9e0b55-3601-4032-aecd-2578784f6335,2025-10-03,STR006,SKU1002,118,91.0,2025-11-04 11:16:19.423183,27.0
4728,fe9e0b55-3601-4032-aecd-2578784f6335,2025-10-03,STR006,SKU1003,102,106.0,2025-11-04 11:16:19.423183,4.0
4729,fe9e0b55-3601-4032-aecd-2578784f6335,2025-10-03,STR006,SKU1004,98,116.0,2025-11-04 11:16:19.423183,18.0
4730,fe9e0b55-3601-4032-aecd-2578784f6335,2025-10-03,STR006,SKU1005,69,79.0,2025-11-04 11:16:19.423183,10.0
4731,fe9e0b55-3601-4032-aecd-2578784f6335,2025-10-03,STR007,SKU1001,68,62.0,2025-11-04 11:16:19.423183,6.0
4732,fe9e0b55-3601-4032-aecd-2578784f6335,2025-10-03,STR007,SKU1002,57,68.0,2025-11-04 11:16:19.423183,11.0
4733,fe9e0b55-3601-4032-aecd-2578784f6335,2025-10-03,STR007,SKU1003,64,56.0,2025-11-04 11:16:19.423183,8.0
4734,fe9e0b55-3601-4032-aecd-2578784f6335,2025-10-03,STR007,SKU1004,69,58.0,2025-11-04 11:16:19.423183,11.0
4735,fe9e0b55-3601-4032-aecd-2578784f6335,2025-10-03,STR007,SKU1005,89,103.0,2025-11-04 11:16:19.423183,14.0
4736,fe9e0b55-3601-4032-aecd-2578784f6335,2025-10-03,STR008,SKU1001,116,110.0,2025-11-04 11:16:19.423183,6.0
4737,fe9e0b55-3601-4032-aecd-2578784f6335,2025-10-03,STR008,SKU1002,41,51.0,2025-11-04 11:16:19.423183,10.0
4738,fe9e0b55-3601-4032-aecd-2578784f6335,2025-10-03,STR008,SKU1003,89,99.0,2025-11-04 11:16:19.423183,10.0
4739,fe9e0b55-3601-4032-aecd-2578784f6335,2025-10-03,STR008,SKU1004,107,80.0,2025-11-04 11:16:19.423183,27.0
4740,fe9e0b55-3601-4032-aecd-2578784f6335,2025-10-03,STR008,SKU1005,87,82.0,2025-11-04 11:16:19.423183,5.0
4741,fe9e0b55-3601-4032-aecd-2578784f6335,2025-10-03,STR009,SKU1001,66,60.0,2025-11-04 11:16:19.423183,6.0
4742,fe9e0b55-3601-4032-aecd-2578784f6335,2025-10-03,STR009,SKU1002,85,82.0,2025-11-04 11:16:19.423183,3.0
4743,fe9e0b55-3601-4032-aecd-2578784f6335,2025-10-03,STR009,SKU1003,53,56.0,2025-11-04 11:16:19.423183,3.0
4744,fe9e0b55-3601-4032-aecd-2578784f6335,2025-10-03,STR009,SKU1004,87,80.0,2025-11-04 11:16:19.423183,7.0
4745,fe9e0b55-3601-4032-aecd-2578784f6335,2025-10-03,STR009,SKU1005,111,97.0,2025-11-04 11:16:19.423183,14.0
4746,fe9e0b55-3601-4032-aecd-2578784f6335,2025-10-03,STR010,SKU1001,91,96.0,2025-11-04 11:16:19.423183,5.0
4747,fe9e0b55-3601-4032-aecd-2578784f6335,2025-10-03,STR010,SKU1002,71,102.0,2025-11-04 11:16:19.423183,31.0
4748,fe9e0b55-3601-4032-aecd-2578784f6335,2025-10-03,STR010,SKU1003,49,68.0,2025-11-04 11:16:19.423183,19.0
4749,fe9e0b55-3601-4032-aecd-2578784f6335,2025-10-03,STR010,SKU1004,62,55.0,2025-11-04 11:16:19.423183,7.0
4750,fe9e0b55-3601-4032-aecd-2578784f6335,2025-10-03,STR010,SKU1005,102,98.0,2025-11-04 11:16:19.423183,4.0
4751,fe9e0b55-3601-4032-aecd-2578784f6335,2025-10-04,STR001,SKU1001,14,13.0,2025-11-04 11:16:19.423183,1.0
4752,fe9e0b55-3601-4032-aecd-2578784f6335,2025-10-04,STR001,SKU1002,24,22.0,2025-11-04 11:16:19.423183,2.0
4753,fe9e0b55-3601-4032-aecd-2578784f6335,2025-10-04,STR001,SKU1003,20,21.0,2025-11-04 11:16:19.423183,1.0
4754,fe9e0b55-3601-4032-aecd-2578784f6335,2025-10-04,STR001,SKU1004,18,16.0,2025-11-04 11:16:19.423183,2.0
4755,fe9e0b55-3601-4032-aecd-2578784f6335,2025-10-04,STR001,SKU1005,27,27.0,2025-11-04 11:16:19.423183,0.0
4756,fe9e0b55-3601-4032-aecd-2578784f6335,2025-10-04,STR002,SKU1001,26,26.0,2025-11-04 11:16:19.423183,0.0
4757,fe9e0b55-3601-4032-aecd-2578784f6335,2025-10-04,STR002,SKU1002,26,26.0,2025-11-04 11:16:19.423183,0.0
4758,fe9e0b55-3601-4032-aecd-2578784f6335,2025-10-04,STR002,SKU1003,11,9.0,2025-11-04 11:16:19.423183,2.0
4759,fe9e0b55-3601-4032-aecd-2578784f6335,2025-10-04,STR002,SKU1004,15,15.0,2025-11-04 11:16:19.423183,0.0
4760,fe9e0b55-3601-4032-aecd-2578784f6335,2025-10-04,STR002,SKU1005,7,8.0,2025-11-04 11:16:19.423183,1.0
4761,fe9e0b55-3601-4032-aecd-2578784f6335,2025-10-04,STR003,SKU1001,9,8.0,2025-11-04 11:16:19.423183,1.0
4762,fe9e0b55-3601-4032-aecd-2578784f6335,2025-10-04,STR003,SKU1002,5,7.0,2025-11-04 11:16:19.423183,2.0
4763,fe9e0b55-3601-4032-aecd-2578784f6335,2025-10-04,STR003,SKU1003,21,28.0,2025-11-04 11:16:19.423183,7.0
4764,fe9e0b55-3601-4032-aecd-2578784f6335,2025-10-04,STR003,SKU1004,27,27.0,2025-11-04 11:16:19.423183,0.0
4765,fe9e0b55-3601-4032-aecd-2578784f6335,2025-10-04,STR003,SKU1005,31,29.0,2025-11-04 11:16:19.423183,2.0
4766,fe9e0b55-3601-4032-aecd-2578784f6335,2025-10-04,STR004,SKU1001,253,294.0,2025-11-04 11:16:19.423183,41.0
4767,fe9e0b55-3601-4032-aecd-2578784f6335,2025-10-04,STR004,SKU1002,248,239.0,2025-11-04 11:16:19.423183,9.0
4768,fe9e0b55-3601-4032-aecd-2578784f6335,2025-10-04,STR004,SKU1003,243,204.0,2025-11-04 11:16:19.423183,39.0
4769,fe9e0b55-3601-4032-aecd-2578784f6335,2025-10-04,STR004,SKU1004,175,194.0,2025-11-04 11:16:19.423183,19.0
4770,fe9e0b55-3601-4032-aecd-2578784f6335,2025-10-04,STR004,SKU1005,133,150.0,2025-11-04 11:16:19.423183,17.0
4771,fe9e0b55-3601-4032-aecd-2578784f6335,2025-10-04,STR005,SKU1001,248,170.0,2025-11-04 11:16:19.423183,78.0
4772,fe9e0b55-3601-4032-aecd-2578784f6335,2025-10-04,STR005,SKU1002,151,170.0,2025-11-04 11:16:19.423183,19.0
4773,fe9e0b55-3601-4032-aecd-2578784f6335,2025-10-04,STR005,SKU1003,210,201.0,2025-11-04 11:16:19.423183,9.0
4774,fe9e0b55-3601-4032-aecd-2578784f6335,2025-10-04,STR005,SKU1004,245,231.0,2025-11-04 11:16:19.423183,14.0
4775,fe9e0b55-3601-4032-aecd-2578784f6335,2025-10-04,STR005,SKU1005,261,216.0,2025-11-04 11:16:19.423183,45.0
4776,fe9e0b55-3601-4032-aecd-2578784f6335,2025-10-04,STR006,SKU1001,74,93.0,2025-11-04 11:16:19.423183,19.0
4777,fe9e0b55-3601-4032-aecd-2578784f6335,2025-10-04,STR006,SKU1002,76,81.0,2025-11-04 11:16:19.423183,5.0
4778,fe9e0b55-3601-4032-aecd-2578784f6335,2025-10-04,STR006,SKU1003,61,59.0,2025-11-04 11:16:19.423183,2.0
4779,fe9e0b55-3601-4032-aecd-2578784f6335,2025-10-04,STR006,SKU1004,63,113.0,2025-11-04 11:16:19.423183,50.0
4780,fe9e0b55-3601-4032-aecd-2578784f6335,2025-10-04,STR006,SKU1005,132,118.0,2025-11-04 11:16:19.423183,14.0
4781,fe9e0b55-3601-4032-aecd-2578784f6335,2025-10-04,STR007,SKU1001,98,117.0,2025-11-04 11:16:19.423183,19.0
4782,fe9e0b55-3601-4032-aecd-2578784f6335,2025-10-04,STR007,SKU1002,76,77.0,2025-11-04 11:16:19.423183,1.0
4783,fe9e0b55-3601-4032-aecd-2578784f6335,2025-10-04,STR007,SKU1003,89,102.0,2025-11-04 11:16:19.423183,13.0
4784,fe9e0b55-3601-4032-aecd-2578784f6335,2025-10-04,STR007,SKU1004,101,100.0,2025-11-04 11:16:19.423183,1.0
4785,fe9e0b55-3601-4032-aecd-2578784f6335,2025-10-04,STR007,SKU1005,127,102.0,2025-11-04 11:16:19.423183,25.0
4786,fe9e0b55-3601-4032-aecd-2578784f6335,2025-10-04,STR008,SKU1001,61,53.0,2025-11-04 11:16:19.423183,8.0
4787,fe9e0b55-3601-4032-aecd-2578784f6335,2025-10-04,STR008,SKU1002,79,66.0,2025-11-04 11:16:19.423183,13.0
4788,fe9e0b55-3601-4032-aecd-2578784f6335,2025-10-04,STR008,SKU1003,128,116.0,2025-11-04 11:16:19.423183,12.0
4789,fe9e0b55-3601-4032-aecd-2578784f6335,2025-10-04,STR008,SKU1004,96,96.0,2025-11-04 11:16:19.423183,0.0
4790,fe9e0b55-3601-4032-aecd-2578784f6335,2025-10-04,STR008,SKU1005,102,105.0,2025-11-04 11:16:19.423183,3.0
4791,fe9e0b55-3601-4032-aecd-2578784f6335,2025-10-04,STR009,SKU1001,64,72.0,2025-11-04 11:16:19.423183,8.0
4792,fe9e0b55-3601-4032-aecd-2578784f6335,2025-10-04,STR009,SKU1002,62,67.0,2025-11-04 11:16:19.423183,5.0
4793,fe9e0b55-3601-4032-aecd-2578784f6335,2025-10-04,STR009,SKU1003,58,50.0,2025-11-04 11:16:19.423183,8.0
4794,fe9e0b55-3601-4032-aecd-2578784f6335,2025-10-04,STR009,SKU1004,88,84.0,2025-11-04 11:16:19.423183,4.0
4795,fe9e0b55-3601-4032-aecd-2578784f6335,2025-10-04,STR009,SKU1005,109,113.0,2025-11-04 11:16:19.423183,4.0
4796,fe9e0b55-3601-4032-aecd-2578784f6335,2025-10-04,STR010,SKU1001,75,107.0,2025-11-04 11:16:19.423183,32.0
4797,fe9e0b55-3601-4032-aecd-2578784f6335,2025-10-04,STR010,SKU1002,106,108.0,2025-11-04 11:16:19.423183,2.0
4798,fe9e0b55-3601-4032-aecd-2578784f6335,2025-10-04,STR010,SKU1003,47,50.0,2025-11-04 11:16:19.423183,3.0
4799,fe9e0b55-3601-4032-aecd-2578784f6335,2025-10-04,STR010,SKU1004,53,52.0,2025-11-04 11:16:19.423183,1.0
4800,fe9e0b55-3601-4032-aecd-2578784f6335,2025-10-04,STR010,SKU1005,103,116.0,2025-11-04 11:16:19.423183,13.0
4801,fe9e0b55-3601-4032-aecd-2578784f6335,2025-10-05,STR001,SKU1001,7,9.0,2025-11-04 11:16:19.423183,2.0
4802,fe9e0b55-3601-4032-aecd-2578784f6335,2025-10-05,STR001,SKU1002,24,23.0,2025-11-04 11:16:19.423183,1.0
4803,fe9e0b55-3601-4032-aecd-2578784f6335,2025-10-05,STR001,SKU1003,33,29.0,2025-11-04 11:16:19.423183,4.0
4804,fe9e0b55-3601-4032-aecd-2578784f6335,2025-10-05,STR001,SKU1004,5,5.0,2025-11-04 11:16:19.423183,0.0
4805,fe9e0b55-3601-4032-aecd-2578784f6335,2025-10-05,STR001,SKU1005,9,8.0,2025-11-04 11:16:19.423183,1.0
4806,fe9e0b55-3601-4032-aecd-2578784f6335,2025-10-05,STR002,SKU1001,8,8.0,2025-11-04 11:16:19.423183,0.0
4807,fe9e0b55-3601-4032-aecd-2578784f6335,2025-10-05,STR002,SKU1002,25,21.0,2025-11-04 11:16:19.423183,4.0
4808,fe9e0b55-3601-4032-aecd-2578784f6335,2025-10-05,STR002,SKU1003,22,18.0,2025-11-04 11:16:19.423183,4.0
4809,fe9e0b55-3601-4032-aecd-2578784f6335,2025-10-05,STR002,SKU1004,23,22.0,2025-11-04 11:16:19.423183,1.0
4810,fe9e0b55-3601-4032-aecd-2578784f6335,2025-10-05,STR002,SKU1005,5,5.0,2025-11-04 11:16:19.423183,0.0
4811,fe9e0b55-3601-4032-aecd-2578784f6335,2025-10-05,STR003,SKU1001,29,26.0,2025-11-04 11:16:19.423183,3.0
4812,fe9e0b55-3601-4032-aecd-2578784f6335,2025-10-05,STR003,SKU1002,22,20.0,2025-11-04 11:16:19.423183,2.0
4813,fe9e0b55-3601-4032-aecd-2578784f6335,2025-10-05,STR003,SKU1003,7,7.0,2025-11-04 11:16:19.423183,0.0
4814,fe9e0b55-3601-4032-aecd-2578784f6335,2025-10-05,STR003,SKU1004,35,27.0,2025-11-04 11:16:19.423183,8.0
4815,fe9e0b55-3601-4032-aecd-2578784f6335,2025-10-05,STR003,SKU1005,32,25.0,2025-11-04 11:16:19.423183,7.0
4816,fe9e0b55-3601-4032-aecd-2578784f6335,2025-10-05,STR004,SKU1001,185,170.0,2025-11-04 11:16:19.423183,15.0
4817,fe9e0b55-3601-4032-aecd-2578784f6335,2025-10-05,STR004,SKU1002,202,175.0,2025-11-04 11:16:19.423183,27.0
4818,fe9e0b55-3601-4032-aecd-2578784f6335,2025-10-05,STR004,SKU1003,228,190.0,2025-11-04 11:16:19.423183,38.0
4819,fe9e0b55-3601-4032-aecd-2578784f6335,2025-10-05,STR004,SKU1004,284,271.0,2025-11-04 11:16:19.423183,13.0
4820,fe9e0b55-3601-4032-aecd-2578784f6335,2025-10-05,STR004,SKU1005,241,187.0,2025-11-04 11:16:19.423183,54.0
4821,fe9e0b55-3601-4032-aecd-2578784f6335,2025-10-05,STR005,SKU1001,229,237.0,2025-11-04 11:16:19.423183,8.0
4822,fe9e0b55-3601-4032-aecd-2578784f6335,2025-10-05,STR005,SKU1002,200,160.0,2025-11-04 11:16:19.423183,40.0
4823,fe9e0b55-3601-4032-aecd-2578784f6335,2025-10-05,STR005,SKU1003,149,178.0,2025-11-04 11:16:19.423183,29.0
4824,fe9e0b55-3601-4032-aecd-2578784f6335,2025-10-05,STR005,SKU1004,248,209.0,2025-11-04 11:16:19.423183,39.0
4825,fe9e0b55-3601-4032-aecd-2578784f6335,2025-10-05,STR005,SKU1005,180,210.0,2025-11-04 11:16:19.423183,30.0
4826,fe9e0b55-3601-4032-aecd-2578784f6335,2025-10-05,STR006,SKU1001,78,68.0,2025-11-04 11:16:19.423183,10.0
4827,fe9e0b55-3601-4032-aecd-2578784f6335,2025-10-05,STR006,SKU1002,99,95.0,2025-11-04 11:16:19.423183,4.0
4828,fe9e0b55-3601-4032-aecd-2578784f6335,2025-10-05,STR006,SKU1003,116,98.0,2025-11-04 11:16:19.423183,18.0
4829,fe9e0b55-3601-4032-aecd-2578784f6335,2025-10-05,STR006,SKU1004,83,71.0,2025-11-04 11:16:19.423183,12.0
4830,fe9e0b55-3601-4032-aecd-2578784f6335,2025-10-05,STR006,SKU1005,124,106.0,2025-11-04 11:16:19.423183,18.0
4831,fe9e0b55-3601-4032-aecd-2578784f6335,2025-10-05,STR007,SKU1001,64,63.0,2025-11-04 11:16:19.423183,1.0
4832,fe9e0b55-3601-4032-aecd-2578784f6335,2025-10-05,STR007,SKU1002,81,93.0,2025-11-04 11:16:19.423183,12.0
4833,fe9e0b55-3601-4032-aecd-2578784f6335,2025-10-05,STR007,SKU1003,73,65.0,2025-11-04 11:16:19.423183,8.0
4834,fe9e0b55-3601-4032-aecd-2578784f6335,2025-10-05,STR007,SKU1004,57,61.0,2025-11-04 11:16:19.423183,4.0
4835,fe9e0b55-3601-4032-aecd-2578784f6335,2025-10-05,STR007,SKU1005,98,104.0,2025-11-04 11:16:19.423183,6.0
4836,fe9e0b55-3601-4032-aecd-2578784f6335,2025-10-05,STR008,SKU1001,119,100.0,2025-11-04 11:16:19.423183,19.0
4837,fe9e0b55-3601-4032-aecd-2578784f6335,2025-10-05,STR008,SKU1002,49,88.0,2025-11-04 11:16:19.423183,39.0
4838,fe9e0b55-3601-4032-aecd-2578784f6335,2025-10-05,STR008,SKU1003,57,82.0,2025-11-04 11:16:19.423183,25.0
4839,fe9e0b55-3601-4032-aecd-2578784f6335,2025-10-05,STR008,SKU1004,85,82.0,2025-11-04 11:16:19.423183,3.0
4840,fe9e0b55-3601-4032-aecd-2578784f6335,2025-10-05,STR008,SKU1005,71,78.0,2025-11-04 11:16:19.423183,7.0
4841,fe9e0b55-3601-4032-aecd-2578784f6335,2025-10-05,STR009,SKU1001,126,118.0,2025-11-04 11:16:19.423183,8.0
4842,fe9e0b55-3601-4032-aecd-2578784f6335,2025-10-05,STR009,SKU1002,108,119.0,2025-11-04 11:16:19.423183,11.0
4843,fe9e0b55-3601-4032-aecd-2578784f6335,2025-10-05,STR009,SKU1003,64,80.0,2025-11-04 11:16:19.423183,16.0
4844,fe9e0b55-3601-4032-aecd-2578784f6335,2025-10-05,STR009,SKU1004,77,80.0,2025-11-04 11:16:19.423183,3.0
4845,fe9e0b55-3601-4032-aecd-2578784f6335,2025-10-05,STR009,SKU1005,71,95.0,2025-11-04 11:16:19.423183,24.0
4846,fe9e0b55-3601-4032-aecd-2578784f6335,2025-10-05,STR010,SKU1001,78,101.0,2025-11-04 11:16:19.423183,23.0
4847,fe9e0b55-3601-4032-aecd-2578784f6335,2025-10-05,STR010,SKU1002,52,59.0,2025-11-04 11:16:19.423183,7.0
4848,fe9e0b55-3601-4032-aecd-2578784f6335,2025-10-05,STR010,SKU1003,82,90.0,2025-11-04 11:16:19.423183,8.0
4849,fe9e0b55-3601-4032-aecd-2578784f6335,2025-10-05,STR010,SKU1004,57,52.0,2025-11-04 11:16:19.423183,5.0
4850,fe9e0b55-3601-4032-aecd-2578784f6335,2025-10-05,STR010,SKU1005,101,108.0,2025-11-04 11:16:19.423183,7.0
4851,fe9e0b55-3601-4032-aecd-2578784f6335,2025-10-06,STR001,SKU1001,25,22.0,2025-11-04 11:16:19.423183,3.0
4852,fe9e0b55-3601-4032-aecd-2578784f6335,2025-10-06,STR001,SKU1002,28,24.0,2025-11-04 11:16:19.423183,4.0
4853,fe9e0b55-3601-4032-aecd-2578784f6335,2025-10-06,STR001,SKU1003,8,6.0,2025-11-04 11:16:19.423183,2.0
4854,fe9e0b55-3601-4032-aecd-2578784f6335,2025-10-06,STR001,SKU1004,20,21.0,2025-11-04 11:16:19.423183,1.0
4855,fe9e0b55-3601-4032-aecd-2578784f6335,2025-10-06,STR001,SKU1005,24,23.0,2025-11-04 11:16:19.423183,1.0
4856,fe9e0b55-3601-4032-aecd-2578784f6335,2025-10-06,STR002,SKU1001,32,27.0,2025-11-04 11:16:19.423183,5.0
4857,fe9e0b55-3601-4032-aecd-2578784f6335,2025-10-06,STR002,SKU1002,15,17.0,2025-11-04 11:16:19.423183,2.0
4858,fe9e0b55-3601-4032-aecd-2578784f6335,2025-10-06,STR002,SKU1003,18,17.0,2025-11-04 11:16:19.423183,1.0
4859,fe9e0b55-3601-4032-aecd-2578784f6335,2025-10-06,STR002,SKU1004,6,5.0,2025-11-04 11:16:19.423183,1.0
4860,fe9e0b55-3601-4032-aecd-2578784f6335,2025-10-06,STR002,SKU1005,6,6.0,2025-11-04 11:16:19.423183,0.0
4861,fe9e0b55-3601-4032-aecd-2578784f6335,2025-10-06,STR003,SKU1001,5,5.0,2025-11-04 11:16:19.423183,0.0
4862,fe9e0b55-3601-4032-aecd-2578784f6335,2025-10-06,STR003,SKU1002,28,28.0,2025-11-04 11:16:19.423183,0.0
4863,fe9e0b55-3601-4032-aecd-2578784f6335,2025-10-06,STR003,SKU1003,9,9.0,2025-11-04 11:16:19.423183,0.0
4864,fe9e0b55-3601-4032-aecd-2578784f6335,2025-10-06,STR003,SKU1004,27,28.0,2025-11-04 11:16:19.423183,1.0
4865,fe9e0b55-3601-4032-aecd-2578784f6335,2025-10-06,STR003,SKU1005,5,7.0,2025-11-04 11:16:19.423183,2.0
4866,fe9e0b55-3601-4032-aecd-2578784f6335,2025-10-06,STR004,SKU1001,225,210.0,2025-11-04 11:16:19.423183,15.0
4867,fe9e0b55-3601-4032-aecd-2578784f6335,2025-10-06,STR004,SKU1002,237,220.0,2025-11-04 11:16:19.423183,17.0
4868,fe9e0b55-3601-4032-aecd-2578784f6335,2025-10-06,STR004,SKU1003,130,179.0,2025-11-04 11:16:19.423183,49.0
4869,fe9e0b55-3601-4032-aecd-2578784f6335,2025-10-06,STR004,SKU1004,313,295.0,2025-11-04 11:16:19.423183,18.0
4870,fe9e0b55-3601-4032-aecd-2578784f6335,2025-10-06,STR004,SKU1005,300,245.0,2025-11-04 11:16:19.423183,55.0
4871,fe9e0b55-3601-4032-aecd-2578784f6335,2025-10-06,STR005,SKU1001,196,205.0,2025-11-04 11:16:19.423183,9.0
4872,fe9e0b55-3601-4032-aecd-2578784f6335,2025-10-06,STR005,SKU1002,228,202.0,2025-11-04 11:16:19.423183,26.0
4873,fe9e0b55-3601-4032-aecd-2578784f6335,2025-10-06,STR005,SKU1003,173,156.0,2025-11-04 11:16:19.423183,17.0
4874,fe9e0b55-3601-4032-aecd-2578784f6335,2025-10-06,STR005,SKU1004,246,246.0,2025-11-04 11:16:19.423183,0.0
4875,fe9e0b55-3601-4032-aecd-2578784f6335,2025-10-06,STR005,SKU1005,277,262.0,2025-11-04 11:16:19.423183,15.0
4876,fe9e0b55-3601-4032-aecd-2578784f6335,2025-10-06,STR006,SKU1001,77,101.0,2025-11-04 11:16:19.423183,24.0
4877,fe9e0b55-3601-4032-aecd-2578784f6335,2025-10-06,STR006,SKU1002,68,53.0,2025-11-04 11:16:19.423183,15.0
4878,fe9e0b55-3601-4032-aecd-2578784f6335,2025-10-06,STR006,SKU1003,84,83.0,2025-11-04 11:16:19.423183,1.0
4879,fe9e0b55-3601-4032-aecd-2578784f6335,2025-10-06,STR006,SKU1004,119,118.0,2025-11-04 11:16:19.423183,1.0
4880,fe9e0b55-3601-4032-aecd-2578784f6335,2025-10-06,STR006,SKU1005,90,82.0,2025-11-04 11:16:19.423183,8.0
4881,fe9e0b55-3601-4032-aecd-2578784f6335,2025-10-06,STR007,SKU1001,108,118.0,2025-11-04 11:16:19.423183,10.0
4882,fe9e0b55-3601-4032-aecd-2578784f6335,2025-10-06,STR007,SKU1002,78,87.0,2025-11-04 11:16:19.423183,9.0
4883,fe9e0b55-3601-4032-aecd-2578784f6335,2025-10-06,STR007,SKU1003,73,75.0,2025-11-04 11:16:19.423183,2.0
4884,fe9e0b55-3601-4032-aecd-2578784f6335,2025-10-06,STR007,SKU1004,55,50.0,2025-11-04 11:16:19.423183,5.0
4885,fe9e0b55-3601-4032-aecd-2578784f6335,2025-10-06,STR007,SKU1005,49,53.0,2025-11-04 11:16:19.423183,4.0
4886,fe9e0b55-3601-4032-aecd-2578784f6335,2025-10-06,STR008,SKU1001,80,88.0,2025-11-04 11:16:19.423183,8.0
4887,fe9e0b55-3601-4032-aecd-2578784f6335,2025-10-06,STR008,SKU1002,120,103.0,2025-11-04 11:16:19.423183,17.0
4888,fe9e0b55-3601-4032-aecd-2578784f6335,2025-10-06,STR008,SKU1003,72,82.0,2025-11-04 11:16:19.423183,10.0
4889,fe9e0b55-3601-4032-aecd-2578784f6335,2025-10-06,STR008,SKU1004,81,82.0,2025-11-04 11:16:19.423183,1.0
4890,fe9e0b55-3601-4032-aecd-2578784f6335,2025-10-06,STR008,SKU1005,68,69.0,2025-11-04 11:16:19.423183,1.0
4891,fe9e0b55-3601-4032-aecd-2578784f6335,2025-10-06,STR009,SKU1001,59,65.0,2025-11-04 11:16:19.423183,6.0
4892,fe9e0b55-3601-4032-aecd-2578784f6335,2025-10-06,STR009,SKU1002,82,70.0,2025-11-04 11:16:19.423183,12.0
4893,fe9e0b55-3601-4032-aecd-2578784f6335,2025-10-06,STR009,SKU1003,109,94.0,2025-11-04 11:16:19.423183,15.0
4894,fe9e0b55-3601-4032-aecd-2578784f6335,2025-10-06,STR009,SKU1004,98,111.0,2025-11-04 11:16:19.423183,13.0
4895,fe9e0b55-3601-4032-aecd-2578784f6335,2025-10-06,STR009,SKU1005,78,80.0,2025-11-04 11:16:19.423183,2.0
4896,fe9e0b55-3601-4032-aecd-2578784f6335,2025-10-06,STR010,SKU1001,105,91.0,2025-11-04 11:16:19.423183,14.0
4897,fe9e0b55-3601-4032-aecd-2578784f6335,2025-10-06,STR010,SKU1002,72,61.0,2025-11-04 11:16:19.423183,11.0
4898,fe9e0b55-3601-4032-aecd-2578784f6335,2025-10-06,STR010,SKU1003,123,114.0,2025-11-04 11:16:19.423183,9.0
4899,fe9e0b55-3601-4032-aecd-2578784f6335,2025-10-06,STR010,SKU1004,53,52.0,2025-11-04 11:16:19.423183,1.0
4900,fe9e0b55-3601-4032-aecd-2578784f6335,2025-10-06,STR010,SKU1005,46,58.0,2025-11-04 11:16:19.423183,12.0
4901,fe9e0b55-3601-4032-aecd-2578784f6335,2025-10-07,STR001,SKU1001,13,14.0,2025-11-04 11:16:19.423183,1.0
4902,fe9e0b55-3601-4032-aecd-2578784f6335,2025-10-07,STR001,SKU1002,25,23.0,2025-11-04 11:16:19.423183,2.0
4903,fe9e0b55-3601-4032-aecd-2578784f6335,2025-10-07,STR001,SKU1003,18,20.0,2025-11-04 11:16:19.423183,2.0
4904,fe9e0b55-3601-4032-aecd-2578784f6335,2025-10-07,STR001,SKU1004,30,28.0,2025-11-04 11:16:19.423183,2.0
4905,fe9e0b55-3601-4032-aecd-2578784f6335,2025-10-07,STR001,SKU1005,21,22.0,2025-11-04 11:16:19.423183,1.0
4906,fe9e0b55-3601-4032-aecd-2578784f6335,2025-10-07,STR002,SKU1001,17,18.0,2025-11-04 11:16:19.423183,1.0
4907,fe9e0b55-3601-4032-aecd-2578784f6335,2025-10-07,STR002,SKU1002,6,7.0,2025-11-04 11:16:19.423183,1.0
4908,fe9e0b55-3601-4032-aecd-2578784f6335,2025-10-07,STR002,SKU1003,7,6.0,2025-11-04 11:16:19.423183,1.0
4909,fe9e0b55-3601-4032-aecd-2578784f6335,2025-10-07,STR002,SKU1004,5,5.0,2025-11-04 11:16:19.423183,0.0
4910,fe9e0b55-3601-4032-aecd-2578784f6335,2025-10-07,STR002,SKU1005,28,22.0,2025-11-04 11:16:19.423183,6.0
4911,fe9e0b55-3601-4032-aecd-2578784f6335,2025-10-07,STR003,SKU1001,27,28.0,2025-11-04 11:16:19.423183,1.0
4912,fe9e0b55-3601-4032-aecd-2578784f6335,2025-10-07,STR003,SKU1002,15,13.0,2025-11-04 11:16:19.423183,2.0
4913,fe9e0b55-3601-4032-aecd-2578784f6335,2025-10-07,STR003,SKU1003,22,17.0,2025-11-04 11:16:19.423183,5.0
4914,fe9e0b55-3601-4032-aecd-2578784f6335,2025-10-07,STR003,SKU1004,5,6.0,2025-11-04 11:16:19.423183,1.0
4915,fe9e0b55-3601-4032-aecd-2578784f6335,2025-10-07,STR003,SKU1005,10,11.0,2025-11-04 11:16:19.423183,1.0
4916,fe9e0b55-3601-4032-aecd-2578784f6335,2025-10-07,STR004,SKU1001,234,261.0,2025-11-04 11:16:19.423183,27.0
4917,fe9e0b55-3601-4032-aecd-2578784f6335,2025-10-07,STR004,SKU1002,298,276.0,2025-11-04 11:16:19.423183,22.0
4918,fe9e0b55-3601-4032-aecd-2578784f6335,2025-10-07,STR004,SKU1003,149,170.0,2025-11-04 11:16:19.423183,21.0
4919,fe9e0b55-3601-4032-aecd-2578784f6335,2025-10-07,STR004,SKU1004,298,296.0,2025-11-04 11:16:19.423183,2.0
4920,fe9e0b55-3601-4032-aecd-2578784f6335,2025-10-07,STR004,SKU1005,196,238.0,2025-11-04 11:16:19.423183,42.0
4921,fe9e0b55-3601-4032-aecd-2578784f6335,2025-10-07,STR005,SKU1001,173,196.0,2025-11-04 11:16:19.423183,23.0
4922,fe9e0b55-3601-4032-aecd-2578784f6335,2025-10-07,STR005,SKU1002,211,299.0,2025-11-04 11:16:19.423183,88.0
4923,fe9e0b55-3601-4032-aecd-2578784f6335,2025-10-07,STR005,SKU1003,206,234.0,2025-11-04 11:16:19.423183,28.0
4924,fe9e0b55-3601-4032-aecd-2578784f6335,2025-10-07,STR005,SKU1004,351,277.0,2025-11-04 11:16:19.423183,74.0
4925,fe9e0b55-3601-4032-aecd-2578784f6335,2025-10-07,STR005,SKU1005,198,221.0,2025-11-04 11:16:19.423183,23.0
4926,fe9e0b55-3601-4032-aecd-2578784f6335,2025-10-07,STR006,SKU1001,96,91.0,2025-11-04 11:16:19.423183,5.0
4927,fe9e0b55-3601-4032-aecd-2578784f6335,2025-10-07,STR006,SKU1002,60,58.0,2025-11-04 11:16:19.423183,2.0
4928,fe9e0b55-3601-4032-aecd-2578784f6335,2025-10-07,STR006,SKU1003,84,74.0,2025-11-04 11:16:19.423183,10.0
4929,fe9e0b55-3601-4032-aecd-2578784f6335,2025-10-07,STR006,SKU1004,59,51.0,2025-11-04 11:16:19.423183,8.0
4930,fe9e0b55-3601-4032-aecd-2578784f6335,2025-10-07,STR006,SKU1005,70,68.0,2025-11-04 11:16:19.423183,2.0
4931,fe9e0b55-3601-4032-aecd-2578784f6335,2025-10-07,STR007,SKU1001,74,69.0,2025-11-04 11:16:19.423183,5.0
4932,fe9e0b55-3601-4032-aecd-2578784f6335,2025-10-07,STR007,SKU1002,141,119.0,2025-11-04 11:16:19.423183,22.0
4933,fe9e0b55-3601-4032-aecd-2578784f6335,2025-10-07,STR007,SKU1003,53,66.0,2025-11-04 11:16:19.423183,13.0
4934,fe9e0b55-3601-4032-aecd-2578784f6335,2025-10-07,STR007,SKU1004,111,117.0,2025-11-04 11:16:19.423183,6.0
4935,fe9e0b55-3601-4032-aecd-2578784f6335,2025-10-07,STR007,SKU1005,63,52.0,2025-11-04 11:16:19.423183,11.0
4936,fe9e0b55-3601-4032-aecd-2578784f6335,2025-10-07,STR008,SKU1001,109,100.0,2025-11-04 11:16:19.423183,9.0
4937,fe9e0b55-3601-4032-aecd-2578784f6335,2025-10-07,STR008,SKU1002,56,75.0,2025-11-04 11:16:19.423183,19.0
4938,fe9e0b55-3601-4032-aecd-2578784f6335,2025-10-07,STR008,SKU1003,114,105.0,2025-11-04 11:16:19.423183,9.0
4939,fe9e0b55-3601-4032-aecd-2578784f6335,2025-10-07,STR008,SKU1004,117,113.0,2025-11-04 11:16:19.423183,4.0
4940,fe9e0b55-3601-4032-aecd-2578784f6335,2025-10-07,STR008,SKU1005,61,57.0,2025-11-04 11:16:19.423183,4.0
4941,fe9e0b55-3601-4032-aecd-2578784f6335,2025-10-07,STR009,SKU1001,88,86.0,2025-11-04 11:16:19.423183,2.0
4942,fe9e0b55-3601-4032-aecd-2578784f6335,2025-10-07,STR009,SKU1002,68,76.0,2025-11-04 11:16:19.423183,8.0
4943,fe9e0b55-3601-4032-aecd-2578784f6335,2025-10-07,STR009,SKU1003,102,94.0,2025-11-04 11:16:19.423183,8.0
4944,fe9e0b55-3601-4032-aecd-2578784f6335,2025-10-07,STR009,SKU1004,52,53.0,2025-11-04 11:16:19.423183,1.0
4945,fe9e0b55-3601-4032-aecd-2578784f6335,2025-10-07,STR009,SKU1005,91,86.0,2025-11-04 11:16:19.423183,5.0
4946,fe9e0b55-3601-4032-aecd-2578784f6335,2025-10-07,STR010,SKU1001,67,82.0,2025-11-04 11:16:19.423183,15.0
4947,fe9e0b55-3601-4032-aecd-2578784f6335,2025-10-07,STR010,SKU1002,70,80.0,2025-11-04 11:16:19.423183,10.0
4948,fe9e0b55-3601-4032-aecd-2578784f6335,2025-10-07,STR010,SKU1003,90,104.0,2025-11-04 11:16:19.423183,14.0
4949,fe9e0b55-3601-4032-aecd-2578784f6335,2025-10-07,STR010,SKU1004,64,61.0,2025-11-04 11:16:19.423183,3.0
4950,fe9e0b55-3601-4032-aecd-2578784f6335,2025-10-07,STR010,SKU1005,58,60.0,2025-11-04 11:16:19.423183,2.0
4951,fe9e0b55-3601-4032-aecd-2578784f6335,2025-10-08,STR001,SKU1001,326,247.0,2025-11-04 11:16:19.423183,79.0
4952,fe9e0b55-3601-4032-aecd-2578784f6335,2025-10-08,STR001,SKU1002,325,276.0,2025-11-04 11:16:19.423183,49.0
4953,fe9e0b55-3601-4032-aecd-2578784f6335,2025-10-08,STR001,SKU1003,109,104.0,2025-11-04 11:16:19.423183,5.0
4954,fe9e0b55-3601-4032-aecd-2578784f6335,2025-10-08,STR001,SKU1004,71,66.0,2025-11-04 11:16:19.423183,5.0
4955,fe9e0b55-3601-4032-aecd-2578784f6335,2025-10-08,STR001,SKU1005,89,95.0,2025-11-04 11:16:19.423183,6.0
4956,fe9e0b55-3601-4032-aecd-2578784f6335,2025-10-08,STR002,SKU1001,274,266.0,2025-11-04 11:16:19.423183,8.0
4957,fe9e0b55-3601-4032-aecd-2578784f6335,2025-10-08,STR002,SKU1002,207,262.0,2025-11-04 11:16:19.423183,55.0
4958,fe9e0b55-3601-4032-aecd-2578784f6335,2025-10-08,STR002,SKU1003,236,228.0,2025-11-04 11:16:19.423183,8.0
4959,fe9e0b55-3601-4032-aecd-2578784f6335,2025-10-08,STR002,SKU1004,256,208.0,2025-11-04 11:16:19.423183,48.0
4960,fe9e0b55-3601-4032-aecd-2578784f6335,2025-10-08,STR002,SKU1005,258,286.0,2025-11-04 11:16:19.423183,28.0
4961,fe9e0b55-3601-4032-aecd-2578784f6335,2025-10-08,STR003,SKU1001,159,187.0,2025-11-04 11:16:19.423183,28.0
4962,fe9e0b55-3601-4032-aecd-2578784f6335,2025-10-08,STR003,SKU1002,221,207.0,2025-11-04 11:16:19.423183,14.0
4963,fe9e0b55-3601-4032-aecd-2578784f6335,2025-10-08,STR003,SKU1003,72,66.0,2025-11-04 11:16:19.423183,6.0
4964,fe9e0b55-3601-4032-aecd-2578784f6335,2025-10-08,STR003,SKU1004,148,136.0,2025-11-04 11:16:19.423183,12.0
4965,fe9e0b55-3601-4032-aecd-2578784f6335,2025-10-08,STR003,SKU1005,168,154.0,2025-11-04 11:16:19.423183,14.0
4966,fe9e0b55-3601-4032-aecd-2578784f6335,2025-10-08,STR004,SKU1001,179,174.0,2025-11-04 11:16:19.423183,5.0
4967,fe9e0b55-3601-4032-aecd-2578784f6335,2025-10-08,STR004,SKU1002,124,97.0,2025-11-04 11:16:19.423183,27.0
4968,fe9e0b55-3601-4032-aecd-2578784f6335,2025-10-08,STR004,SKU1003,255,246.0,2025-11-04 11:16:19.423183,9.0
4969,fe9e0b55-3601-4032-aecd-2578784f6335,2025-10-08,STR004,SKU1004,62,58.0,2025-11-04 11:16:19.423183,4.0
4970,fe9e0b55-3601-4032-aecd-2578784f6335,2025-10-08,STR004,SKU1005,198,166.0,2025-11-04 11:16:19.423183,32.0
4971,fe9e0b55-3601-4032-aecd-2578784f6335,2025-10-08,STR005,SKU1001,240,298.0,2025-11-04 11:16:19.423183,58.0
4972,fe9e0b55-3601-4032-aecd-2578784f6335,2025-10-08,STR005,SKU1002,16,14.0,2025-11-04 11:16:19.423183,2.0
4973,fe9e0b55-3601-4032-aecd-2578784f6335,2025-10-08,STR005,SKU1003,143,186.0,2025-11-04 11:16:19.423183,43.0
4974,fe9e0b55-3601-4032-aecd-2578784f6335,2025-10-08,STR005,SKU1004,182,184.0,2025-11-04 11:16:19.423183,2.0
4975,fe9e0b55-3601-4032-aecd-2578784f6335,2025-10-08,STR005,SKU1005,10,9.0,2025-11-04 11:16:19.423183,1.0
4976,fe9e0b55-3601-4032-aecd-2578784f6335,2025-10-08,STR006,SKU1001,210,235.0,2025-11-04 11:16:19.423183,25.0
4977,fe9e0b55-3601-4032-aecd-2578784f6335,2025-10-08,STR006,SKU1002,289,295.0,2025-11-04 11:16:19.423183,6.0
4978,fe9e0b55-3601-4032-aecd-2578784f6335,2025-10-08,STR006,SKU1003,60,60.0,2025-11-04 11:16:19.423183,0.0
4979,fe9e0b55-3601-4032-aecd-2578784f6335,2025-10-08,STR006,SKU1004,223,216.0,2025-11-04 11:16:19.423183,7.0
4980,fe9e0b55-3601-4032-aecd-2578784f6335,2025-10-08,STR006,SKU1005,314,281.0,2025-11-04 11:16:19.423183,33.0
4981,fe9e0b55-3601-4032-aecd-2578784f6335,2025-10-08,STR007,SKU1001,294,245.0,2025-11-04 11:16:19.423183,49.0
4982,fe9e0b55-3601-4032-aecd-2578784f6335,2025-10-08,STR007,SKU1002,46,39.0,2025-11-04 11:16:19.423183,7.0
4983,fe9e0b55-3601-4032-aecd-2578784f6335,2025-10-08,STR007,SKU1003,114,110.0,2025-11-04 11:16:19.423183,4.0
4984,fe9e0b55-3601-4032-aecd-2578784f6335,2025-10-08,STR007,SKU1004,116,115.0,2025-11-04 11:16:19.423183,1.0
4985,fe9e0b55-3601-4032-aecd-2578784f6335,2025-10-08,STR007,SKU1005,17,20.0,2025-11-04 11:16:19.423183,3.0
4986,fe9e0b55-3601-4032-aecd-2578784f6335,2025-10-08,STR008,SKU1001,220,235.0,2025-11-04 11:16:19.423183,15.0
4987,fe9e0b55-3601-4032-aecd-2578784f6335,2025-10-08,STR008,SKU1002,174,186.0,2025-11-04 11:16:19.423183,12.0
4988,fe9e0b55-3601-4032-aecd-2578784f6335,2025-10-08,STR008,SKU1003,173,194.0,2025-11-04 11:16:19.423183,21.0
4989,fe9e0b55-3601-4032-aecd-2578784f6335,2025-10-08,STR008,SKU1004,113,104.0,2025-11-04 11:16:19.423183,9.0
4990,fe9e0b55-3601-4032-aecd-2578784f6335,2025-10-08,STR008,SKU1005,268,268.0,2025-11-04 11:16:19.423183,0.0
4991,fe9e0b55-3601-4032-aecd-2578784f6335,2025-10-08,STR009,SKU1001,188,284.0,2025-11-04 11:16:19.423183,96.0
4992,fe9e0b55-3601-4032-aecd-2578784f6335,2025-10-08,STR009,SKU1002,127,180.0,2025-11-04 11:16:19.423183,53.0
4993,fe9e0b55-3601-4032-aecd-2578784f6335,2025-10-08,STR009,SKU1003,195,188.0,2025-11-04 11:16:19.423183,7.0
4994,fe9e0b55-3601-4032-aecd-2578784f6335,2025-10-08,STR009,SKU1004,203,158.0,2025-11-04 11:16:19.423183,45.0
4995,fe9e0b55-3601-4032-aecd-2578784f6335,2025-10-08,STR009,SKU1005,187,207.0,2025-11-04 11:16:19.423183,20.0
4996,fe9e0b55-3601-4032-aecd-2578784f6335,2025-10-08,STR010,SKU1001,296,283.0,2025-11-04 11:16:19.423183,13.0
4997,fe9e0b55-3601-4032-aecd-2578784f6335,2025-10-08,STR010,SKU1002,110,130.0,2025-11-04 11:16:19.423183,20.0
4998,fe9e0b55-3601-4032-aecd-2578784f6335,2025-10-08,STR010,SKU1003,55,64.0,2025-11-04 11:16:19.423183,9.0
4999,fe9e0b55-3601-4032-aecd-2578784f6335,2025-10-08,STR010,SKU1004,84,74.0,2025-11-04 11:16:19.423183,10.0
5000,fe9e0b55-3601-4032-aecd-2578784f6335,2025-10-08,STR010,SKU1005,69,67.0,2025-11-04 11:16:19.423183,2.0
5001,fe9e0b55-3601-4032-aecd-2578784f6335,2025-10-09,STR001,SKU1001,212,251.0,2025-11-04 11:16:19.423183,39.0
5002,fe9e0b55-3601-4032-aecd-2578784f6335,2025-10-09,STR001,SKU1002,138,135.0,2025-11-04 11:16:19.423183,3.0
5003,fe9e0b55-3601-4032-aecd-2578784f6335,2025-10-09,STR001,SKU1003,189,167.0,2025-11-04 11:16:19.423183,22.0
5004,fe9e0b55-3601-4032-aecd-2578784f6335,2025-10-09,STR001,SKU1004,92,126.0,2025-11-04 11:16:19.423183,34.0
5005,fe9e0b55-3601-4032-aecd-2578784f6335,2025-10-09,STR001,SKU1005,137,114.0,2025-11-04 11:16:19.423183,23.0
5006,fe9e0b55-3601-4032-aecd-2578784f6335,2025-10-09,STR002,SKU1001,207,239.0,2025-11-04 11:16:19.423183,32.0
5007,fe9e0b55-3601-4032-aecd-2578784f6335,2025-10-09,STR002,SKU1002,109,109.0,2025-11-04 11:16:19.423183,0.0
5008,fe9e0b55-3601-4032-aecd-2578784f6335,2025-10-09,STR002,SKU1003,27,25.0,2025-11-04 11:16:19.423183,2.0
5009,fe9e0b55-3601-4032-aecd-2578784f6335,2025-10-09,STR002,SKU1004,297,279.0,2025-11-04 11:16:19.423183,18.0
5010,fe9e0b55-3601-4032-aecd-2578784f6335,2025-10-09,STR002,SKU1005,185,202.0,2025-11-04 11:16:19.423183,17.0
5011,fe9e0b55-3601-4032-aecd-2578784f6335,2025-10-09,STR003,SKU1001,206,174.0,2025-11-04 11:16:19.423183,32.0
5012,fe9e0b55-3601-4032-aecd-2578784f6335,2025-10-09,STR003,SKU1002,257,278.0,2025-11-04 11:16:19.423183,21.0
5013,fe9e0b55-3601-4032-aecd-2578784f6335,2025-10-09,STR003,SKU1003,130,128.0,2025-11-04 11:16:19.423183,2.0
5014,fe9e0b55-3601-4032-aecd-2578784f6335,2025-10-09,STR003,SKU1004,255,257.0,2025-11-04 11:16:19.423183,2.0
5015,fe9e0b55-3601-4032-aecd-2578784f6335,2025-10-09,STR003,SKU1005,102,111.0,2025-11-04 11:16:19.423183,9.0
5016,fe9e0b55-3601-4032-aecd-2578784f6335,2025-10-09,STR004,SKU1001,101,96.0,2025-11-04 11:16:19.423183,5.0
5017,fe9e0b55-3601-4032-aecd-2578784f6335,2025-10-09,STR004,SKU1002,273,230.0,2025-11-04 11:16:19.423183,43.0
5018,fe9e0b55-3601-4032-aecd-2578784f6335,2025-10-09,STR004,SKU1003,119,162.0,2025-11-04 11:16:19.423183,43.0
5019,fe9e0b55-3601-4032-aecd-2578784f6335,2025-10-09,STR004,SKU1004,62,82.0,2025-11-04 11:16:19.423183,20.0
5020,fe9e0b55-3601-4032-aecd-2578784f6335,2025-10-09,STR004,SKU1005,139,141.0,2025-11-04 11:16:19.423183,2.0
5021,fe9e0b55-3601-4032-aecd-2578784f6335,2025-10-09,STR005,SKU1001,178,195.0,2025-11-04 11:16:19.423183,17.0
5022,fe9e0b55-3601-4032-aecd-2578784f6335,2025-10-09,STR005,SKU1002,133,202.0,2025-11-04 11:16:19.423183,69.0
5023,fe9e0b55-3601-4032-aecd-2578784f6335,2025-10-09,STR005,SKU1003,25,27.0,2025-11-04 11:16:19.423183,2.0
5024,fe9e0b55-3601-4032-aecd-2578784f6335,2025-10-09,STR005,SKU1004,196,210.0,2025-11-04 11:16:19.423183,14.0
5025,fe9e0b55-3601-4032-aecd-2578784f6335,2025-10-09,STR005,SKU1005,189,279.0,2025-11-04 11:16:19.423183,90.0
5026,fe9e0b55-3601-4032-aecd-2578784f6335,2025-10-09,STR006,SKU1001,255,287.0,2025-11-04 11:16:19.423183,32.0
5027,fe9e0b55-3601-4032-aecd-2578784f6335,2025-10-09,STR006,SKU1002,138,139.0,2025-11-04 11:16:19.423183,1.0
5028,fe9e0b55-3601-4032-aecd-2578784f6335,2025-10-09,STR006,SKU1003,208,227.0,2025-11-04 11:16:19.423183,19.0
5029,fe9e0b55-3601-4032-aecd-2578784f6335,2025-10-09,STR006,SKU1004,191,207.0,2025-11-04 11:16:19.423183,16.0
5030,fe9e0b55-3601-4032-aecd-2578784f6335,2025-10-09,STR006,SKU1005,6,6.0,2025-11-04 11:16:19.423183,0.0
5031,fe9e0b55-3601-4032-aecd-2578784f6335,2025-10-09,STR007,SKU1001,163,174.0,2025-11-04 11:16:19.423183,11.0
5032,fe9e0b55-3601-4032-aecd-2578784f6335,2025-10-09,STR007,SKU1002,30,35.0,2025-11-04 11:16:19.423183,5.0
5033,fe9e0b55-3601-4032-aecd-2578784f6335,2025-10-09,STR007,SKU1003,236,188.0,2025-11-04 11:16:19.423183,48.0
5034,fe9e0b55-3601-4032-aecd-2578784f6335,2025-10-09,STR007,SKU1004,15,23.0,2025-11-04 11:16:19.423183,8.0
5035,fe9e0b55-3601-4032-aecd-2578784f6335,2025-10-09,STR007,SKU1005,159,198.0,2025-11-04 11:16:19.423183,39.0
5036,fe9e0b55-3601-4032-aecd-2578784f6335,2025-10-09,STR008,SKU1001,120,139.0,2025-11-04 11:16:19.423183,19.0
5037,fe9e0b55-3601-4032-aecd-2578784f6335,2025-10-09,STR008,SKU1002,68,82.0,2025-11-04 11:16:19.423183,14.0
5038,fe9e0b55-3601-4032-aecd-2578784f6335,2025-10-09,STR008,SKU1003,250,207.0,2025-11-04 11:16:19.423183,43.0
5039,fe9e0b55-3601-4032-aecd-2578784f6335,2025-10-09,STR008,SKU1004,20,25.0,2025-11-04 11:16:19.423183,5.0
5040,fe9e0b55-3601-4032-aecd-2578784f6335,2025-10-09,STR008,SKU1005,163,218.0,2025-11-04 11:16:19.423183,55.0
5041,fe9e0b55-3601-4032-aecd-2578784f6335,2025-10-09,STR009,SKU1001,137,127.0,2025-11-04 11:16:19.423183,10.0
5042,fe9e0b55-3601-4032-aecd-2578784f6335,2025-10-09,STR009,SKU1002,217,184.0,2025-11-04 11:16:19.423183,33.0
5043,fe9e0b55-3601-4032-aecd-2578784f6335,2025-10-09,STR009,SKU1003,6,6.0,2025-11-04 11:16:19.423183,0.0
5044,fe9e0b55-3601-4032-aecd-2578784f6335,2025-10-09,STR009,SKU1004,190,196.0,2025-11-04 11:16:19.423183,6.0
5045,fe9e0b55-3601-4032-aecd-2578784f6335,2025-10-09,STR009,SKU1005,72,58.0,2025-11-04 11:16:19.423183,14.0
5046,fe9e0b55-3601-4032-aecd-2578784f6335,2025-10-09,STR010,SKU1001,243,227.0,2025-11-04 11:16:19.423183,16.0
5047,fe9e0b55-3601-4032-aecd-2578784f6335,2025-10-09,STR010,SKU1002,207,204.0,2025-11-04 11:16:19.423183,3.0
5048,fe9e0b55-3601-4032-aecd-2578784f6335,2025-10-09,STR010,SKU1003,71,89.0,2025-11-04 11:16:19.423183,18.0
5049,fe9e0b55-3601-4032-aecd-2578784f6335,2025-10-09,STR010,SKU1004,167,171.0,2025-11-04 11:16:19.423183,4.0
5050,fe9e0b55-3601-4032-aecd-2578784f6335,2025-10-09,STR010,SKU1005,211,212.0,2025-11-04 11:16:19.423183,1.0
5051,fe9e0b55-3601-4032-aecd-2578784f6335,2025-10-10,STR001,SKU1001,213,245.0,2025-11-04 11:16:19.423183,32.0
5052,fe9e0b55-3601-4032-aecd-2578784f6335,2025-10-10,STR001,SKU1002,222,255.0,2025-11-04 11:16:19.423183,33.0
5053,fe9e0b55-3601-4032-aecd-2578784f6335,2025-10-10,STR001,SKU1003,261,238.0,2025-11-04 11:16:19.423183,23.0
5054,fe9e0b55-3601-4032-aecd-2578784f6335,2025-10-10,STR001,SKU1004,130,108.0,2025-11-04 11:16:19.423183,22.0
5055,fe9e0b55-3601-4032-aecd-2578784f6335,2025-10-10,STR001,SKU1005,132,115.0,2025-11-04 11:16:19.423183,17.0
5056,fe9e0b55-3601-4032-aecd-2578784f6335,2025-10-10,STR002,SKU1001,50,39.0,2025-11-04 11:16:19.423183,11.0
5057,fe9e0b55-3601-4032-aecd-2578784f6335,2025-10-10,STR002,SKU1002,163,208.0,2025-11-04 11:16:19.423183,45.0
5058,fe9e0b55-3601-4032-aecd-2578784f6335,2025-10-10,STR002,SKU1003,250,216.0,2025-11-04 11:16:19.423183,34.0
5059,fe9e0b55-3601-4032-aecd-2578784f6335,2025-10-10,STR002,SKU1004,116,114.0,2025-11-04 11:16:19.423183,2.0
5060,fe9e0b55-3601-4032-aecd-2578784f6335,2025-10-10,STR002,SKU1005,220,228.0,2025-11-04 11:16:19.423183,8.0
5061,fe9e0b55-3601-4032-aecd-2578784f6335,2025-10-10,STR003,SKU1001,9,10.0,2025-11-04 11:16:19.423183,1.0
5062,fe9e0b55-3601-4032-aecd-2578784f6335,2025-10-10,STR003,SKU1002,46,58.0,2025-11-04 11:16:19.423183,12.0
5063,fe9e0b55-3601-4032-aecd-2578784f6335,2025-10-10,STR003,SKU1003,235,212.0,2025-11-04 11:16:19.423183,23.0
5064,fe9e0b55-3601-4032-aecd-2578784f6335,2025-10-10,STR003,SKU1004,206,171.0,2025-11-04 11:16:19.423183,35.0
5065,fe9e0b55-3601-4032-aecd-2578784f6335,2025-10-10,STR003,SKU1005,192,162.0,2025-11-04 11:16:19.423183,30.0
5066,fe9e0b55-3601-4032-aecd-2578784f6335,2025-10-10,STR004,SKU1001,196,183.0,2025-11-04 11:16:19.423183,13.0
5067,fe9e0b55-3601-4032-aecd-2578784f6335,2025-10-10,STR004,SKU1002,262,274.0,2025-11-04 11:16:19.423183,12.0
5068,fe9e0b55-3601-4032-aecd-2578784f6335,2025-10-10,STR004,SKU1003,88,104.0,2025-11-04 11:16:19.423183,16.0
5069,fe9e0b55-3601-4032-aecd-2578784f6335,2025-10-10,STR004,SKU1004,40,39.0,2025-11-04 11:16:19.423183,1.0
5070,fe9e0b55-3601-4032-aecd-2578784f6335,2025-10-10,STR004,SKU1005,115,99.0,2025-11-04 11:16:19.423183,16.0
5071,fe9e0b55-3601-4032-aecd-2578784f6335,2025-10-10,STR005,SKU1001,134,117.0,2025-11-04 11:16:19.423183,17.0
5072,fe9e0b55-3601-4032-aecd-2578784f6335,2025-10-10,STR005,SKU1002,32,30.0,2025-11-04 11:16:19.423183,2.0
5073,fe9e0b55-3601-4032-aecd-2578784f6335,2025-10-10,STR005,SKU1003,15,17.0,2025-11-04 11:16:19.423183,2.0
5074,fe9e0b55-3601-4032-aecd-2578784f6335,2025-10-10,STR005,SKU1004,242,227.0,2025-11-04 11:16:19.423183,15.0
5075,fe9e0b55-3601-4032-aecd-2578784f6335,2025-10-10,STR005,SKU1005,131,142.0,2025-11-04 11:16:19.423183,11.0
5076,fe9e0b55-3601-4032-aecd-2578784f6335,2025-10-10,STR006,SKU1001,108,130.0,2025-11-04 11:16:19.423183,22.0
5077,fe9e0b55-3601-4032-aecd-2578784f6335,2025-10-10,STR006,SKU1002,46,42.0,2025-11-04 11:16:19.423183,4.0
5078,fe9e0b55-3601-4032-aecd-2578784f6335,2025-10-10,STR006,SKU1003,219,231.0,2025-11-04 11:16:19.423183,12.0
5079,fe9e0b55-3601-4032-aecd-2578784f6335,2025-10-10,STR006,SKU1004,72,73.0,2025-11-04 11:16:19.423183,1.0
5080,fe9e0b55-3601-4032-aecd-2578784f6335,2025-10-10,STR006,SKU1005,173,287.0,2025-11-04 11:16:19.423183,114.0
5081,fe9e0b55-3601-4032-aecd-2578784f6335,2025-10-10,STR007,SKU1001,31,42.0,2025-11-04 11:16:19.423183,11.0
5082,fe9e0b55-3601-4032-aecd-2578784f6335,2025-10-10,STR007,SKU1002,258,230.0,2025-11-04 11:16:19.423183,28.0
5083,fe9e0b55-3601-4032-aecd-2578784f6335,2025-10-10,STR007,SKU1003,177,218.0,2025-11-04 11:16:19.423183,41.0
5084,fe9e0b55-3601-4032-aecd-2578784f6335,2025-10-10,STR007,SKU1004,329,263.0,2025-11-04 11:16:19.423183,66.0
5085,fe9e0b55-3601-4032-aecd-2578784f6335,2025-10-10,STR007,SKU1005,210,298.0,2025-11-04 11:16:19.423183,88.0
5086,fe9e0b55-3601-4032-aecd-2578784f6335,2025-10-10,STR008,SKU1001,132,131.0,2025-11-04 11:16:19.423183,1.0
5087,fe9e0b55-3601-4032-aecd-2578784f6335,2025-10-10,STR008,SKU1002,37,44.0,2025-11-04 11:16:19.423183,7.0
5088,fe9e0b55-3601-4032-aecd-2578784f6335,2025-10-10,STR008,SKU1003,167,152.0,2025-11-04 11:16:19.423183,15.0
5089,fe9e0b55-3601-4032-aecd-2578784f6335,2025-10-10,STR008,SKU1004,188,192.0,2025-11-04 11:16:19.423183,4.0
5090,fe9e0b55-3601-4032-aecd-2578784f6335,2025-10-10,STR008,SKU1005,166,162.0,2025-11-04 11:16:19.423183,4.0
5091,fe9e0b55-3601-4032-aecd-2578784f6335,2025-10-10,STR009,SKU1001,112,129.0,2025-11-04 11:16:19.423183,17.0
5092,fe9e0b55-3601-4032-aecd-2578784f6335,2025-10-10,STR009,SKU1002,213,242.0,2025-11-04 11:16:19.423183,29.0
5093,fe9e0b55-3601-4032-aecd-2578784f6335,2025-10-10,STR009,SKU1003,319,269.0,2025-11-04 11:16:19.423183,50.0
5094,fe9e0b55-3601-4032-aecd-2578784f6335,2025-10-10,STR009,SKU1004,158,226.0,2025-11-04 11:16:19.423183,68.0
5095,fe9e0b55-3601-4032-aecd-2578784f6335,2025-10-10,STR009,SKU1005,60,87.0,2025-11-04 11:16:19.423183,27.0
5096,fe9e0b55-3601-4032-aecd-2578784f6335,2025-10-10,STR010,SKU1001,6,7.0,2025-11-04 11:16:19.423183,1.0
5097,fe9e0b55-3601-4032-aecd-2578784f6335,2025-10-10,STR010,SKU1002,272,262.0,2025-11-04 11:16:19.423183,10.0
5098,fe9e0b55-3601-4032-aecd-2578784f6335,2025-10-10,STR010,SKU1003,91,118.0,2025-11-04 11:16:19.423183,27.0
5099,fe9e0b55-3601-4032-aecd-2578784f6335,2025-10-10,STR010,SKU1004,187,254.0,2025-11-04 11:16:19.423183,67.0
5100,fe9e0b55-3601-4032-aecd-2578784f6335,2025-10-10,STR010,SKU1005,231,267.0,2025-11-04 11:16:19.423183,36.0
5101,fe9e0b55-3601-4032-aecd-2578784f6335,2025-10-11,STR001,SKU1001,212,207.0,2025-11-04 11:16:19.423183,5.0
5102,fe9e0b55-3601-4032-aecd-2578784f6335,2025-10-11,STR001,SKU1002,161,135.0,2025-11-04 11:16:19.423183,26.0
5103,fe9e0b55-3601-4032-aecd-2578784f6335,2025-10-11,STR001,SKU1003,277,219.0,2025-11-04 11:16:19.423183,58.0
5104,fe9e0b55-3601-4032-aecd-2578784f6335,2025-10-11,STR001,SKU1004,72,57.0,2025-11-04 11:16:19.423183,15.0
5105,fe9e0b55-3601-4032-aecd-2578784f6335,2025-10-11,STR001,SKU1005,350,287.0,2025-11-04 11:16:19.423183,63.0
5106,fe9e0b55-3601-4032-aecd-2578784f6335,2025-10-11,STR002,SKU1001,29,33.0,2025-11-04 11:16:19.423183,4.0
5107,fe9e0b55-3601-4032-aecd-2578784f6335,2025-10-11,STR002,SKU1002,16,16.0,2025-11-04 11:16:19.423183,0.0
5108,fe9e0b55-3601-4032-aecd-2578784f6335,2025-10-11,STR002,SKU1003,240,202.0,2025-11-04 11:16:19.423183,38.0
5109,fe9e0b55-3601-4032-aecd-2578784f6335,2025-10-11,STR002,SKU1004,299,258.0,2025-11-04 11:16:19.423183,41.0
5110,fe9e0b55-3601-4032-aecd-2578784f6335,2025-10-11,STR002,SKU1005,102,118.0,2025-11-04 11:16:19.423183,16.0
5111,fe9e0b55-3601-4032-aecd-2578784f6335,2025-10-11,STR003,SKU1001,329,291.0,2025-11-04 11:16:19.423183,38.0
5112,fe9e0b55-3601-4032-aecd-2578784f6335,2025-10-11,STR003,SKU1002,104,102.0,2025-11-04 11:16:19.423183,2.0
5113,fe9e0b55-3601-4032-aecd-2578784f6335,2025-10-11,STR003,SKU1003,262,298.0,2025-11-04 11:16:19.423183,36.0
5114,fe9e0b55-3601-4032-aecd-2578784f6335,2025-10-11,STR003,SKU1004,202,244.0,2025-11-04 11:16:19.423183,42.0
5115,fe9e0b55-3601-4032-aecd-2578784f6335,2025-10-11,STR003,SKU1005,294,276.0,2025-11-04 11:16:19.423183,18.0
5116,fe9e0b55-3601-4032-aecd-2578784f6335,2025-10-11,STR004,SKU1001,279,269.0,2025-11-04 11:16:19.423183,10.0
5117,fe9e0b55-3601-4032-aecd-2578784f6335,2025-10-11,STR004,SKU1002,133,137.0,2025-11-04 11:16:19.423183,4.0
5118,fe9e0b55-3601-4032-aecd-2578784f6335,2025-10-11,STR004,SKU1003,129,126.0,2025-11-04 11:16:19.423183,3.0
5119,fe9e0b55-3601-4032-aecd-2578784f6335,2025-10-11,STR004,SKU1004,29,31.0,2025-11-04 11:16:19.423183,2.0
5120,fe9e0b55-3601-4032-aecd-2578784f6335,2025-10-11,STR004,SKU1005,325,298.0,2025-11-04 11:16:19.423183,27.0
5121,fe9e0b55-3601-4032-aecd-2578784f6335,2025-10-11,STR005,SKU1001,146,202.0,2025-11-04 11:16:19.423183,56.0
5122,fe9e0b55-3601-4032-aecd-2578784f6335,2025-10-11,STR005,SKU1002,238,293.0,2025-11-04 11:16:19.423183,55.0
5123,fe9e0b55-3601-4032-aecd-2578784f6335,2025-10-11,STR005,SKU1003,127,137.0,2025-11-04 11:16:19.423183,10.0
5124,fe9e0b55-3601-4032-aecd-2578784f6335,2025-10-11,STR005,SKU1004,58,55.0,2025-11-04 11:16:19.423183,3.0
5125,fe9e0b55-3601-4032-aecd-2578784f6335,2025-10-11,STR005,SKU1005,152,150.0,2025-11-04 11:16:19.423183,2.0
5126,fe9e0b55-3601-4032-aecd-2578784f6335,2025-10-11,STR006,SKU1001,70,84.0,2025-11-04 11:16:19.423183,14.0
5127,fe9e0b55-3601-4032-aecd-2578784f6335,2025-10-11,STR006,SKU1002,241,283.0,2025-11-04 11:16:19.423183,42.0
5128,fe9e0b55-3601-4032-aecd-2578784f6335,2025-10-11,STR006,SKU1003,210,207.0,2025-11-04 11:16:19.423183,3.0
5129,fe9e0b55-3601-4032-aecd-2578784f6335,2025-10-11,STR006,SKU1004,8,10.0,2025-11-04 11:16:19.423183,2.0
5130,fe9e0b55-3601-4032-aecd-2578784f6335,2025-10-11,STR006,SKU1005,157,224.0,2025-11-04 11:16:19.423183,67.0
5131,fe9e0b55-3601-4032-aecd-2578784f6335,2025-10-11,STR007,SKU1001,128,110.0,2025-11-04 11:16:19.423183,18.0
5132,fe9e0b55-3601-4032-aecd-2578784f6335,2025-10-11,STR007,SKU1002,263,299.0,2025-11-04 11:16:19.423183,36.0
5133,fe9e0b55-3601-4032-aecd-2578784f6335,2025-10-11,STR007,SKU1003,306,296.0,2025-11-04 11:16:19.423183,10.0
5134,fe9e0b55-3601-4032-aecd-2578784f6335,2025-10-11,STR007,SKU1004,47,51.0,2025-11-04 11:16:19.423183,4.0
5135,fe9e0b55-3601-4032-aecd-2578784f6335,2025-10-11,STR007,SKU1005,237,279.0,2025-11-04 11:16:19.423183,42.0
5136,fe9e0b55-3601-4032-aecd-2578784f6335,2025-10-11,STR008,SKU1001,97,93.0,2025-11-04 11:16:19.423183,4.0
5137,fe9e0b55-3601-4032-aecd-2578784f6335,2025-10-11,STR008,SKU1002,210,279.0,2025-11-04 11:16:19.423183,69.0
5138,fe9e0b55-3601-4032-aecd-2578784f6335,2025-10-11,STR008,SKU1003,220,206.0,2025-11-04 11:16:19.423183,14.0
5139,fe9e0b55-3601-4032-aecd-2578784f6335,2025-10-11,STR008,SKU1004,239,274.0,2025-11-04 11:16:19.423183,35.0
5140,fe9e0b55-3601-4032-aecd-2578784f6335,2025-10-11,STR008,SKU1005,117,109.0,2025-11-04 11:16:19.423183,8.0
5141,fe9e0b55-3601-4032-aecd-2578784f6335,2025-10-11,STR009,SKU1001,313,278.0,2025-11-04 11:16:19.423183,35.0
5142,fe9e0b55-3601-4032-aecd-2578784f6335,2025-10-11,STR009,SKU1002,223,222.0,2025-11-04 11:16:19.423183,1.0
5143,fe9e0b55-3601-4032-aecd-2578784f6335,2025-10-11,STR009,SKU1003,19,21.0,2025-11-04 11:16:19.423183,2.0
5144,fe9e0b55-3601-4032-aecd-2578784f6335,2025-10-11,STR009,SKU1004,157,210.0,2025-11-04 11:16:19.423183,53.0
5145,fe9e0b55-3601-4032-aecd-2578784f6335,2025-10-11,STR009,SKU1005,92,134.0,2025-11-04 11:16:19.423183,42.0
5146,fe9e0b55-3601-4032-aecd-2578784f6335,2025-10-11,STR010,SKU1001,26,30.0,2025-11-04 11:16:19.423183,4.0
5147,fe9e0b55-3601-4032-aecd-2578784f6335,2025-10-11,STR010,SKU1002,104,125.0,2025-11-04 11:16:19.423183,21.0
5148,fe9e0b55-3601-4032-aecd-2578784f6335,2025-10-11,STR010,SKU1003,61,83.0,2025-11-04 11:16:19.423183,22.0
5149,fe9e0b55-3601-4032-aecd-2578784f6335,2025-10-11,STR010,SKU1004,231,260.0,2025-11-04 11:16:19.423183,29.0
5150,fe9e0b55-3601-4032-aecd-2578784f6335,2025-10-11,STR010,SKU1005,173,158.0,2025-11-04 11:16:19.423183,15.0
5151,fe9e0b55-3601-4032-aecd-2578784f6335,2025-10-12,STR001,SKU1001,72,86.0,2025-11-04 11:16:19.423183,14.0
5152,fe9e0b55-3601-4032-aecd-2578784f6335,2025-10-12,STR001,SKU1002,159,159.0,2025-11-04 11:16:19.423183,0.0
5153,fe9e0b55-3601-4032-aecd-2578784f6335,2025-10-12,STR001,SKU1003,12,12.0,2025-11-04 11:16:19.423183,0.0
5154,fe9e0b55-3601-4032-aecd-2578784f6335,2025-10-12,STR001,SKU1004,64,70.0,2025-11-04 11:16:19.423183,6.0
5155,fe9e0b55-3601-4032-aecd-2578784f6335,2025-10-12,STR001,SKU1005,111,108.0,2025-11-04 11:16:19.423183,3.0
5156,fe9e0b55-3601-4032-aecd-2578784f6335,2025-10-12,STR002,SKU1001,84,91.0,2025-11-04 11:16:19.423183,7.0
5157,fe9e0b55-3601-4032-aecd-2578784f6335,2025-10-12,STR002,SKU1002,220,203.0,2025-11-04 11:16:19.423183,17.0
5158,fe9e0b55-3601-4032-aecd-2578784f6335,2025-10-12,STR002,SKU1003,191,206.0,2025-11-04 11:16:19.423183,15.0
5159,fe9e0b55-3601-4032-aecd-2578784f6335,2025-10-12,STR002,SKU1004,160,259.0,2025-11-04 11:16:19.423183,99.0
5160,fe9e0b55-3601-4032-aecd-2578784f6335,2025-10-12,STR002,SKU1005,125,124.0,2025-11-04 11:16:19.423183,1.0
5161,fe9e0b55-3601-4032-aecd-2578784f6335,2025-10-12,STR003,SKU1001,88,113.0,2025-11-04 11:16:19.423183,25.0
5162,fe9e0b55-3601-4032-aecd-2578784f6335,2025-10-12,STR003,SKU1002,90,99.0,2025-11-04 11:16:19.423183,9.0
5163,fe9e0b55-3601-4032-aecd-2578784f6335,2025-10-12,STR003,SKU1003,112,163.0,2025-11-04 11:16:19.423183,51.0
5164,fe9e0b55-3601-4032-aecd-2578784f6335,2025-10-12,STR003,SKU1004,144,136.0,2025-11-04 11:16:19.423183,8.0
5165,fe9e0b55-3601-4032-aecd-2578784f6335,2025-10-12,STR003,SKU1005,48,60.0,2025-11-04 11:16:19.423183,12.0
5166,fe9e0b55-3601-4032-aecd-2578784f6335,2025-10-12,STR004,SKU1001,105,107.0,2025-11-04 11:16:19.423183,2.0
5167,fe9e0b55-3601-4032-aecd-2578784f6335,2025-10-12,STR004,SKU1002,28,25.0,2025-11-04 11:16:19.423183,3.0
5168,fe9e0b55-3601-4032-aecd-2578784f6335,2025-10-12,STR004,SKU1003,258,278.0,2025-11-04 11:16:19.423183,20.0
5169,fe9e0b55-3601-4032-aecd-2578784f6335,2025-10-12,STR004,SKU1004,258,260.0,2025-11-04 11:16:19.423183,2.0
5170,fe9e0b55-3601-4032-aecd-2578784f6335,2025-10-12,STR004,SKU1005,8,9.0,2025-11-04 11:16:19.423183,1.0
5171,fe9e0b55-3601-4032-aecd-2578784f6335,2025-10-12,STR005,SKU1001,104,94.0,2025-11-04 11:16:19.423183,10.0
5172,fe9e0b55-3601-4032-aecd-2578784f6335,2025-10-12,STR005,SKU1002,141,120.0,2025-11-04 11:16:19.423183,21.0
5173,fe9e0b55-3601-4032-aecd-2578784f6335,2025-10-12,STR005,SKU1003,43,40.0,2025-11-04 11:16:19.423183,3.0
5174,fe9e0b55-3601-4032-aecd-2578784f6335,2025-10-12,STR005,SKU1004,294,248.0,2025-11-04 11:16:19.423183,46.0
5175,fe9e0b55-3601-4032-aecd-2578784f6335,2025-10-12,STR005,SKU1005,237,207.0,2025-11-04 11:16:19.423183,30.0
5176,fe9e0b55-3601-4032-aecd-2578784f6335,2025-10-12,STR006,SKU1001,99,91.0,2025-11-04 11:16:19.423183,8.0
5177,fe9e0b55-3601-4032-aecd-2578784f6335,2025-10-12,STR006,SKU1002,164,167.0,2025-11-04 11:16:19.423183,3.0
5178,fe9e0b55-3601-4032-aecd-2578784f6335,2025-10-12,STR006,SKU1003,193,204.0,2025-11-04 11:16:19.423183,11.0
5179,fe9e0b55-3601-4032-aecd-2578784f6335,2025-10-12,STR006,SKU1004,219,199.0,2025-11-04 11:16:19.423183,20.0
5180,fe9e0b55-3601-4032-aecd-2578784f6335,2025-10-12,STR006,SKU1005,38,30.0,2025-11-04 11:16:19.423183,8.0
5181,fe9e0b55-3601-4032-aecd-2578784f6335,2025-10-12,STR007,SKU1001,131,135.0,2025-11-04 11:16:19.423183,4.0
5182,fe9e0b55-3601-4032-aecd-2578784f6335,2025-10-12,STR007,SKU1002,111,125.0,2025-11-04 11:16:19.423183,14.0
5183,fe9e0b55-3601-4032-aecd-2578784f6335,2025-10-12,STR007,SKU1003,189,150.0,2025-11-04 11:16:19.423183,39.0
5184,fe9e0b55-3601-4032-aecd-2578784f6335,2025-10-12,STR007,SKU1004,188,219.0,2025-11-04 11:16:19.423183,31.0
5185,fe9e0b55-3601-4032-aecd-2578784f6335,2025-10-12,STR007,SKU1005,60,52.0,2025-11-04 11:16:19.423183,8.0
5186,fe9e0b55-3601-4032-aecd-2578784f6335,2025-10-12,STR008,SKU1001,246,258.0,2025-11-04 11:16:19.423183,12.0
5187,fe9e0b55-3601-4032-aecd-2578784f6335,2025-10-12,STR008,SKU1002,224,254.0,2025-11-04 11:16:19.423183,30.0
5188,fe9e0b55-3601-4032-aecd-2578784f6335,2025-10-12,STR008,SKU1003,202,219.0,2025-11-04 11:16:19.423183,17.0
5189,fe9e0b55-3601-4032-aecd-2578784f6335,2025-10-12,STR008,SKU1004,39,42.0,2025-11-04 11:16:19.423183,3.0
5190,fe9e0b55-3601-4032-aecd-2578784f6335,2025-10-12,STR008,SKU1005,156,158.0,2025-11-04 11:16:19.423183,2.0
5191,fe9e0b55-3601-4032-aecd-2578784f6335,2025-10-12,STR009,SKU1001,172,165.0,2025-11-04 11:16:19.423183,7.0
5192,fe9e0b55-3601-4032-aecd-2578784f6335,2025-10-12,STR009,SKU1002,244,236.0,2025-11-04 11:16:19.423183,8.0
5193,fe9e0b55-3601-4032-aecd-2578784f6335,2025-10-12,STR009,SKU1003,163,178.0,2025-11-04 11:16:19.423183,15.0
5194,fe9e0b55-3601-4032-aecd-2578784f6335,2025-10-12,STR009,SKU1004,272,266.0,2025-11-04 11:16:19.423183,6.0
5195,fe9e0b55-3601-4032-aecd-2578784f6335,2025-10-12,STR009,SKU1005,10,11.0,2025-11-04 11:16:19.423183,1.0
5196,fe9e0b55-3601-4032-aecd-2578784f6335,2025-10-12,STR010,SKU1001,181,274.0,2025-11-04 11:16:19.423183,93.0
5197,fe9e0b55-3601-4032-aecd-2578784f6335,2025-10-12,STR010,SKU1002,296,258.0,2025-11-04 11:16:19.423183,38.0
5198,fe9e0b55-3601-4032-aecd-2578784f6335,2025-10-12,STR010,SKU1003,63,76.0,2025-11-04 11:16:19.423183,13.0
5199,fe9e0b55-3601-4032-aecd-2578784f6335,2025-10-12,STR010,SKU1004,170,172.0,2025-11-04 11:16:19.423183,2.0
5200,fe9e0b55-3601-4032-aecd-2578784f6335,2025-10-12,STR010,SKU1005,212,215.0,2025-11-04 11:16:19.423183,3.0
5201,fe9e0b55-3601-4032-aecd-2578784f6335,2025-10-13,STR001,SKU1001,94,84.0,2025-11-04 11:16:19.423183,10.0
5202,fe9e0b55-3601-4032-aecd-2578784f6335,2025-10-13,STR001,SKU1002,200,165.0,2025-11-04 11:16:19.423183,35.0
5203,fe9e0b55-3601-4032-aecd-2578784f6335,2025-10-13,STR001,SKU1003,33,37.0,2025-11-04 11:16:19.423183,4.0
5204,fe9e0b55-3601-4032-aecd-2578784f6335,2025-10-13,STR001,SKU1004,170,177.0,2025-11-04 11:16:19.423183,7.0
5205,fe9e0b55-3601-4032-aecd-2578784f6335,2025-10-13,STR001,SKU1005,59,62.0,2025-11-04 11:16:19.423183,3.0
5206,fe9e0b55-3601-4032-aecd-2578784f6335,2025-10-13,STR002,SKU1001,279,220.0,2025-11-04 11:16:19.423183,59.0
5207,fe9e0b55-3601-4032-aecd-2578784f6335,2025-10-13,STR002,SKU1002,319,298.0,2025-11-04 11:16:19.423183,21.0
5208,fe9e0b55-3601-4032-aecd-2578784f6335,2025-10-13,STR002,SKU1003,122,119.0,2025-11-04 11:16:19.423183,3.0
5209,fe9e0b55-3601-4032-aecd-2578784f6335,2025-10-13,STR002,SKU1004,117,124.0,2025-11-04 11:16:19.423183,7.0
5210,fe9e0b55-3601-4032-aecd-2578784f6335,2025-10-13,STR002,SKU1005,119,107.0,2025-11-04 11:16:19.423183,12.0
5211,fe9e0b55-3601-4032-aecd-2578784f6335,2025-10-13,STR003,SKU1001,275,237.0,2025-11-04 11:16:19.423183,38.0
5212,fe9e0b55-3601-4032-aecd-2578784f6335,2025-10-13,STR003,SKU1002,352,299.0,2025-11-04 11:16:19.423183,53.0
5213,fe9e0b55-3601-4032-aecd-2578784f6335,2025-10-13,STR003,SKU1003,75,69.0,2025-11-04 11:16:19.423183,6.0
5214,fe9e0b55-3601-4032-aecd-2578784f6335,2025-10-13,STR003,SKU1004,66,93.0,2025-11-04 11:16:19.423183,27.0
5215,fe9e0b55-3601-4032-aecd-2578784f6335,2025-10-13,STR003,SKU1005,67,97.0,2025-11-04 11:16:19.423183,30.0
5216,fe9e0b55-3601-4032-aecd-2578784f6335,2025-10-13,STR004,SKU1001,85,81.0,2025-11-04 11:16:19.423183,4.0
5217,fe9e0b55-3601-4032-aecd-2578784f6335,2025-10-13,STR004,SKU1002,232,265.0,2025-11-04 11:16:19.423183,33.0
5218,fe9e0b55-3601-4032-aecd-2578784f6335,2025-10-13,STR004,SKU1003,80,72.0,2025-11-04 11:16:19.423183,8.0
5219,fe9e0b55-3601-4032-aecd-2578784f6335,2025-10-13,STR004,SKU1004,51,57.0,2025-11-04 11:16:19.423183,6.0
5220,fe9e0b55-3601-4032-aecd-2578784f6335,2025-10-13,STR004,SKU1005,197,171.0,2025-11-04 11:16:19.423183,26.0
5221,fe9e0b55-3601-4032-aecd-2578784f6335,2025-10-13,STR005,SKU1001,172,152.0,2025-11-04 11:16:19.423183,20.0
5222,fe9e0b55-3601-4032-aecd-2578784f6335,2025-10-13,STR005,SKU1002,100,128.0,2025-11-04 11:16:19.423183,28.0
5223,fe9e0b55-3601-4032-aecd-2578784f6335,2025-10-13,STR005,SKU1003,221,227.0,2025-11-04 11:16:19.423183,6.0
5224,fe9e0b55-3601-4032-aecd-2578784f6335,2025-10-13,STR005,SKU1004,105,106.0,2025-11-04 11:16:19.423183,1.0
5225,fe9e0b55-3601-4032-aecd-2578784f6335,2025-10-13,STR005,SKU1005,241,214.0,2025-11-04 11:16:19.423183,27.0
5226,fe9e0b55-3601-4032-aecd-2578784f6335,2025-10-13,STR006,SKU1001,159,181.0,2025-11-04 11:16:19.423183,22.0
5227,fe9e0b55-3601-4032-aecd-2578784f6335,2025-10-13,STR006,SKU1002,112,117.0,2025-11-04 11:16:19.423183,5.0
5228,fe9e0b55-3601-4032-aecd-2578784f6335,2025-10-13,STR006,SKU1003,200,229.0,2025-11-04 11:16:19.423183,29.0
5229,fe9e0b55-3601-4032-aecd-2578784f6335,2025-10-13,STR006,SKU1004,168,202.0,2025-11-04 11:16:19.423183,34.0
5230,fe9e0b55-3601-4032-aecd-2578784f6335,2025-10-13,STR006,SKU1005,215,211.0,2025-11-04 11:16:19.423183,4.0
5231,fe9e0b55-3601-4032-aecd-2578784f6335,2025-10-13,STR007,SKU1001,72,85.0,2025-11-04 11:16:19.423183,13.0
5232,fe9e0b55-3601-4032-aecd-2578784f6335,2025-10-13,STR007,SKU1002,169,165.0,2025-11-04 11:16:19.423183,4.0
5233,fe9e0b55-3601-4032-aecd-2578784f6335,2025-10-13,STR007,SKU1003,249,205.0,2025-11-04 11:16:19.423183,44.0
5234,fe9e0b55-3601-4032-aecd-2578784f6335,2025-10-13,STR007,SKU1004,199,200.0,2025-11-04 11:16:19.423183,1.0
5235,fe9e0b55-3601-4032-aecd-2578784f6335,2025-10-13,STR007,SKU1005,249,231.0,2025-11-04 11:16:19.423183,18.0
5236,fe9e0b55-3601-4032-aecd-2578784f6335,2025-10-13,STR008,SKU1001,202,167.0,2025-11-04 11:16:19.423183,35.0
5237,fe9e0b55-3601-4032-aecd-2578784f6335,2025-10-13,STR008,SKU1002,109,118.0,2025-11-04 11:16:19.423183,9.0
5238,fe9e0b55-3601-4032-aecd-2578784f6335,2025-10-13,STR008,SKU1003,97,139.0,2025-11-04 11:16:19.423183,42.0
5239,fe9e0b55-3601-4032-aecd-2578784f6335,2025-10-13,STR008,SKU1004,267,249.0,2025-11-04 11:16:19.423183,18.0
5240,fe9e0b55-3601-4032-aecd-2578784f6335,2025-10-13,STR008,SKU1005,258,291.0,2025-11-04 11:16:19.423183,33.0
5241,fe9e0b55-3601-4032-aecd-2578784f6335,2025-10-13,STR009,SKU1001,91,94.0,2025-11-04 11:16:19.423183,3.0
5242,fe9e0b55-3601-4032-aecd-2578784f6335,2025-10-13,STR009,SKU1002,207,195.0,2025-11-04 11:16:19.423183,12.0
5243,fe9e0b55-3601-4032-aecd-2578784f6335,2025-10-13,STR009,SKU1003,30,38.0,2025-11-04 11:16:19.423183,8.0
5244,fe9e0b55-3601-4032-aecd-2578784f6335,2025-10-13,STR009,SKU1004,131,121.0,2025-11-04 11:16:19.423183,10.0
5245,fe9e0b55-3601-4032-aecd-2578784f6335,2025-10-13,STR009,SKU1005,68,77.0,2025-11-04 11:16:19.423183,9.0
5246,fe9e0b55-3601-4032-aecd-2578784f6335,2025-10-13,STR010,SKU1001,19,21.0,2025-11-04 11:16:19.423183,2.0
5247,fe9e0b55-3601-4032-aecd-2578784f6335,2025-10-13,STR010,SKU1002,335,272.0,2025-11-04 11:16:19.423183,63.0
5248,fe9e0b55-3601-4032-aecd-2578784f6335,2025-10-13,STR010,SKU1003,26,35.0,2025-11-04 11:16:19.423183,9.0
5249,fe9e0b55-3601-4032-aecd-2578784f6335,2025-10-13,STR010,SKU1004,226,216.0,2025-11-04 11:16:19.423183,10.0
5250,fe9e0b55-3601-4032-aecd-2578784f6335,2025-10-13,STR010,SKU1005,208,239.0,2025-11-04 11:16:19.423183,31.0
5251,fe9e0b55-3601-4032-aecd-2578784f6335,2025-10-14,STR001,SKU1001,93,104.0,2025-11-04 11:16:19.423183,11.0
5252,fe9e0b55-3601-4032-aecd-2578784f6335,2025-10-14,STR001,SKU1002,256,253.0,2025-11-04 11:16:19.423183,3.0
5253,fe9e0b55-3601-4032-aecd-2578784f6335,2025-10-14,STR001,SKU1003,200,235.0,2025-11-04 11:16:19.423183,35.0
5254,fe9e0b55-3601-4032-aecd-2578784f6335,2025-10-14,STR001,SKU1004,132,223.0,2025-11-04 11:16:19.423183,91.0
5255,fe9e0b55-3601-4032-aecd-2578784f6335,2025-10-14,STR001,SKU1005,260,268.0,2025-11-04 11:16:19.423183,8.0
5256,fe9e0b55-3601-4032-aecd-2578784f6335,2025-10-14,STR002,SKU1001,311,279.0,2025-11-04 11:16:19.423183,32.0
5257,fe9e0b55-3601-4032-aecd-2578784f6335,2025-10-14,STR002,SKU1002,183,170.0,2025-11-04 11:16:19.423183,13.0
5258,fe9e0b55-3601-4032-aecd-2578784f6335,2025-10-14,STR002,SKU1003,74,74.0,2025-11-04 11:16:19.423183,0.0
5259,fe9e0b55-3601-4032-aecd-2578784f6335,2025-10-14,STR002,SKU1004,236,195.0,2025-11-04 11:16:19.423183,41.0
5260,fe9e0b55-3601-4032-aecd-2578784f6335,2025-10-14,STR002,SKU1005,21,25.0,2025-11-04 11:16:19.423183,4.0
5261,fe9e0b55-3601-4032-aecd-2578784f6335,2025-10-14,STR003,SKU1001,65,70.0,2025-11-04 11:16:19.423183,5.0
5262,fe9e0b55-3601-4032-aecd-2578784f6335,2025-10-14,STR003,SKU1002,44,41.0,2025-11-04 11:16:19.423183,3.0
5263,fe9e0b55-3601-4032-aecd-2578784f6335,2025-10-14,STR003,SKU1003,197,199.0,2025-11-04 11:16:19.423183,2.0
5264,fe9e0b55-3601-4032-aecd-2578784f6335,2025-10-14,STR003,SKU1004,37,43.0,2025-11-04 11:16:19.423183,6.0
5265,fe9e0b55-3601-4032-aecd-2578784f6335,2025-10-14,STR003,SKU1005,279,285.0,2025-11-04 11:16:19.423183,6.0
5266,fe9e0b55-3601-4032-aecd-2578784f6335,2025-10-14,STR004,SKU1001,80,74.0,2025-11-04 11:16:19.423183,6.0
5267,fe9e0b55-3601-4032-aecd-2578784f6335,2025-10-14,STR004,SKU1002,184,181.0,2025-11-04 11:16:19.423183,3.0
5268,fe9e0b55-3601-4032-aecd-2578784f6335,2025-10-14,STR004,SKU1003,93,83.0,2025-11-04 11:16:19.423183,10.0
5269,fe9e0b55-3601-4032-aecd-2578784f6335,2025-10-14,STR004,SKU1004,166,143.0,2025-11-04 11:16:19.423183,23.0
5270,fe9e0b55-3601-4032-aecd-2578784f6335,2025-10-14,STR004,SKU1005,362,275.0,2025-11-04 11:16:19.423183,87.0
5271,fe9e0b55-3601-4032-aecd-2578784f6335,2025-10-14,STR005,SKU1001,119,145.0,2025-11-04 11:16:19.423183,26.0
5272,fe9e0b55-3601-4032-aecd-2578784f6335,2025-10-14,STR005,SKU1002,56,66.0,2025-11-04 11:16:19.423183,10.0
5273,fe9e0b55-3601-4032-aecd-2578784f6335,2025-10-14,STR005,SKU1003,76,79.0,2025-11-04 11:16:19.423183,3.0
5274,fe9e0b55-3601-4032-aecd-2578784f6335,2025-10-14,STR005,SKU1004,240,213.0,2025-11-04 11:16:19.423183,27.0
5275,fe9e0b55-3601-4032-aecd-2578784f6335,2025-10-14,STR005,SKU1005,102,107.0,2025-11-04 11:16:19.423183,5.0
5276,fe9e0b55-3601-4032-aecd-2578784f6335,2025-10-14,STR006,SKU1001,144,156.0,2025-11-04 11:16:19.423183,12.0
5277,fe9e0b55-3601-4032-aecd-2578784f6335,2025-10-14,STR006,SKU1002,78,84.0,2025-11-04 11:16:19.423183,6.0
5278,fe9e0b55-3601-4032-aecd-2578784f6335,2025-10-14,STR006,SKU1003,89,110.0,2025-11-04 11:16:19.423183,21.0
5279,fe9e0b55-3601-4032-aecd-2578784f6335,2025-10-14,STR006,SKU1004,310,265.0,2025-11-04 11:16:19.423183,45.0
5280,fe9e0b55-3601-4032-aecd-2578784f6335,2025-10-14,STR006,SKU1005,99,111.0,2025-11-04 11:16:19.423183,12.0
5281,fe9e0b55-3601-4032-aecd-2578784f6335,2025-10-14,STR007,SKU1001,194,187.0,2025-11-04 11:16:19.423183,7.0
5282,fe9e0b55-3601-4032-aecd-2578784f6335,2025-10-14,STR007,SKU1002,304,227.0,2025-11-04 11:16:19.423183,77.0
5283,fe9e0b55-3601-4032-aecd-2578784f6335,2025-10-14,STR007,SKU1003,40,48.0,2025-11-04 11:16:19.423183,8.0
5284,fe9e0b55-3601-4032-aecd-2578784f6335,2025-10-14,STR007,SKU1004,234,196.0,2025-11-04 11:16:19.423183,38.0
5285,fe9e0b55-3601-4032-aecd-2578784f6335,2025-10-14,STR007,SKU1005,64,64.0,2025-11-04 11:16:19.423183,0.0
5286,fe9e0b55-3601-4032-aecd-2578784f6335,2025-10-14,STR008,SKU1001,99,98.0,2025-11-04 11:16:19.423183,1.0
5287,fe9e0b55-3601-4032-aecd-2578784f6335,2025-10-14,STR008,SKU1002,55,69.0,2025-11-04 11:16:19.423183,14.0
5288,fe9e0b55-3601-4032-aecd-2578784f6335,2025-10-14,STR008,SKU1003,111,101.0,2025-11-04 11:16:19.423183,10.0
5289,fe9e0b55-3601-4032-aecd-2578784f6335,2025-10-14,STR008,SKU1004,69,114.0,2025-11-04 11:16:19.423183,45.0
5290,fe9e0b55-3601-4032-aecd-2578784f6335,2025-10-14,STR008,SKU1005,164,192.0,2025-11-04 11:16:19.423183,28.0
5291,fe9e0b55-3601-4032-aecd-2578784f6335,2025-10-14,STR009,SKU1001,12,10.0,2025-11-04 11:16:19.423183,2.0
5292,fe9e0b55-3601-4032-aecd-2578784f6335,2025-10-14,STR009,SKU1002,154,131.0,2025-11-04 11:16:19.423183,23.0
5293,fe9e0b55-3601-4032-aecd-2578784f6335,2025-10-14,STR009,SKU1003,170,213.0,2025-11-04 11:16:19.423183,43.0
5294,fe9e0b55-3601-4032-aecd-2578784f6335,2025-10-14,STR009,SKU1004,355,289.0,2025-11-04 11:16:19.423183,66.0
5295,fe9e0b55-3601-4032-aecd-2578784f6335,2025-10-14,STR009,SKU1005,22,25.0,2025-11-04 11:16:19.423183,3.0
5296,fe9e0b55-3601-4032-aecd-2578784f6335,2025-10-14,STR010,SKU1001,221,181.0,2025-11-04 11:16:19.423183,40.0
5297,fe9e0b55-3601-4032-aecd-2578784f6335,2025-10-14,STR010,SKU1002,28,28.0,2025-11-04 11:16:19.423183,0.0
5298,fe9e0b55-3601-4032-aecd-2578784f6335,2025-10-14,STR010,SKU1003,79,90.0,2025-11-04 11:16:19.423183,11.0
5299,fe9e0b55-3601-4032-aecd-2578784f6335,2025-10-14,STR010,SKU1004,335,263.0,2025-11-04 11:16:19.423183,72.0
5300,fe9e0b55-3601-4032-aecd-2578784f6335,2025-10-14,STR010,SKU1005,67,82.0,2025-11-04 11:16:19.423183,15.0
5301,fe9e0b55-3601-4032-aecd-2578784f6335,2025-10-15,STR001,SKU1001,255,202.0,2025-11-04 11:16:19.423183,53.0
5302,fe9e0b55-3601-4032-aecd-2578784f6335,2025-10-15,STR001,SKU1002,165,182.0,2025-11-04 11:16:19.423183,17.0
5303,fe9e0b55-3601-4032-aecd-2578784f6335,2025-10-15,STR001,SKU1003,37,43.0,2025-11-04 11:16:19.423183,6.0
5304,fe9e0b55-3601-4032-aecd-2578784f6335,2025-10-15,STR001,SKU1004,100,106.0,2025-11-04 11:16:19.423183,6.0
5305,fe9e0b55-3601-4032-aecd-2578784f6335,2025-10-15,STR001,SKU1005,86,129.0,2025-11-04 11:16:19.423183,43.0
5306,fe9e0b55-3601-4032-aecd-2578784f6335,2025-10-15,STR002,SKU1001,251,238.0,2025-11-04 11:16:19.423183,13.0
5307,fe9e0b55-3601-4032-aecd-2578784f6335,2025-10-15,STR002,SKU1002,63,61.0,2025-11-04 11:16:19.423183,2.0
5308,fe9e0b55-3601-4032-aecd-2578784f6335,2025-10-15,STR002,SKU1003,265,260.0,2025-11-04 11:16:19.423183,5.0
5309,fe9e0b55-3601-4032-aecd-2578784f6335,2025-10-15,STR002,SKU1004,189,178.0,2025-11-04 11:16:19.423183,11.0
5310,fe9e0b55-3601-4032-aecd-2578784f6335,2025-10-15,STR002,SKU1005,90,112.0,2025-11-04 11:16:19.423183,22.0
5311,fe9e0b55-3601-4032-aecd-2578784f6335,2025-10-15,STR003,SKU1001,211,172.0,2025-11-04 11:16:19.423183,39.0
5312,fe9e0b55-3601-4032-aecd-2578784f6335,2025-10-15,STR003,SKU1002,306,254.0,2025-11-04 11:16:19.423183,52.0
5313,fe9e0b55-3601-4032-aecd-2578784f6335,2025-10-15,STR003,SKU1003,221,223.0,2025-11-04 11:16:19.423183,2.0
5314,fe9e0b55-3601-4032-aecd-2578784f6335,2025-10-15,STR003,SKU1004,258,234.0,2025-11-04 11:16:19.423183,24.0
5315,fe9e0b55-3601-4032-aecd-2578784f6335,2025-10-15,STR003,SKU1005,146,172.0,2025-11-04 11:16:19.423183,26.0
5316,fe9e0b55-3601-4032-aecd-2578784f6335,2025-10-15,STR004,SKU1001,210,259.0,2025-11-04 11:16:19.423183,49.0
5317,fe9e0b55-3601-4032-aecd-2578784f6335,2025-10-15,STR004,SKU1002,132,150.0,2025-11-04 11:16:19.423183,18.0
5318,fe9e0b55-3601-4032-aecd-2578784f6335,2025-10-15,STR004,SKU1003,185,153.0,2025-11-04 11:16:19.423183,32.0
5319,fe9e0b55-3601-4032-aecd-2578784f6335,2025-10-15,STR004,SKU1004,37,64.0,2025-11-04 11:16:19.423183,27.0
5320,fe9e0b55-3601-4032-aecd-2578784f6335,2025-10-15,STR004,SKU1005,30,30.0,2025-11-04 11:16:19.423183,0.0
5321,fe9e0b55-3601-4032-aecd-2578784f6335,2025-10-15,STR005,SKU1001,324,269.0,2025-11-04 11:16:19.423183,55.0
5322,fe9e0b55-3601-4032-aecd-2578784f6335,2025-10-15,STR005,SKU1002,119,139.0,2025-11-04 11:16:19.423183,20.0
5323,fe9e0b55-3601-4032-aecd-2578784f6335,2025-10-15,STR005,SKU1003,172,237.0,2025-11-04 11:16:19.423183,65.0
5324,fe9e0b55-3601-4032-aecd-2578784f6335,2025-10-15,STR005,SKU1004,264,293.0,2025-11-04 11:16:19.423183,29.0
5325,fe9e0b55-3601-4032-aecd-2578784f6335,2025-10-15,STR005,SKU1005,215,257.0,2025-11-04 11:16:19.423183,42.0
5326,fe9e0b55-3601-4032-aecd-2578784f6335,2025-10-15,STR006,SKU1001,97,82.0,2025-11-04 11:16:19.423183,15.0
5327,fe9e0b55-3601-4032-aecd-2578784f6335,2025-10-15,STR006,SKU1002,145,145.0,2025-11-04 11:16:19.423183,0.0
5328,fe9e0b55-3601-4032-aecd-2578784f6335,2025-10-15,STR006,SKU1003,54,63.0,2025-11-04 11:16:19.423183,9.0
5329,fe9e0b55-3601-4032-aecd-2578784f6335,2025-10-15,STR006,SKU1004,48,47.0,2025-11-04 11:16:19.423183,1.0
5330,fe9e0b55-3601-4032-aecd-2578784f6335,2025-10-15,STR006,SKU1005,137,204.0,2025-11-04 11:16:19.423183,67.0
5331,fe9e0b55-3601-4032-aecd-2578784f6335,2025-10-15,STR007,SKU1001,303,243.0,2025-11-04 11:16:19.423183,60.0
5332,fe9e0b55-3601-4032-aecd-2578784f6335,2025-10-15,STR007,SKU1002,171,190.0,2025-11-04 11:16:19.423183,19.0
5333,fe9e0b55-3601-4032-aecd-2578784f6335,2025-10-15,STR007,SKU1003,19,19.0,2025-11-04 11:16:19.423183,0.0
5334,fe9e0b55-3601-4032-aecd-2578784f6335,2025-10-15,STR007,SKU1004,34,35.0,2025-11-04 11:16:19.423183,1.0
5335,fe9e0b55-3601-4032-aecd-2578784f6335,2025-10-15,STR007,SKU1005,221,204.0,2025-11-04 11:16:19.423183,17.0
5336,fe9e0b55-3601-4032-aecd-2578784f6335,2025-10-15,STR008,SKU1001,162,184.0,2025-11-04 11:16:19.423183,22.0
5337,fe9e0b55-3601-4032-aecd-2578784f6335,2025-10-15,STR008,SKU1002,41,38.0,2025-11-04 11:16:19.423183,3.0
5338,fe9e0b55-3601-4032-aecd-2578784f6335,2025-10-15,STR008,SKU1003,110,128.0,2025-11-04 11:16:19.423183,18.0
5339,fe9e0b55-3601-4032-aecd-2578784f6335,2025-10-15,STR008,SKU1004,88,88.0,2025-11-04 11:16:19.423183,0.0
5340,fe9e0b55-3601-4032-aecd-2578784f6335,2025-10-15,STR008,SKU1005,41,39.0,2025-11-04 11:16:19.423183,2.0
5341,fe9e0b55-3601-4032-aecd-2578784f6335,2025-10-15,STR009,SKU1001,65,63.0,2025-11-04 11:16:19.423183,2.0
5342,fe9e0b55-3601-4032-aecd-2578784f6335,2025-10-15,STR009,SKU1002,20,20.0,2025-11-04 11:16:19.423183,0.0
5343,fe9e0b55-3601-4032-aecd-2578784f6335,2025-10-15,STR009,SKU1003,72,68.0,2025-11-04 11:16:19.423183,4.0
5344,fe9e0b55-3601-4032-aecd-2578784f6335,2025-10-15,STR009,SKU1004,207,205.0,2025-11-04 11:16:19.423183,2.0
5345,fe9e0b55-3601-4032-aecd-2578784f6335,2025-10-15,STR009,SKU1005,79,83.0,2025-11-04 11:16:19.423183,4.0
5346,fe9e0b55-3601-4032-aecd-2578784f6335,2025-10-15,STR010,SKU1001,161,159.0,2025-11-04 11:16:19.423183,2.0
5347,fe9e0b55-3601-4032-aecd-2578784f6335,2025-10-15,STR010,SKU1002,175,160.0,2025-11-04 11:16:19.423183,15.0
5348,fe9e0b55-3601-4032-aecd-2578784f6335,2025-10-15,STR010,SKU1003,161,157.0,2025-11-04 11:16:19.423183,4.0
5349,fe9e0b55-3601-4032-aecd-2578784f6335,2025-10-15,STR010,SKU1004,112,107.0,2025-11-04 11:16:19.423183,5.0
5350,fe9e0b55-3601-4032-aecd-2578784f6335,2025-10-15,STR010,SKU1005,217,185.0,2025-11-04 11:16:19.423183,32.0
5351,fe9e0b55-3601-4032-aecd-2578784f6335,2025-10-16,STR001,SKU1001,167,196.0,2025-11-04 11:16:19.423183,29.0
5352,fe9e0b55-3601-4032-aecd-2578784f6335,2025-10-16,STR001,SKU1002,189,160.0,2025-11-04 11:16:19.423183,29.0
5353,fe9e0b55-3601-4032-aecd-2578784f6335,2025-10-16,STR001,SKU1003,12,12.0,2025-11-04 11:16:19.423183,0.0
5354,fe9e0b55-3601-4032-aecd-2578784f6335,2025-10-16,STR001,SKU1004,221,241.0,2025-11-04 11:16:19.423183,20.0
5355,fe9e0b55-3601-4032-aecd-2578784f6335,2025-10-16,STR001,SKU1005,58,54.0,2025-11-04 11:16:19.423183,4.0
5356,fe9e0b55-3601-4032-aecd-2578784f6335,2025-10-16,STR002,SKU1001,118,146.0,2025-11-04 11:16:19.423183,28.0
5357,fe9e0b55-3601-4032-aecd-2578784f6335,2025-10-16,STR002,SKU1002,163,169.0,2025-11-04 11:16:19.423183,6.0
5358,fe9e0b55-3601-4032-aecd-2578784f6335,2025-10-16,STR002,SKU1003,55,59.0,2025-11-04 11:16:19.423183,4.0
5359,fe9e0b55-3601-4032-aecd-2578784f6335,2025-10-16,STR002,SKU1004,256,234.0,2025-11-04 11:16:19.423183,22.0
5360,fe9e0b55-3601-4032-aecd-2578784f6335,2025-10-16,STR002,SKU1005,129,111.0,2025-11-04 11:16:19.423183,18.0
5361,fe9e0b55-3601-4032-aecd-2578784f6335,2025-10-16,STR003,SKU1001,244,214.0,2025-11-04 11:16:19.423183,30.0
5362,fe9e0b55-3601-4032-aecd-2578784f6335,2025-10-16,STR003,SKU1002,243,254.0,2025-11-04 11:16:19.423183,11.0
5363,fe9e0b55-3601-4032-aecd-2578784f6335,2025-10-16,STR003,SKU1003,48,56.0,2025-11-04 11:16:19.423183,8.0
5364,fe9e0b55-3601-4032-aecd-2578784f6335,2025-10-16,STR003,SKU1004,288,248.0,2025-11-04 11:16:19.423183,40.0
5365,fe9e0b55-3601-4032-aecd-2578784f6335,2025-10-16,STR003,SKU1005,294,239.0,2025-11-04 11:16:19.423183,55.0
5366,fe9e0b55-3601-4032-aecd-2578784f6335,2025-10-16,STR004,SKU1001,84,94.0,2025-11-04 11:16:19.423183,10.0
5367,fe9e0b55-3601-4032-aecd-2578784f6335,2025-10-16,STR004,SKU1002,228,270.0,2025-11-04 11:16:19.423183,42.0
5368,fe9e0b55-3601-4032-aecd-2578784f6335,2025-10-16,STR004,SKU1003,124,115.0,2025-11-04 11:16:19.423183,9.0
5369,fe9e0b55-3601-4032-aecd-2578784f6335,2025-10-16,STR004,SKU1004,211,242.0,2025-11-04 11:16:19.423183,31.0
5370,fe9e0b55-3601-4032-aecd-2578784f6335,2025-10-16,STR004,SKU1005,62,88.0,2025-11-04 11:16:19.423183,26.0
5371,fe9e0b55-3601-4032-aecd-2578784f6335,2025-10-16,STR005,SKU1001,157,136.0,2025-11-04 11:16:19.423183,21.0
5372,fe9e0b55-3601-4032-aecd-2578784f6335,2025-10-16,STR005,SKU1002,178,212.0,2025-11-04 11:16:19.423183,34.0
5373,fe9e0b55-3601-4032-aecd-2578784f6335,2025-10-16,STR005,SKU1003,180,216.0,2025-11-04 11:16:19.423183,36.0
5374,fe9e0b55-3601-4032-aecd-2578784f6335,2025-10-16,STR005,SKU1004,171,181.0,2025-11-04 11:16:19.423183,10.0
5375,fe9e0b55-3601-4032-aecd-2578784f6335,2025-10-16,STR005,SKU1005,72,70.0,2025-11-04 11:16:19.423183,2.0
5376,fe9e0b55-3601-4032-aecd-2578784f6335,2025-10-16,STR006,SKU1001,67,92.0,2025-11-04 11:16:19.423183,25.0
5377,fe9e0b55-3601-4032-aecd-2578784f6335,2025-10-16,STR006,SKU1002,282,276.0,2025-11-04 11:16:19.423183,6.0
5378,fe9e0b55-3601-4032-aecd-2578784f6335,2025-10-16,STR006,SKU1003,166,149.0,2025-11-04 11:16:19.423183,17.0
5379,fe9e0b55-3601-4032-aecd-2578784f6335,2025-10-16,STR006,SKU1004,208,202.0,2025-11-04 11:16:19.423183,6.0
5380,fe9e0b55-3601-4032-aecd-2578784f6335,2025-10-16,STR006,SKU1005,212,225.0,2025-11-04 11:16:19.423183,13.0
5381,fe9e0b55-3601-4032-aecd-2578784f6335,2025-10-16,STR007,SKU1001,63,66.0,2025-11-04 11:16:19.423183,3.0
5382,fe9e0b55-3601-4032-aecd-2578784f6335,2025-10-16,STR007,SKU1002,9,10.0,2025-11-04 11:16:19.423183,1.0
5383,fe9e0b55-3601-4032-aecd-2578784f6335,2025-10-16,STR007,SKU1003,33,46.0,2025-11-04 11:16:19.423183,13.0
5384,fe9e0b55-3601-4032-aecd-2578784f6335,2025-10-16,STR007,SKU1004,88,75.0,2025-11-04 11:16:19.423183,13.0
5385,fe9e0b55-3601-4032-aecd-2578784f6335,2025-10-16,STR007,SKU1005,167,137.0,2025-11-04 11:16:19.423183,30.0
5386,fe9e0b55-3601-4032-aecd-2578784f6335,2025-10-16,STR008,SKU1001,24,29.0,2025-11-04 11:16:19.423183,5.0
5387,fe9e0b55-3601-4032-aecd-2578784f6335,2025-10-16,STR008,SKU1002,122,113.0,2025-11-04 11:16:19.423183,9.0
5388,fe9e0b55-3601-4032-aecd-2578784f6335,2025-10-16,STR008,SKU1003,31,35.0,2025-11-04 11:16:19.423183,4.0
5389,fe9e0b55-3601-4032-aecd-2578784f6335,2025-10-16,STR008,SKU1004,302,274.0,2025-11-04 11:16:19.423183,28.0
5390,fe9e0b55-3601-4032-aecd-2578784f6335,2025-10-16,STR008,SKU1005,137,120.0,2025-11-04 11:16:19.423183,17.0
5391,fe9e0b55-3601-4032-aecd-2578784f6335,2025-10-16,STR009,SKU1001,154,171.0,2025-11-04 11:16:19.423183,17.0
5392,fe9e0b55-3601-4032-aecd-2578784f6335,2025-10-16,STR009,SKU1002,285,212.0,2025-11-04 11:16:19.423183,73.0
5393,fe9e0b55-3601-4032-aecd-2578784f6335,2025-10-16,STR009,SKU1003,82,85.0,2025-11-04 11:16:19.423183,3.0
5394,fe9e0b55-3601-4032-aecd-2578784f6335,2025-10-16,STR009,SKU1004,165,190.0,2025-11-04 11:16:19.423183,25.0
5395,fe9e0b55-3601-4032-aecd-2578784f6335,2025-10-16,STR009,SKU1005,154,134.0,2025-11-04 11:16:19.423183,20.0
5396,fe9e0b55-3601-4032-aecd-2578784f6335,2025-10-16,STR010,SKU1001,80,76.0,2025-11-04 11:16:19.423183,4.0
5397,fe9e0b55-3601-4032-aecd-2578784f6335,2025-10-16,STR010,SKU1002,323,287.0,2025-11-04 11:16:19.423183,36.0
5398,fe9e0b55-3601-4032-aecd-2578784f6335,2025-10-16,STR010,SKU1003,265,224.0,2025-11-04 11:16:19.423183,41.0
5399,fe9e0b55-3601-4032-aecd-2578784f6335,2025-10-16,STR010,SKU1004,252,244.0,2025-11-04 11:16:19.423183,8.0
5400,fe9e0b55-3601-4032-aecd-2578784f6335,2025-10-16,STR010,SKU1005,235,288.0,2025-11-04 11:16:19.423183,53.0
5401,fe9e0b55-3601-4032-aecd-2578784f6335,2025-10-17,STR001,SKU1001,61,66.0,2025-11-04 11:16:19.423183,5.0
5402,fe9e0b55-3601-4032-aecd-2578784f6335,2025-10-17,STR001,SKU1002,101,98.0,2025-11-04 11:16:19.423183,3.0
5403,fe9e0b55-3601-4032-aecd-2578784f6335,2025-10-17,STR001,SKU1003,37,34.0,2025-11-04 11:16:19.423183,3.0
5404,fe9e0b55-3601-4032-aecd-2578784f6335,2025-10-17,STR001,SKU1004,262,290.0,2025-11-04 11:16:19.423183,28.0
5405,fe9e0b55-3601-4032-aecd-2578784f6335,2025-10-17,STR001,SKU1005,123,158.0,2025-11-04 11:16:19.423183,35.0
5406,fe9e0b55-3601-4032-aecd-2578784f6335,2025-10-17,STR002,SKU1001,250,283.0,2025-11-04 11:16:19.423183,33.0
5407,fe9e0b55-3601-4032-aecd-2578784f6335,2025-10-17,STR002,SKU1002,170,153.0,2025-11-04 11:16:19.423183,17.0
5408,fe9e0b55-3601-4032-aecd-2578784f6335,2025-10-17,STR002,SKU1003,281,261.0,2025-11-04 11:16:19.423183,20.0
5409,fe9e0b55-3601-4032-aecd-2578784f6335,2025-10-17,STR002,SKU1004,10,13.0,2025-11-04 11:16:19.423183,3.0
5410,fe9e0b55-3601-4032-aecd-2578784f6335,2025-10-17,STR002,SKU1005,101,111.0,2025-11-04 11:16:19.423183,10.0
5411,fe9e0b55-3601-4032-aecd-2578784f6335,2025-10-17,STR003,SKU1001,210,195.0,2025-11-04 11:16:19.423183,15.0
5412,fe9e0b55-3601-4032-aecd-2578784f6335,2025-10-17,STR003,SKU1002,11,13.0,2025-11-04 11:16:19.423183,2.0
5413,fe9e0b55-3601-4032-aecd-2578784f6335,2025-10-17,STR003,SKU1003,240,283.0,2025-11-04 11:16:19.423183,43.0
5414,fe9e0b55-3601-4032-aecd-2578784f6335,2025-10-17,STR003,SKU1004,97,94.0,2025-11-04 11:16:19.423183,3.0
5415,fe9e0b55-3601-4032-aecd-2578784f6335,2025-10-17,STR003,SKU1005,200,164.0,2025-11-04 11:16:19.423183,36.0
5416,fe9e0b55-3601-4032-aecd-2578784f6335,2025-10-17,STR004,SKU1001,217,219.0,2025-11-04 11:16:19.423183,2.0
5417,fe9e0b55-3601-4032-aecd-2578784f6335,2025-10-17,STR004,SKU1002,133,115.0,2025-11-04 11:16:19.423183,18.0
5418,fe9e0b55-3601-4032-aecd-2578784f6335,2025-10-17,STR004,SKU1003,36,30.0,2025-11-04 11:16:19.423183,6.0
5419,fe9e0b55-3601-4032-aecd-2578784f6335,2025-10-17,STR004,SKU1004,25,24.0,2025-11-04 11:16:19.423183,1.0
5420,fe9e0b55-3601-4032-aecd-2578784f6335,2025-10-17,STR004,SKU1005,89,84.0,2025-11-04 11:16:19.423183,5.0
5421,fe9e0b55-3601-4032-aecd-2578784f6335,2025-10-17,STR005,SKU1001,232,227.0,2025-11-04 11:16:19.423183,5.0
5422,fe9e0b55-3601-4032-aecd-2578784f6335,2025-10-17,STR005,SKU1002,269,262.0,2025-11-04 11:16:19.423183,7.0
5423,fe9e0b55-3601-4032-aecd-2578784f6335,2025-10-17,STR005,SKU1003,40,47.0,2025-11-04 11:16:19.423183,7.0
5424,fe9e0b55-3601-4032-aecd-2578784f6335,2025-10-17,STR005,SKU1004,155,133.0,2025-11-04 11:16:19.423183,22.0
5425,fe9e0b55-3601-4032-aecd-2578784f6335,2025-10-17,STR005,SKU1005,44,57.0,2025-11-04 11:16:19.423183,13.0
5426,fe9e0b55-3601-4032-aecd-2578784f6335,2025-10-17,STR006,SKU1001,34,32.0,2025-11-04 11:16:19.423183,2.0
5427,fe9e0b55-3601-4032-aecd-2578784f6335,2025-10-17,STR006,SKU1002,99,101.0,2025-11-04 11:16:19.423183,2.0
5428,fe9e0b55-3601-4032-aecd-2578784f6335,2025-10-17,STR006,SKU1003,179,219.0,2025-11-04 11:16:19.423183,40.0
5429,fe9e0b55-3601-4032-aecd-2578784f6335,2025-10-17,STR006,SKU1004,239,234.0,2025-11-04 11:16:19.423183,5.0
5430,fe9e0b55-3601-4032-aecd-2578784f6335,2025-10-17,STR006,SKU1005,161,144.0,2025-11-04 11:16:19.423183,17.0
5431,fe9e0b55-3601-4032-aecd-2578784f6335,2025-10-17,STR007,SKU1001,39,33.0,2025-11-04 11:16:19.423183,6.0
5432,fe9e0b55-3601-4032-aecd-2578784f6335,2025-10-17,STR007,SKU1002,219,171.0,2025-11-04 11:16:19.423183,48.0
5433,fe9e0b55-3601-4032-aecd-2578784f6335,2025-10-17,STR007,SKU1003,56,46.0,2025-11-04 11:16:19.423183,10.0
5434,fe9e0b55-3601-4032-aecd-2578784f6335,2025-10-17,STR007,SKU1004,101,121.0,2025-11-04 11:16:19.423183,20.0
5435,fe9e0b55-3601-4032-aecd-2578784f6335,2025-10-17,STR007,SKU1005,139,176.0,2025-11-04 11:16:19.423183,37.0
5436,fe9e0b55-3601-4032-aecd-2578784f6335,2025-10-17,STR008,SKU1001,108,107.0,2025-11-04 11:16:19.423183,1.0
5437,fe9e0b55-3601-4032-aecd-2578784f6335,2025-10-17,STR008,SKU1002,86,84.0,2025-11-04 11:16:19.423183,2.0
5438,fe9e0b55-3601-4032-aecd-2578784f6335,2025-10-17,STR008,SKU1003,283,236.0,2025-11-04 11:16:19.423183,47.0
5439,fe9e0b55-3601-4032-aecd-2578784f6335,2025-10-17,STR008,SKU1004,284,268.0,2025-11-04 11:16:19.423183,16.0
5440,fe9e0b55-3601-4032-aecd-2578784f6335,2025-10-17,STR008,SKU1005,187,161.0,2025-11-04 11:16:19.423183,26.0
5441,fe9e0b55-3601-4032-aecd-2578784f6335,2025-10-17,STR009,SKU1001,55,64.0,2025-11-04 11:16:19.423183,9.0
5442,fe9e0b55-3601-4032-aecd-2578784f6335,2025-10-17,STR009,SKU1002,276,295.0,2025-11-04 11:16:19.423183,19.0
5443,fe9e0b55-3601-4032-aecd-2578784f6335,2025-10-17,STR009,SKU1003,106,101.0,2025-11-04 11:16:19.423183,5.0
5444,fe9e0b55-3601-4032-aecd-2578784f6335,2025-10-17,STR009,SKU1004,136,118.0,2025-11-04 11:16:19.423183,18.0
5445,fe9e0b55-3601-4032-aecd-2578784f6335,2025-10-17,STR009,SKU1005,256,252.0,2025-11-04 11:16:19.423183,4.0
5446,fe9e0b55-3601-4032-aecd-2578784f6335,2025-10-17,STR010,SKU1001,218,187.0,2025-11-04 11:16:19.423183,31.0
5447,fe9e0b55-3601-4032-aecd-2578784f6335,2025-10-17,STR010,SKU1002,154,150.0,2025-11-04 11:16:19.423183,4.0
5448,fe9e0b55-3601-4032-aecd-2578784f6335,2025-10-17,STR010,SKU1003,217,193.0,2025-11-04 11:16:19.423183,24.0
5449,fe9e0b55-3601-4032-aecd-2578784f6335,2025-10-17,STR010,SKU1004,82,85.0,2025-11-04 11:16:19.423183,3.0
5450,fe9e0b55-3601-4032-aecd-2578784f6335,2025-10-17,STR010,SKU1005,128,130.0,2025-11-04 11:16:19.423183,2.0
5451,fe9e0b55-3601-4032-aecd-2578784f6335,2025-10-18,STR001,SKU1001,286,261.0,2025-11-04 11:16:19.423183,25.0
5452,fe9e0b55-3601-4032-aecd-2578784f6335,2025-10-18,STR001,SKU1002,246,212.0,2025-11-04 11:16:19.423183,34.0
5453,fe9e0b55-3601-4032-aecd-2578784f6335,2025-10-18,STR001,SKU1003,113,129.0,2025-11-04 11:16:19.423183,16.0
5454,fe9e0b55-3601-4032-aecd-2578784f6335,2025-10-18,STR001,SKU1004,12,17.0,2025-11-04 11:16:19.423183,5.0
5455,fe9e0b55-3601-4032-aecd-2578784f6335,2025-10-18,STR001,SKU1005,301,259.0,2025-11-04 11:16:19.423183,42.0
5456,fe9e0b55-3601-4032-aecd-2578784f6335,2025-10-18,STR002,SKU1001,56,57.0,2025-11-04 11:16:19.423183,1.0
5457,fe9e0b55-3601-4032-aecd-2578784f6335,2025-10-18,STR002,SKU1002,208,200.0,2025-11-04 11:16:19.423183,8.0
5458,fe9e0b55-3601-4032-aecd-2578784f6335,2025-10-18,STR002,SKU1003,86,109.0,2025-11-04 11:16:19.423183,23.0
5459,fe9e0b55-3601-4032-aecd-2578784f6335,2025-10-18,STR002,SKU1004,296,250.0,2025-11-04 11:16:19.423183,46.0
5460,fe9e0b55-3601-4032-aecd-2578784f6335,2025-10-18,STR002,SKU1005,195,239.0,2025-11-04 11:16:19.423183,44.0
5461,fe9e0b55-3601-4032-aecd-2578784f6335,2025-10-18,STR003,SKU1001,204,209.0,2025-11-04 11:16:19.423183,5.0
5462,fe9e0b55-3601-4032-aecd-2578784f6335,2025-10-18,STR003,SKU1002,119,123.0,2025-11-04 11:16:19.423183,4.0
5463,fe9e0b55-3601-4032-aecd-2578784f6335,2025-10-18,STR003,SKU1003,142,181.0,2025-11-04 11:16:19.423183,39.0
5464,fe9e0b55-3601-4032-aecd-2578784f6335,2025-10-18,STR003,SKU1004,91,94.0,2025-11-04 11:16:19.423183,3.0
5465,fe9e0b55-3601-4032-aecd-2578784f6335,2025-10-18,STR003,SKU1005,152,171.0,2025-11-04 11:16:19.423183,19.0
5466,fe9e0b55-3601-4032-aecd-2578784f6335,2025-10-18,STR004,SKU1001,152,152.0,2025-11-04 11:16:19.423183,0.0
5467,fe9e0b55-3601-4032-aecd-2578784f6335,2025-10-18,STR004,SKU1002,68,69.0,2025-11-04 11:16:19.423183,1.0
5468,fe9e0b55-3601-4032-aecd-2578784f6335,2025-10-18,STR004,SKU1003,98,101.0,2025-11-04 11:16:19.423183,3.0
5469,fe9e0b55-3601-4032-aecd-2578784f6335,2025-10-18,STR004,SKU1004,261,271.0,2025-11-04 11:16:19.423183,10.0
5470,fe9e0b55-3601-4032-aecd-2578784f6335,2025-10-18,STR004,SKU1005,231,204.0,2025-11-04 11:16:19.423183,27.0
5471,fe9e0b55-3601-4032-aecd-2578784f6335,2025-10-18,STR005,SKU1001,256,214.0,2025-11-04 11:16:19.423183,42.0
5472,fe9e0b55-3601-4032-aecd-2578784f6335,2025-10-18,STR005,SKU1002,85,77.0,2025-11-04 11:16:19.423183,8.0
5473,fe9e0b55-3601-4032-aecd-2578784f6335,2025-10-18,STR005,SKU1003,88,74.0,2025-11-04 11:16:19.423183,14.0
5474,fe9e0b55-3601-4032-aecd-2578784f6335,2025-10-18,STR005,SKU1004,39,44.0,2025-11-04 11:16:19.423183,5.0
5475,fe9e0b55-3601-4032-aecd-2578784f6335,2025-10-18,STR005,SKU1005,248,300.0,2025-11-04 11:16:19.423183,52.0
5476,fe9e0b55-3601-4032-aecd-2578784f6335,2025-10-18,STR006,SKU1001,175,174.0,2025-11-04 11:16:19.423183,1.0
5477,fe9e0b55-3601-4032-aecd-2578784f6335,2025-10-18,STR006,SKU1002,158,183.0,2025-11-04 11:16:19.423183,25.0
5478,fe9e0b55-3601-4032-aecd-2578784f6335,2025-10-18,STR006,SKU1003,64,54.0,2025-11-04 11:16:19.423183,10.0
5479,fe9e0b55-3601-4032-aecd-2578784f6335,2025-10-18,STR006,SKU1004,275,271.0,2025-11-04 11:16:19.423183,4.0
5480,fe9e0b55-3601-4032-aecd-2578784f6335,2025-10-18,STR006,SKU1005,154,170.0,2025-11-04 11:16:19.423183,16.0
5481,fe9e0b55-3601-4032-aecd-2578784f6335,2025-10-18,STR007,SKU1001,148,127.0,2025-11-04 11:16:19.423183,21.0
5482,fe9e0b55-3601-4032-aecd-2578784f6335,2025-10-18,STR007,SKU1002,124,106.0,2025-11-04 11:16:19.423183,18.0
5483,fe9e0b55-3601-4032-aecd-2578784f6335,2025-10-18,STR007,SKU1003,135,154.0,2025-11-04 11:16:19.423183,19.0
5484,fe9e0b55-3601-4032-aecd-2578784f6335,2025-10-18,STR007,SKU1004,209,196.0,2025-11-04 11:16:19.423183,13.0
5485,fe9e0b55-3601-4032-aecd-2578784f6335,2025-10-18,STR007,SKU1005,349,293.0,2025-11-04 11:16:19.423183,56.0
5486,fe9e0b55-3601-4032-aecd-2578784f6335,2025-10-18,STR008,SKU1001,100,117.0,2025-11-04 11:16:19.423183,17.0
5487,fe9e0b55-3601-4032-aecd-2578784f6335,2025-10-18,STR008,SKU1002,276,271.0,2025-11-04 11:16:19.423183,5.0
5488,fe9e0b55-3601-4032-aecd-2578784f6335,2025-10-18,STR008,SKU1003,17,15.0,2025-11-04 11:16:19.423183,2.0
5489,fe9e0b55-3601-4032-aecd-2578784f6335,2025-10-18,STR008,SKU1004,226,293.0,2025-11-04 11:16:19.423183,67.0
5490,fe9e0b55-3601-4032-aecd-2578784f6335,2025-10-18,STR008,SKU1005,138,111.0,2025-11-04 11:16:19.423183,27.0
5491,fe9e0b55-3601-4032-aecd-2578784f6335,2025-10-18,STR009,SKU1001,45,53.0,2025-11-04 11:16:19.423183,8.0
5492,fe9e0b55-3601-4032-aecd-2578784f6335,2025-10-18,STR009,SKU1002,120,130.0,2025-11-04 11:16:19.423183,10.0
5493,fe9e0b55-3601-4032-aecd-2578784f6335,2025-10-18,STR009,SKU1003,55,69.0,2025-11-04 11:16:19.423183,14.0
5494,fe9e0b55-3601-4032-aecd-2578784f6335,2025-10-18,STR009,SKU1004,20,23.0,2025-11-04 11:16:19.423183,3.0
5495,fe9e0b55-3601-4032-aecd-2578784f6335,2025-10-18,STR009,SKU1005,114,141.0,2025-11-04 11:16:19.423183,27.0
5496,fe9e0b55-3601-4032-aecd-2578784f6335,2025-10-18,STR010,SKU1001,23,25.0,2025-11-04 11:16:19.423183,2.0
5497,fe9e0b55-3601-4032-aecd-2578784f6335,2025-10-18,STR010,SKU1002,185,160.0,2025-11-04 11:16:19.423183,25.0
5498,fe9e0b55-3601-4032-aecd-2578784f6335,2025-10-18,STR010,SKU1003,73,63.0,2025-11-04 11:16:19.423183,10.0
5499,fe9e0b55-3601-4032-aecd-2578784f6335,2025-10-18,STR010,SKU1004,52,78.0,2025-11-04 11:16:19.423183,26.0
5500,fe9e0b55-3601-4032-aecd-2578784f6335,2025-10-18,STR010,SKU1005,32,32.0,2025-11-04 11:16:19.423183,0.0
5501,fe9e0b55-3601-4032-aecd-2578784f6335,2025-10-19,STR001,SKU1001,62,73.0,2025-11-04 11:16:19.423183,11.0
5502,fe9e0b55-3601-4032-aecd-2578784f6335,2025-10-19,STR001,SKU1002,184,169.0,2025-11-04 11:16:19.423183,15.0
5503,fe9e0b55-3601-4032-aecd-2578784f6335,2025-10-19,STR001,SKU1003,139,174.0,2025-11-04 11:16:19.423183,35.0
5504,fe9e0b55-3601-4032-aecd-2578784f6335,2025-10-19,STR001,SKU1004,110,146.0,2025-11-04 11:16:19.423183,36.0
5505,fe9e0b55-3601-4032-aecd-2578784f6335,2025-10-19,STR001,SKU1005,166,237.0,2025-11-04 11:16:19.423183,71.0
5506,fe9e0b55-3601-4032-aecd-2578784f6335,2025-10-19,STR002,SKU1001,16,16.0,2025-11-04 11:16:19.423183,0.0
5507,fe9e0b55-3601-4032-aecd-2578784f6335,2025-10-19,STR002,SKU1002,34,36.0,2025-11-04 11:16:19.423183,2.0
5508,fe9e0b55-3601-4032-aecd-2578784f6335,2025-10-19,STR002,SKU1003,221,198.0,2025-11-04 11:16:19.423183,23.0
5509,fe9e0b55-3601-4032-aecd-2578784f6335,2025-10-19,STR002,SKU1004,308,234.0,2025-11-04 11:16:19.423183,74.0
5510,fe9e0b55-3601-4032-aecd-2578784f6335,2025-10-19,STR002,SKU1005,304,274.0,2025-11-04 11:16:19.423183,30.0
5511,fe9e0b55-3601-4032-aecd-2578784f6335,2025-10-19,STR003,SKU1001,194,187.0,2025-11-04 11:16:19.423183,7.0
5512,fe9e0b55-3601-4032-aecd-2578784f6335,2025-10-19,STR003,SKU1002,205,177.0,2025-11-04 11:16:19.423183,28.0
5513,fe9e0b55-3601-4032-aecd-2578784f6335,2025-10-19,STR003,SKU1003,193,173.0,2025-11-04 11:16:19.423183,20.0
5514,fe9e0b55-3601-4032-aecd-2578784f6335,2025-10-19,STR003,SKU1004,215,193.0,2025-11-04 11:16:19.423183,22.0
5515,fe9e0b55-3601-4032-aecd-2578784f6335,2025-10-19,STR003,SKU1005,253,244.0,2025-11-04 11:16:19.423183,9.0
5516,fe9e0b55-3601-4032-aecd-2578784f6335,2025-10-19,STR004,SKU1001,203,172.0,2025-11-04 11:16:19.423183,31.0
5517,fe9e0b55-3601-4032-aecd-2578784f6335,2025-10-19,STR004,SKU1002,26,38.0,2025-11-04 11:16:19.423183,12.0
5518,fe9e0b55-3601-4032-aecd-2578784f6335,2025-10-19,STR004,SKU1003,26,30.0,2025-11-04 11:16:19.423183,4.0
5519,fe9e0b55-3601-4032-aecd-2578784f6335,2025-10-19,STR004,SKU1004,52,48.0,2025-11-04 11:16:19.423183,4.0
5520,fe9e0b55-3601-4032-aecd-2578784f6335,2025-10-19,STR004,SKU1005,176,148.0,2025-11-04 11:16:19.423183,28.0
5521,fe9e0b55-3601-4032-aecd-2578784f6335,2025-10-19,STR005,SKU1001,274,280.0,2025-11-04 11:16:19.423183,6.0
5522,fe9e0b55-3601-4032-aecd-2578784f6335,2025-10-19,STR005,SKU1002,34,38.0,2025-11-04 11:16:19.423183,4.0
5523,fe9e0b55-3601-4032-aecd-2578784f6335,2025-10-19,STR005,SKU1003,180,184.0,2025-11-04 11:16:19.423183,4.0
5524,fe9e0b55-3601-4032-aecd-2578784f6335,2025-10-19,STR005,SKU1004,230,244.0,2025-11-04 11:16:19.423183,14.0
5525,fe9e0b55-3601-4032-aecd-2578784f6335,2025-10-19,STR005,SKU1005,121,133.0,2025-11-04 11:16:19.423183,12.0
5526,fe9e0b55-3601-4032-aecd-2578784f6335,2025-10-19,STR006,SKU1001,66,64.0,2025-11-04 11:16:19.423183,2.0
5527,fe9e0b55-3601-4032-aecd-2578784f6335,2025-10-19,STR006,SKU1002,21,21.0,2025-11-04 11:16:19.423183,0.0
5528,fe9e0b55-3601-4032-aecd-2578784f6335,2025-10-19,STR006,SKU1003,97,87.0,2025-11-04 11:16:19.423183,10.0
5529,fe9e0b55-3601-4032-aecd-2578784f6335,2025-10-19,STR006,SKU1004,5,6.0,2025-11-04 11:16:19.423183,1.0
5530,fe9e0b55-3601-4032-aecd-2578784f6335,2025-10-19,STR006,SKU1005,197,208.0,2025-11-04 11:16:19.423183,11.0
5531,fe9e0b55-3601-4032-aecd-2578784f6335,2025-10-19,STR007,SKU1001,161,118.0,2025-11-04 11:16:19.423183,43.0
5532,fe9e0b55-3601-4032-aecd-2578784f6335,2025-10-19,STR007,SKU1002,184,171.0,2025-11-04 11:16:19.423183,13.0
5533,fe9e0b55-3601-4032-aecd-2578784f6335,2025-10-19,STR007,SKU1003,88,137.0,2025-11-04 11:16:19.423183,49.0
5534,fe9e0b55-3601-4032-aecd-2578784f6335,2025-10-19,STR007,SKU1004,191,148.0,2025-11-04 11:16:19.423183,43.0
5535,fe9e0b55-3601-4032-aecd-2578784f6335,2025-10-19,STR007,SKU1005,77,75.0,2025-11-04 11:16:19.423183,2.0
5536,fe9e0b55-3601-4032-aecd-2578784f6335,2025-10-19,STR008,SKU1001,183,176.0,2025-11-04 11:16:19.423183,7.0
5537,fe9e0b55-3601-4032-aecd-2578784f6335,2025-10-19,STR008,SKU1002,37,34.0,2025-11-04 11:16:19.423183,3.0
5538,fe9e0b55-3601-4032-aecd-2578784f6335,2025-10-19,STR008,SKU1003,34,28.0,2025-11-04 11:16:19.423183,6.0
5539,fe9e0b55-3601-4032-aecd-2578784f6335,2025-10-19,STR008,SKU1004,114,122.0,2025-11-04 11:16:19.423183,8.0
5540,fe9e0b55-3601-4032-aecd-2578784f6335,2025-10-19,STR008,SKU1005,108,92.0,2025-11-04 11:16:19.423183,16.0
5541,fe9e0b55-3601-4032-aecd-2578784f6335,2025-10-19,STR009,SKU1001,109,97.0,2025-11-04 11:16:19.423183,12.0
5542,fe9e0b55-3601-4032-aecd-2578784f6335,2025-10-19,STR009,SKU1002,256,240.0,2025-11-04 11:16:19.423183,16.0
5543,fe9e0b55-3601-4032-aecd-2578784f6335,2025-10-19,STR009,SKU1003,192,190.0,2025-11-04 11:16:19.423183,2.0
5544,fe9e0b55-3601-4032-aecd-2578784f6335,2025-10-19,STR009,SKU1004,242,221.0,2025-11-04 11:16:19.423183,21.0
5545,fe9e0b55-3601-4032-aecd-2578784f6335,2025-10-19,STR009,SKU1005,57,81.0,2025-11-04 11:16:19.423183,24.0
5546,fe9e0b55-3601-4032-aecd-2578784f6335,2025-10-19,STR010,SKU1001,39,38.0,2025-11-04 11:16:19.423183,1.0
5547,fe9e0b55-3601-4032-aecd-2578784f6335,2025-10-19,STR010,SKU1002,231,291.0,2025-11-04 11:16:19.423183,60.0
5548,fe9e0b55-3601-4032-aecd-2578784f6335,2025-10-19,STR010,SKU1003,226,213.0,2025-11-04 11:16:19.423183,13.0
5549,fe9e0b55-3601-4032-aecd-2578784f6335,2025-10-19,STR010,SKU1004,93,101.0,2025-11-04 11:16:19.423183,8.0
5550,fe9e0b55-3601-4032-aecd-2578784f6335,2025-10-19,STR010,SKU1005,182,184.0,2025-11-04 11:16:19.423183,2.0
5551,fe9e0b55-3601-4032-aecd-2578784f6335,2025-10-20,STR001,SKU1001,17,15.0,2025-11-04 11:16:19.423183,2.0
5552,fe9e0b55-3601-4032-aecd-2578784f6335,2025-10-20,STR001,SKU1002,112,105.0,2025-11-04 11:16:19.423183,7.0
5553,fe9e0b55-3601-4032-aecd-2578784f6335,2025-10-20,STR001,SKU1003,232,213.0,2025-11-04 11:16:19.423183,19.0
5554,fe9e0b55-3601-4032-aecd-2578784f6335,2025-10-20,STR001,SKU1004,27,27.0,2025-11-04 11:16:19.423183,0.0
5555,fe9e0b55-3601-4032-aecd-2578784f6335,2025-10-20,STR001,SKU1005,13,11.0,2025-11-04 11:16:19.423183,2.0
5556,fe9e0b55-3601-4032-aecd-2578784f6335,2025-10-20,STR002,SKU1001,40,43.0,2025-11-04 11:16:19.423183,3.0
5557,fe9e0b55-3601-4032-aecd-2578784f6335,2025-10-20,STR002,SKU1002,26,23.0,2025-11-04 11:16:19.423183,3.0
5558,fe9e0b55-3601-4032-aecd-2578784f6335,2025-10-20,STR002,SKU1003,220,247.0,2025-11-04 11:16:19.423183,27.0
5559,fe9e0b55-3601-4032-aecd-2578784f6335,2025-10-20,STR002,SKU1004,237,248.0,2025-11-04 11:16:19.423183,11.0
5560,fe9e0b55-3601-4032-aecd-2578784f6335,2025-10-20,STR002,SKU1005,30,30.0,2025-11-04 11:16:19.423183,0.0
5561,fe9e0b55-3601-4032-aecd-2578784f6335,2025-10-20,STR003,SKU1001,322,256.0,2025-11-04 11:16:19.423183,66.0
5562,fe9e0b55-3601-4032-aecd-2578784f6335,2025-10-20,STR003,SKU1002,174,195.0,2025-11-04 11:16:19.423183,21.0
5563,fe9e0b55-3601-4032-aecd-2578784f6335,2025-10-20,STR003,SKU1003,195,216.0,2025-11-04 11:16:19.423183,21.0
5564,fe9e0b55-3601-4032-aecd-2578784f6335,2025-10-20,STR003,SKU1004,86,73.0,2025-11-04 11:16:19.423183,13.0
5565,fe9e0b55-3601-4032-aecd-2578784f6335,2025-10-20,STR003,SKU1005,115,118.0,2025-11-04 11:16:19.423183,3.0
5566,fe9e0b55-3601-4032-aecd-2578784f6335,2025-10-20,STR004,SKU1001,233,233.0,2025-11-04 11:16:19.423183,0.0
5567,fe9e0b55-3601-4032-aecd-2578784f6335,2025-10-20,STR004,SKU1002,274,264.0,2025-11-04 11:16:19.423183,10.0
5568,fe9e0b55-3601-4032-aecd-2578784f6335,2025-10-20,STR004,SKU1003,176,179.0,2025-11-04 11:16:19.423183,3.0
5569,fe9e0b55-3601-4032-aecd-2578784f6335,2025-10-20,STR004,SKU1004,16,15.0,2025-11-04 11:16:19.423183,1.0
5570,fe9e0b55-3601-4032-aecd-2578784f6335,2025-10-20,STR004,SKU1005,84,71.0,2025-11-04 11:16:19.423183,13.0
5571,fe9e0b55-3601-4032-aecd-2578784f6335,2025-10-20,STR005,SKU1001,318,274.0,2025-11-04 11:16:19.423183,44.0
5572,fe9e0b55-3601-4032-aecd-2578784f6335,2025-10-20,STR005,SKU1002,52,57.0,2025-11-04 11:16:19.423183,5.0
5573,fe9e0b55-3601-4032-aecd-2578784f6335,2025-10-20,STR005,SKU1003,22,26.0,2025-11-04 11:16:19.423183,4.0
5574,fe9e0b55-3601-4032-aecd-2578784f6335,2025-10-20,STR005,SKU1004,195,186.0,2025-11-04 11:16:19.423183,9.0
5575,fe9e0b55-3601-4032-aecd-2578784f6335,2025-10-20,STR005,SKU1005,50,54.0,2025-11-04 11:16:19.423183,4.0
5576,fe9e0b55-3601-4032-aecd-2578784f6335,2025-10-20,STR006,SKU1001,284,235.0,2025-11-04 11:16:19.423183,49.0
5577,fe9e0b55-3601-4032-aecd-2578784f6335,2025-10-20,STR006,SKU1002,286,269.0,2025-11-04 11:16:19.423183,17.0
5578,fe9e0b55-3601-4032-aecd-2578784f6335,2025-10-20,STR006,SKU1003,224,250.0,2025-11-04 11:16:19.423183,26.0
5579,fe9e0b55-3601-4032-aecd-2578784f6335,2025-10-20,STR006,SKU1004,277,205.0,2025-11-04 11:16:19.423183,72.0
5580,fe9e0b55-3601-4032-aecd-2578784f6335,2025-10-20,STR006,SKU1005,227,211.0,2025-11-04 11:16:19.423183,16.0
5581,fe9e0b55-3601-4032-aecd-2578784f6335,2025-10-20,STR007,SKU1001,213,183.0,2025-11-04 11:16:19.423183,30.0
5582,fe9e0b55-3601-4032-aecd-2578784f6335,2025-10-20,STR007,SKU1002,176,194.0,2025-11-04 11:16:19.423183,18.0
5583,fe9e0b55-3601-4032-aecd-2578784f6335,2025-10-20,STR007,SKU1003,119,120.0,2025-11-04 11:16:19.423183,1.0
5584,fe9e0b55-3601-4032-aecd-2578784f6335,2025-10-20,STR007,SKU1004,98,136.0,2025-11-04 11:16:19.423183,38.0
5585,fe9e0b55-3601-4032-aecd-2578784f6335,2025-10-20,STR007,SKU1005,246,251.0,2025-11-04 11:16:19.423183,5.0
5586,fe9e0b55-3601-4032-aecd-2578784f6335,2025-10-20,STR008,SKU1001,150,190.0,2025-11-04 11:16:19.423183,40.0
5587,fe9e0b55-3601-4032-aecd-2578784f6335,2025-10-20,STR008,SKU1002,128,126.0,2025-11-04 11:16:19.423183,2.0
5588,fe9e0b55-3601-4032-aecd-2578784f6335,2025-10-20,STR008,SKU1003,59,81.0,2025-11-04 11:16:19.423183,22.0
5589,fe9e0b55-3601-4032-aecd-2578784f6335,2025-10-20,STR008,SKU1004,190,176.0,2025-11-04 11:16:19.423183,14.0
5590,fe9e0b55-3601-4032-aecd-2578784f6335,2025-10-20,STR008,SKU1005,302,274.0,2025-11-04 11:16:19.423183,28.0
5591,fe9e0b55-3601-4032-aecd-2578784f6335,2025-10-20,STR009,SKU1001,85,93.0,2025-11-04 11:16:19.423183,8.0
5592,fe9e0b55-3601-4032-aecd-2578784f6335,2025-10-20,STR009,SKU1002,139,112.0,2025-11-04 11:16:19.423183,27.0
5593,fe9e0b55-3601-4032-aecd-2578784f6335,2025-10-20,STR009,SKU1003,274,247.0,2025-11-04 11:16:19.423183,27.0
5594,fe9e0b55-3601-4032-aecd-2578784f6335,2025-10-20,STR009,SKU1004,207,206.0,2025-11-04 11:16:19.423183,1.0
5595,fe9e0b55-3601-4032-aecd-2578784f6335,2025-10-20,STR009,SKU1005,352,296.0,2025-11-04 11:16:19.423183,56.0
5596,fe9e0b55-3601-4032-aecd-2578784f6335,2025-10-20,STR010,SKU1001,61,62.0,2025-11-04 11:16:19.423183,1.0
5597,fe9e0b55-3601-4032-aecd-2578784f6335,2025-10-20,STR010,SKU1002,266,257.0,2025-11-04 11:16:19.423183,9.0
5598,fe9e0b55-3601-4032-aecd-2578784f6335,2025-10-20,STR010,SKU1003,148,163.0,2025-11-04 11:16:19.423183,15.0
5599,fe9e0b55-3601-4032-aecd-2578784f6335,2025-10-20,STR010,SKU1004,156,170.0,2025-11-04 11:16:19.423183,14.0
5600,fe9e0b55-3601-4032-aecd-2578784f6335,2025-10-20,STR010,SKU1005,80,75.0,2025-11-04 11:16:19.423183,5.0
5601,fe9e0b55-3601-4032-aecd-2578784f6335,2025-10-21,STR001,SKU1001,318,263.0,2025-11-04 11:16:19.423183,55.0
5602,fe9e0b55-3601-4032-aecd-2578784f6335,2025-10-21,STR001,SKU1002,229,276.0,2025-11-04 11:16:19.423183,47.0
5603,fe9e0b55-3601-4032-aecd-2578784f6335,2025-10-21,STR001,SKU1003,120,132.0,2025-11-04 11:16:19.423183,12.0
5604,fe9e0b55-3601-4032-aecd-2578784f6335,2025-10-21,STR001,SKU1004,50,57.0,2025-11-04 11:16:19.423183,7.0
5605,fe9e0b55-3601-4032-aecd-2578784f6335,2025-10-21,STR001,SKU1005,90,125.0,2025-11-04 11:16:19.423183,35.0
5606,fe9e0b55-3601-4032-aecd-2578784f6335,2025-10-21,STR002,SKU1001,29,28.0,2025-11-04 11:16:19.423183,1.0
5607,fe9e0b55-3601-4032-aecd-2578784f6335,2025-10-21,STR002,SKU1002,214,182.0,2025-11-04 11:16:19.423183,32.0
5608,fe9e0b55-3601-4032-aecd-2578784f6335,2025-10-21,STR002,SKU1003,63,53.0,2025-11-04 11:16:19.423183,10.0
5609,fe9e0b55-3601-4032-aecd-2578784f6335,2025-10-21,STR002,SKU1004,325,292.0,2025-11-04 11:16:19.423183,33.0
5610,fe9e0b55-3601-4032-aecd-2578784f6335,2025-10-21,STR002,SKU1005,192,225.0,2025-11-04 11:16:19.423183,33.0
5611,fe9e0b55-3601-4032-aecd-2578784f6335,2025-10-21,STR003,SKU1001,276,248.0,2025-11-04 11:16:19.423183,28.0
5612,fe9e0b55-3601-4032-aecd-2578784f6335,2025-10-21,STR003,SKU1002,123,156.0,2025-11-04 11:16:19.423183,33.0
5613,fe9e0b55-3601-4032-aecd-2578784f6335,2025-10-21,STR003,SKU1003,214,164.0,2025-11-04 11:16:19.423183,50.0
5614,fe9e0b55-3601-4032-aecd-2578784f6335,2025-10-21,STR003,SKU1004,152,176.0,2025-11-04 11:16:19.423183,24.0
5615,fe9e0b55-3601-4032-aecd-2578784f6335,2025-10-21,STR003,SKU1005,75,82.0,2025-11-04 11:16:19.423183,7.0
5616,fe9e0b55-3601-4032-aecd-2578784f6335,2025-10-21,STR004,SKU1001,69,77.0,2025-11-04 11:16:19.423183,8.0
5617,fe9e0b55-3601-4032-aecd-2578784f6335,2025-10-21,STR004,SKU1002,116,111.0,2025-11-04 11:16:19.423183,5.0
5618,fe9e0b55-3601-4032-aecd-2578784f6335,2025-10-21,STR004,SKU1003,94,107.0,2025-11-04 11:16:19.423183,13.0
5619,fe9e0b55-3601-4032-aecd-2578784f6335,2025-10-21,STR004,SKU1004,227,205.0,2025-11-04 11:16:19.423183,22.0
5620,fe9e0b55-3601-4032-aecd-2578784f6335,2025-10-21,STR004,SKU1005,8,9.0,2025-11-04 11:16:19.423183,1.0
5621,fe9e0b55-3601-4032-aecd-2578784f6335,2025-10-21,STR005,SKU1001,166,262.0,2025-11-04 11:16:19.423183,96.0
5622,fe9e0b55-3601-4032-aecd-2578784f6335,2025-10-21,STR005,SKU1002,224,199.0,2025-11-04 11:16:19.423183,25.0
5623,fe9e0b55-3601-4032-aecd-2578784f6335,2025-10-21,STR005,SKU1003,206,188.0,2025-11-04 11:16:19.423183,18.0
5624,fe9e0b55-3601-4032-aecd-2578784f6335,2025-10-21,STR005,SKU1004,271,275.0,2025-11-04 11:16:19.423183,4.0
5625,fe9e0b55-3601-4032-aecd-2578784f6335,2025-10-21,STR005,SKU1005,30,29.0,2025-11-04 11:16:19.423183,1.0
5626,fe9e0b55-3601-4032-aecd-2578784f6335,2025-10-21,STR006,SKU1001,235,206.0,2025-11-04 11:16:19.423183,29.0
5627,fe9e0b55-3601-4032-aecd-2578784f6335,2025-10-21,STR006,SKU1002,236,260.0,2025-11-04 11:16:19.423183,24.0
5628,fe9e0b55-3601-4032-aecd-2578784f6335,2025-10-21,STR006,SKU1003,117,102.0,2025-11-04 11:16:19.423183,15.0
5629,fe9e0b55-3601-4032-aecd-2578784f6335,2025-10-21,STR006,SKU1004,64,70.0,2025-11-04 11:16:19.423183,6.0
5630,fe9e0b55-3601-4032-aecd-2578784f6335,2025-10-21,STR006,SKU1005,257,239.0,2025-11-04 11:16:19.423183,18.0
5631,fe9e0b55-3601-4032-aecd-2578784f6335,2025-10-21,STR007,SKU1001,55,43.0,2025-11-04 11:16:19.423183,12.0
5632,fe9e0b55-3601-4032-aecd-2578784f6335,2025-10-21,STR007,SKU1002,127,137.0,2025-11-04 11:16:19.423183,10.0
5633,fe9e0b55-3601-4032-aecd-2578784f6335,2025-10-21,STR007,SKU1003,197,299.0,2025-11-04 11:16:19.423183,102.0
5634,fe9e0b55-3601-4032-aecd-2578784f6335,2025-10-21,STR007,SKU1004,206,172.0,2025-11-04 11:16:19.423183,34.0
5635,fe9e0b55-3601-4032-aecd-2578784f6335,2025-10-21,STR007,SKU1005,71,60.0,2025-11-04 11:16:19.423183,11.0
5636,fe9e0b55-3601-4032-aecd-2578784f6335,2025-10-21,STR008,SKU1001,102,86.0,2025-11-04 11:16:19.423183,16.0
5637,fe9e0b55-3601-4032-aecd-2578784f6335,2025-10-21,STR008,SKU1002,143,165.0,2025-11-04 11:16:19.423183,22.0
5638,fe9e0b55-3601-4032-aecd-2578784f6335,2025-10-21,STR008,SKU1003,201,239.0,2025-11-04 11:16:19.423183,38.0
5639,fe9e0b55-3601-4032-aecd-2578784f6335,2025-10-21,STR008,SKU1004,274,285.0,2025-11-04 11:16:19.423183,11.0
5640,fe9e0b55-3601-4032-aecd-2578784f6335,2025-10-21,STR008,SKU1005,356,271.0,2025-11-04 11:16:19.423183,85.0
5641,fe9e0b55-3601-4032-aecd-2578784f6335,2025-10-21,STR009,SKU1001,40,43.0,2025-11-04 11:16:19.423183,3.0
5642,fe9e0b55-3601-4032-aecd-2578784f6335,2025-10-21,STR009,SKU1002,99,85.0,2025-11-04 11:16:19.423183,14.0
5643,fe9e0b55-3601-4032-aecd-2578784f6335,2025-10-21,STR009,SKU1003,284,276.0,2025-11-04 11:16:19.423183,8.0
5644,fe9e0b55-3601-4032-aecd-2578784f6335,2025-10-21,STR009,SKU1004,277,242.0,2025-11-04 11:16:19.423183,35.0
5645,fe9e0b55-3601-4032-aecd-2578784f6335,2025-10-21,STR009,SKU1005,131,170.0,2025-11-04 11:16:19.423183,39.0
5646,fe9e0b55-3601-4032-aecd-2578784f6335,2025-10-21,STR010,SKU1001,131,143.0,2025-11-04 11:16:19.423183,12.0
5647,fe9e0b55-3601-4032-aecd-2578784f6335,2025-10-21,STR010,SKU1002,150,133.0,2025-11-04 11:16:19.423183,17.0
5648,fe9e0b55-3601-4032-aecd-2578784f6335,2025-10-21,STR010,SKU1003,113,124.0,2025-11-04 11:16:19.423183,11.0
5649,fe9e0b55-3601-4032-aecd-2578784f6335,2025-10-21,STR010,SKU1004,210,232.0,2025-11-04 11:16:19.423183,22.0
5650,fe9e0b55-3601-4032-aecd-2578784f6335,2025-10-21,STR010,SKU1005,98,93.0,2025-11-04 11:16:19.423183,5.0
5651,fe9e0b55-3601-4032-aecd-2578784f6335,2025-10-22,STR001,SKU1001,27,28.0,2025-11-04 11:16:19.423183,1.0
5652,fe9e0b55-3601-4032-aecd-2578784f6335,2025-10-22,STR001,SKU1002,165,155.0,2025-11-04 11:16:19.423183,10.0
5653,fe9e0b55-3601-4032-aecd-2578784f6335,2025-10-22,STR001,SKU1003,129,158.0,2025-11-04 11:16:19.423183,29.0
5654,fe9e0b55-3601-4032-aecd-2578784f6335,2025-10-22,STR001,SKU1004,66,69.0,2025-11-04 11:16:19.423183,3.0
5655,fe9e0b55-3601-4032-aecd-2578784f6335,2025-10-22,STR001,SKU1005,109,135.0,2025-11-04 11:16:19.423183,26.0
5656,fe9e0b55-3601-4032-aecd-2578784f6335,2025-10-22,STR002,SKU1001,262,293.0,2025-11-04 11:16:19.423183,31.0
5657,fe9e0b55-3601-4032-aecd-2578784f6335,2025-10-22,STR002,SKU1002,8,8.0,2025-11-04 11:16:19.423183,0.0
5658,fe9e0b55-3601-4032-aecd-2578784f6335,2025-10-22,STR002,SKU1003,217,179.0,2025-11-04 11:16:19.423183,38.0
5659,fe9e0b55-3601-4032-aecd-2578784f6335,2025-10-22,STR002,SKU1004,126,147.0,2025-11-04 11:16:19.423183,21.0
5660,fe9e0b55-3601-4032-aecd-2578784f6335,2025-10-22,STR002,SKU1005,91,102.0,2025-11-04 11:16:19.423183,11.0
5661,fe9e0b55-3601-4032-aecd-2578784f6335,2025-10-22,STR003,SKU1001,191,220.0,2025-11-04 11:16:19.423183,29.0
5662,fe9e0b55-3601-4032-aecd-2578784f6335,2025-10-22,STR003,SKU1002,149,142.0,2025-11-04 11:16:19.423183,7.0
5663,fe9e0b55-3601-4032-aecd-2578784f6335,2025-10-22,STR003,SKU1003,125,137.0,2025-11-04 11:16:19.423183,12.0
5664,fe9e0b55-3601-4032-aecd-2578784f6335,2025-10-22,STR003,SKU1004,61,55.0,2025-11-04 11:16:19.423183,6.0
5665,fe9e0b55-3601-4032-aecd-2578784f6335,2025-10-22,STR003,SKU1005,72,64.0,2025-11-04 11:16:19.423183,8.0
5666,fe9e0b55-3601-4032-aecd-2578784f6335,2025-10-22,STR004,SKU1001,28,26.0,2025-11-04 11:16:19.423183,2.0
5667,fe9e0b55-3601-4032-aecd-2578784f6335,2025-10-22,STR004,SKU1002,210,193.0,2025-11-04 11:16:19.423183,17.0
5668,fe9e0b55-3601-4032-aecd-2578784f6335,2025-10-22,STR004,SKU1003,234,278.0,2025-11-04 11:16:19.423183,44.0
5669,fe9e0b55-3601-4032-aecd-2578784f6335,2025-10-22,STR004,SKU1004,135,152.0,2025-11-04 11:16:19.423183,17.0
5670,fe9e0b55-3601-4032-aecd-2578784f6335,2025-10-22,STR004,SKU1005,72,51.0,2025-11-04 11:16:19.423183,21.0
5671,fe9e0b55-3601-4032-aecd-2578784f6335,2025-10-22,STR005,SKU1001,46,50.0,2025-11-04 11:16:19.423183,4.0
5672,fe9e0b55-3601-4032-aecd-2578784f6335,2025-10-22,STR005,SKU1002,27,31.0,2025-11-04 11:16:19.423183,4.0
5673,fe9e0b55-3601-4032-aecd-2578784f6335,2025-10-22,STR005,SKU1003,152,210.0,2025-11-04 11:16:19.423183,58.0
5674,fe9e0b55-3601-4032-aecd-2578784f6335,2025-10-22,STR005,SKU1004,313,294.0,2025-11-04 11:16:19.423183,19.0
5675,fe9e0b55-3601-4032-aecd-2578784f6335,2025-10-22,STR005,SKU1005,58,45.0,2025-11-04 11:16:19.423183,13.0
5676,fe9e0b55-3601-4032-aecd-2578784f6335,2025-10-22,STR006,SKU1001,84,94.0,2025-11-04 11:16:19.423183,10.0
5677,fe9e0b55-3601-4032-aecd-2578784f6335,2025-10-22,STR006,SKU1002,236,184.0,2025-11-04 11:16:19.423183,52.0
5678,fe9e0b55-3601-4032-aecd-2578784f6335,2025-10-22,STR006,SKU1003,76,107.0,2025-11-04 11:16:19.423183,31.0
5679,fe9e0b55-3601-4032-aecd-2578784f6335,2025-10-22,STR006,SKU1004,39,39.0,2025-11-04 11:16:19.423183,0.0
5680,fe9e0b55-3601-4032-aecd-2578784f6335,2025-10-22,STR006,SKU1005,104,96.0,2025-11-04 11:16:19.423183,8.0
5681,fe9e0b55-3601-4032-aecd-2578784f6335,2025-10-22,STR007,SKU1001,208,225.0,2025-11-04 11:16:19.423183,17.0
5682,fe9e0b55-3601-4032-aecd-2578784f6335,2025-10-22,STR007,SKU1002,32,31.0,2025-11-04 11:16:19.423183,1.0
5683,fe9e0b55-3601-4032-aecd-2578784f6335,2025-10-22,STR007,SKU1003,188,171.0,2025-11-04 11:16:19.423183,17.0
5684,fe9e0b55-3601-4032-aecd-2578784f6335,2025-10-22,STR007,SKU1004,41,39.0,2025-11-04 11:16:19.423183,2.0
5685,fe9e0b55-3601-4032-aecd-2578784f6335,2025-10-22,STR007,SKU1005,293,278.0,2025-11-04 11:16:19.423183,15.0
5686,fe9e0b55-3601-4032-aecd-2578784f6335,2025-10-22,STR008,SKU1001,72,86.0,2025-11-04 11:16:19.423183,14.0
5687,fe9e0b55-3601-4032-aecd-2578784f6335,2025-10-22,STR008,SKU1002,61,60.0,2025-11-04 11:16:19.423183,1.0
5688,fe9e0b55-3601-4032-aecd-2578784f6335,2025-10-22,STR008,SKU1003,265,300.0,2025-11-04 11:16:19.423183,35.0
5689,fe9e0b55-3601-4032-aecd-2578784f6335,2025-10-22,STR008,SKU1004,319,276.0,2025-11-04 11:16:19.423183,43.0
5690,fe9e0b55-3601-4032-aecd-2578784f6335,2025-10-22,STR008,SKU1005,129,137.0,2025-11-04 11:16:19.423183,8.0
5691,fe9e0b55-3601-4032-aecd-2578784f6335,2025-10-22,STR009,SKU1001,214,195.0,2025-11-04 11:16:19.423183,19.0
5692,fe9e0b55-3601-4032-aecd-2578784f6335,2025-10-22,STR009,SKU1002,36,33.0,2025-11-04 11:16:19.423183,3.0
5693,fe9e0b55-3601-4032-aecd-2578784f6335,2025-10-22,STR009,SKU1003,269,264.0,2025-11-04 11:16:19.423183,5.0
5694,fe9e0b55-3601-4032-aecd-2578784f6335,2025-10-22,STR009,SKU1004,180,223.0,2025-11-04 11:16:19.423183,43.0
5695,fe9e0b55-3601-4032-aecd-2578784f6335,2025-10-22,STR009,SKU1005,97,108.0,2025-11-04 11:16:19.423183,11.0
5696,fe9e0b55-3601-4032-aecd-2578784f6335,2025-10-22,STR010,SKU1001,24,22.0,2025-11-04 11:16:19.423183,2.0
5697,fe9e0b55-3601-4032-aecd-2578784f6335,2025-10-22,STR010,SKU1002,73,85.0,2025-11-04 11:16:19.423183,12.0
5698,fe9e0b55-3601-4032-aecd-2578784f6335,2025-10-22,STR010,SKU1003,209,186.0,2025-11-04 11:16:19.423183,23.0
5699,fe9e0b55-3601-4032-aecd-2578784f6335,2025-10-22,STR010,SKU1004,118,106.0,2025-11-04 11:16:19.423183,12.0
5700,fe9e0b55-3601-4032-aecd-2578784f6335,2025-10-22,STR010,SKU1005,205,246.0,2025-11-04 11:16:19.423183,41.0
5701,fe9e0b55-3601-4032-aecd-2578784f6335,2025-10-23,STR001,SKU1001,147,176.0,2025-11-04 11:16:19.423183,29.0
5702,fe9e0b55-3601-4032-aecd-2578784f6335,2025-10-23,STR001,SKU1002,120,108.0,2025-11-04 11:16:19.423183,12.0
5703,fe9e0b55-3601-4032-aecd-2578784f6335,2025-10-23,STR001,SKU1003,63,60.0,2025-11-04 11:16:19.423183,3.0
5704,fe9e0b55-3601-4032-aecd-2578784f6335,2025-10-23,STR001,SKU1004,110,92.0,2025-11-04 11:16:19.423183,18.0
5705,fe9e0b55-3601-4032-aecd-2578784f6335,2025-10-23,STR001,SKU1005,156,130.0,2025-11-04 11:16:19.423183,26.0
5706,fe9e0b55-3601-4032-aecd-2578784f6335,2025-10-23,STR002,SKU1001,92,96.0,2025-11-04 11:16:19.423183,4.0
5707,fe9e0b55-3601-4032-aecd-2578784f6335,2025-10-23,STR002,SKU1002,12,16.0,2025-11-04 11:16:19.423183,4.0
5708,fe9e0b55-3601-4032-aecd-2578784f6335,2025-10-23,STR002,SKU1003,172,190.0,2025-11-04 11:16:19.423183,18.0
5709,fe9e0b55-3601-4032-aecd-2578784f6335,2025-10-23,STR002,SKU1004,90,89.0,2025-11-04 11:16:19.423183,1.0
5710,fe9e0b55-3601-4032-aecd-2578784f6335,2025-10-23,STR002,SKU1005,122,97.0,2025-11-04 11:16:19.423183,25.0
5711,fe9e0b55-3601-4032-aecd-2578784f6335,2025-10-23,STR003,SKU1001,13,12.0,2025-11-04 11:16:19.423183,1.0
5712,fe9e0b55-3601-4032-aecd-2578784f6335,2025-10-23,STR003,SKU1002,216,254.0,2025-11-04 11:16:19.423183,38.0
5713,fe9e0b55-3601-4032-aecd-2578784f6335,2025-10-23,STR003,SKU1003,123,115.0,2025-11-04 11:16:19.423183,8.0
5714,fe9e0b55-3601-4032-aecd-2578784f6335,2025-10-23,STR003,SKU1004,204,258.0,2025-11-04 11:16:19.423183,54.0
5715,fe9e0b55-3601-4032-aecd-2578784f6335,2025-10-23,STR003,SKU1005,38,37.0,2025-11-04 11:16:19.423183,1.0
5716,fe9e0b55-3601-4032-aecd-2578784f6335,2025-10-23,STR004,SKU1001,299,261.0,2025-11-04 11:16:19.423183,38.0
5717,fe9e0b55-3601-4032-aecd-2578784f6335,2025-10-23,STR004,SKU1002,288,264.0,2025-11-04 11:16:19.423183,24.0
5718,fe9e0b55-3601-4032-aecd-2578784f6335,2025-10-23,STR004,SKU1003,62,61.0,2025-11-04 11:16:19.423183,1.0
5719,fe9e0b55-3601-4032-aecd-2578784f6335,2025-10-23,STR004,SKU1004,195,143.0,2025-11-04 11:16:19.423183,52.0
5720,fe9e0b55-3601-4032-aecd-2578784f6335,2025-10-23,STR004,SKU1005,180,219.0,2025-11-04 11:16:19.423183,39.0
5721,fe9e0b55-3601-4032-aecd-2578784f6335,2025-10-23,STR005,SKU1001,209,270.0,2025-11-04 11:16:19.423183,61.0
5722,fe9e0b55-3601-4032-aecd-2578784f6335,2025-10-23,STR005,SKU1002,214,227.0,2025-11-04 11:16:19.423183,13.0
5723,fe9e0b55-3601-4032-aecd-2578784f6335,2025-10-23,STR005,SKU1003,121,160.0,2025-11-04 11:16:19.423183,39.0
5724,fe9e0b55-3601-4032-aecd-2578784f6335,2025-10-23,STR005,SKU1004,240,274.0,2025-11-04 11:16:19.423183,34.0
5725,fe9e0b55-3601-4032-aecd-2578784f6335,2025-10-23,STR005,SKU1005,150,132.0,2025-11-04 11:16:19.423183,18.0
5726,fe9e0b55-3601-4032-aecd-2578784f6335,2025-10-23,STR006,SKU1001,23,20.0,2025-11-04 11:16:19.423183,3.0
5727,fe9e0b55-3601-4032-aecd-2578784f6335,2025-10-23,STR006,SKU1002,112,100.0,2025-11-04 11:16:19.423183,12.0
5728,fe9e0b55-3601-4032-aecd-2578784f6335,2025-10-23,STR006,SKU1003,212,238.0,2025-11-04 11:16:19.423183,26.0
5729,fe9e0b55-3601-4032-aecd-2578784f6335,2025-10-23,STR006,SKU1004,239,223.0,2025-11-04 11:16:19.423183,16.0
5730,fe9e0b55-3601-4032-aecd-2578784f6335,2025-10-23,STR006,SKU1005,202,294.0,2025-11-04 11:16:19.423183,92.0
5731,fe9e0b55-3601-4032-aecd-2578784f6335,2025-10-23,STR007,SKU1001,238,276.0,2025-11-04 11:16:19.423183,38.0
5732,fe9e0b55-3601-4032-aecd-2578784f6335,2025-10-23,STR007,SKU1002,232,238.0,2025-11-04 11:16:19.423183,6.0
5733,fe9e0b55-3601-4032-aecd-2578784f6335,2025-10-23,STR007,SKU1003,289,267.0,2025-11-04 11:16:19.423183,22.0
5734,fe9e0b55-3601-4032-aecd-2578784f6335,2025-10-23,STR007,SKU1004,135,116.0,2025-11-04 11:16:19.423183,19.0
5735,fe9e0b55-3601-4032-aecd-2578784f6335,2025-10-23,STR007,SKU1005,21,22.0,2025-11-04 11:16:19.423183,1.0
5736,fe9e0b55-3601-4032-aecd-2578784f6335,2025-10-23,STR008,SKU1001,17,16.0,2025-11-04 11:16:19.423183,1.0
5737,fe9e0b55-3601-4032-aecd-2578784f6335,2025-10-23,STR008,SKU1002,236,207.0,2025-11-04 11:16:19.423183,29.0
5738,fe9e0b55-3601-4032-aecd-2578784f6335,2025-10-23,STR008,SKU1003,315,287.0,2025-11-04 11:16:19.423183,28.0
5739,fe9e0b55-3601-4032-aecd-2578784f6335,2025-10-23,STR008,SKU1004,129,155.0,2025-11-04 11:16:19.423183,26.0
5740,fe9e0b55-3601-4032-aecd-2578784f6335,2025-10-23,STR008,SKU1005,251,215.0,2025-11-04 11:16:19.423183,36.0
5741,fe9e0b55-3601-4032-aecd-2578784f6335,2025-10-23,STR009,SKU1001,350,278.0,2025-11-04 11:16:19.423183,72.0
5742,fe9e0b55-3601-4032-aecd-2578784f6335,2025-10-23,STR009,SKU1002,251,217.0,2025-11-04 11:16:19.423183,34.0
5743,fe9e0b55-3601-4032-aecd-2578784f6335,2025-10-23,STR009,SKU1003,91,100.0,2025-11-04 11:16:19.423183,9.0
5744,fe9e0b55-3601-4032-aecd-2578784f6335,2025-10-23,STR009,SKU1004,29,24.0,2025-11-04 11:16:19.423183,5.0
5745,fe9e0b55-3601-4032-aecd-2578784f6335,2025-10-23,STR009,SKU1005,9,8.0,2025-11-04 11:16:19.423183,1.0
5746,fe9e0b55-3601-4032-aecd-2578784f6335,2025-10-23,STR010,SKU1001,273,264.0,2025-11-04 11:16:19.423183,9.0
5747,fe9e0b55-3601-4032-aecd-2578784f6335,2025-10-23,STR010,SKU1002,222,253.0,2025-11-04 11:16:19.423183,31.0
5748,fe9e0b55-3601-4032-aecd-2578784f6335,2025-10-23,STR010,SKU1003,166,243.0,2025-11-04 11:16:19.423183,77.0
5749,fe9e0b55-3601-4032-aecd-2578784f6335,2025-10-23,STR010,SKU1004,65,68.0,2025-11-04 11:16:19.423183,3.0
5750,fe9e0b55-3601-4032-aecd-2578784f6335,2025-10-23,STR010,SKU1005,342,293.0,2025-11-04 11:16:19.423183,49.0
5751,fe9e0b55-3601-4032-aecd-2578784f6335,2025-10-24,STR001,SKU1001,41,42.0,2025-11-04 11:16:19.423183,1.0
5752,fe9e0b55-3601-4032-aecd-2578784f6335,2025-10-24,STR001,SKU1002,172,162.0,2025-11-04 11:16:19.423183,10.0
5753,fe9e0b55-3601-4032-aecd-2578784f6335,2025-10-24,STR001,SKU1003,77,82.0,2025-11-04 11:16:19.423183,5.0
5754,fe9e0b55-3601-4032-aecd-2578784f6335,2025-10-24,STR001,SKU1004,294,255.0,2025-11-04 11:16:19.423183,39.0
5755,fe9e0b55-3601-4032-aecd-2578784f6335,2025-10-24,STR001,SKU1005,105,98.0,2025-11-04 11:16:19.423183,7.0
5756,fe9e0b55-3601-4032-aecd-2578784f6335,2025-10-24,STR002,SKU1001,215,212.0,2025-11-04 11:16:19.423183,3.0
5757,fe9e0b55-3601-4032-aecd-2578784f6335,2025-10-24,STR002,SKU1002,202,143.0,2025-11-04 11:16:19.423183,59.0
5758,fe9e0b55-3601-4032-aecd-2578784f6335,2025-10-24,STR002,SKU1003,58,59.0,2025-11-04 11:16:19.423183,1.0
5759,fe9e0b55-3601-4032-aecd-2578784f6335,2025-10-24,STR002,SKU1004,142,160.0,2025-11-04 11:16:19.423183,18.0
5760,fe9e0b55-3601-4032-aecd-2578784f6335,2025-10-24,STR002,SKU1005,276,243.0,2025-11-04 11:16:19.423183,33.0
5761,fe9e0b55-3601-4032-aecd-2578784f6335,2025-10-24,STR003,SKU1001,118,140.0,2025-11-04 11:16:19.423183,22.0
5762,fe9e0b55-3601-4032-aecd-2578784f6335,2025-10-24,STR003,SKU1002,252,265.0,2025-11-04 11:16:19.423183,13.0
5763,fe9e0b55-3601-4032-aecd-2578784f6335,2025-10-24,STR003,SKU1003,297,300.0,2025-11-04 11:16:19.423183,3.0
5764,fe9e0b55-3601-4032-aecd-2578784f6335,2025-10-24,STR003,SKU1004,96,99.0,2025-11-04 11:16:19.423183,3.0
5765,fe9e0b55-3601-4032-aecd-2578784f6335,2025-10-24,STR003,SKU1005,189,198.0,2025-11-04 11:16:19.423183,9.0
5766,fe9e0b55-3601-4032-aecd-2578784f6335,2025-10-24,STR004,SKU1001,253,250.0,2025-11-04 11:16:19.423183,3.0
5767,fe9e0b55-3601-4032-aecd-2578784f6335,2025-10-24,STR004,SKU1002,181,152.0,2025-11-04 11:16:19.423183,29.0
5768,fe9e0b55-3601-4032-aecd-2578784f6335,2025-10-24,STR004,SKU1003,155,146.0,2025-11-04 11:16:19.423183,9.0
5769,fe9e0b55-3601-4032-aecd-2578784f6335,2025-10-24,STR004,SKU1004,31,38.0,2025-11-04 11:16:19.423183,7.0
5770,fe9e0b55-3601-4032-aecd-2578784f6335,2025-10-24,STR004,SKU1005,185,195.0,2025-11-04 11:16:19.423183,10.0
5771,fe9e0b55-3601-4032-aecd-2578784f6335,2025-10-24,STR005,SKU1001,73,82.0,2025-11-04 11:16:19.423183,9.0
5772,fe9e0b55-3601-4032-aecd-2578784f6335,2025-10-24,STR005,SKU1002,175,169.0,2025-11-04 11:16:19.423183,6.0
5773,fe9e0b55-3601-4032-aecd-2578784f6335,2025-10-24,STR005,SKU1003,42,45.0,2025-11-04 11:16:19.423183,3.0
5774,fe9e0b55-3601-4032-aecd-2578784f6335,2025-10-24,STR005,SKU1004,312,298.0,2025-11-04 11:16:19.423183,14.0
5775,fe9e0b55-3601-4032-aecd-2578784f6335,2025-10-24,STR005,SKU1005,212,239.0,2025-11-04 11:16:19.423183,27.0
5776,fe9e0b55-3601-4032-aecd-2578784f6335,2025-10-24,STR006,SKU1001,174,195.0,2025-11-04 11:16:19.423183,21.0
5777,fe9e0b55-3601-4032-aecd-2578784f6335,2025-10-24,STR006,SKU1002,74,72.0,2025-11-04 11:16:19.423183,2.0
5778,fe9e0b55-3601-4032-aecd-2578784f6335,2025-10-24,STR006,SKU1003,39,48.0,2025-11-04 11:16:19.423183,9.0
5779,fe9e0b55-3601-4032-aecd-2578784f6335,2025-10-24,STR006,SKU1004,117,108.0,2025-11-04 11:16:19.423183,9.0
5780,fe9e0b55-3601-4032-aecd-2578784f6335,2025-10-24,STR006,SKU1005,180,168.0,2025-11-04 11:16:19.423183,12.0
5781,fe9e0b55-3601-4032-aecd-2578784f6335,2025-10-24,STR007,SKU1001,237,264.0,2025-11-04 11:16:19.423183,27.0
5782,fe9e0b55-3601-4032-aecd-2578784f6335,2025-10-24,STR007,SKU1002,278,292.0,2025-11-04 11:16:19.423183,14.0
5783,fe9e0b55-3601-4032-aecd-2578784f6335,2025-10-24,STR007,SKU1003,290,285.0,2025-11-04 11:16:19.423183,5.0
5784,fe9e0b55-3601-4032-aecd-2578784f6335,2025-10-24,STR007,SKU1004,48,46.0,2025-11-04 11:16:19.423183,2.0
5785,fe9e0b55-3601-4032-aecd-2578784f6335,2025-10-24,STR007,SKU1005,309,257.0,2025-11-04 11:16:19.423183,52.0
5786,fe9e0b55-3601-4032-aecd-2578784f6335,2025-10-24,STR008,SKU1001,118,140.0,2025-11-04 11:16:19.423183,22.0
5787,fe9e0b55-3601-4032-aecd-2578784f6335,2025-10-24,STR008,SKU1002,91,81.0,2025-11-04 11:16:19.423183,10.0
5788,fe9e0b55-3601-4032-aecd-2578784f6335,2025-10-24,STR008,SKU1003,173,177.0,2025-11-04 11:16:19.423183,4.0
5789,fe9e0b55-3601-4032-aecd-2578784f6335,2025-10-24,STR008,SKU1004,160,148.0,2025-11-04 11:16:19.423183,12.0
5790,fe9e0b55-3601-4032-aecd-2578784f6335,2025-10-24,STR008,SKU1005,25,22.0,2025-11-04 11:16:19.423183,3.0
5791,fe9e0b55-3601-4032-aecd-2578784f6335,2025-10-24,STR009,SKU1001,334,273.0,2025-11-04 11:16:19.423183,61.0
5792,fe9e0b55-3601-4032-aecd-2578784f6335,2025-10-24,STR009,SKU1002,66,71.0,2025-11-04 11:16:19.423183,5.0
5793,fe9e0b55-3601-4032-aecd-2578784f6335,2025-10-24,STR009,SKU1003,291,299.0,2025-11-04 11:16:19.423183,8.0
5794,fe9e0b55-3601-4032-aecd-2578784f6335,2025-10-24,STR009,SKU1004,54,56.0,2025-11-04 11:16:19.423183,2.0
5795,fe9e0b55-3601-4032-aecd-2578784f6335,2025-10-24,STR009,SKU1005,44,36.0,2025-11-04 11:16:19.423183,8.0
5796,fe9e0b55-3601-4032-aecd-2578784f6335,2025-10-24,STR010,SKU1001,96,84.0,2025-11-04 11:16:19.423183,12.0
5797,fe9e0b55-3601-4032-aecd-2578784f6335,2025-10-24,STR010,SKU1002,17,20.0,2025-11-04 11:16:19.423183,3.0
5798,fe9e0b55-3601-4032-aecd-2578784f6335,2025-10-24,STR010,SKU1003,100,116.0,2025-11-04 11:16:19.423183,16.0
5799,fe9e0b55-3601-4032-aecd-2578784f6335,2025-10-24,STR010,SKU1004,28,25.0,2025-11-04 11:16:19.423183,3.0
5800,fe9e0b55-3601-4032-aecd-2578784f6335,2025-10-24,STR010,SKU1005,131,128.0,2025-11-04 11:16:19.423183,3.0
5801,fe9e0b55-3601-4032-aecd-2578784f6335,2025-10-25,STR001,SKU1001,278,260.0,2025-11-04 11:16:19.423183,18.0
5802,fe9e0b55-3601-4032-aecd-2578784f6335,2025-10-25,STR001,SKU1002,207,232.0,2025-11-04 11:16:19.423183,25.0
5803,fe9e0b55-3601-4032-aecd-2578784f6335,2025-10-25,STR001,SKU1003,53,56.0,2025-11-04 11:16:19.423183,3.0
5804,fe9e0b55-3601-4032-aecd-2578784f6335,2025-10-25,STR001,SKU1004,130,117.0,2025-11-04 11:16:19.423183,13.0
5805,fe9e0b55-3601-4032-aecd-2578784f6335,2025-10-25,STR001,SKU1005,304,289.0,2025-11-04 11:16:19.423183,15.0
5806,fe9e0b55-3601-4032-aecd-2578784f6335,2025-10-25,STR002,SKU1001,89,80.0,2025-11-04 11:16:19.423183,9.0
5807,fe9e0b55-3601-4032-aecd-2578784f6335,2025-10-25,STR002,SKU1002,44,53.0,2025-11-04 11:16:19.423183,9.0
5808,fe9e0b55-3601-4032-aecd-2578784f6335,2025-10-25,STR002,SKU1003,69,61.0,2025-11-04 11:16:19.423183,8.0
5809,fe9e0b55-3601-4032-aecd-2578784f6335,2025-10-25,STR002,SKU1004,195,191.0,2025-11-04 11:16:19.423183,4.0
5810,fe9e0b55-3601-4032-aecd-2578784f6335,2025-10-25,STR002,SKU1005,190,163.0,2025-11-04 11:16:19.423183,27.0
5811,fe9e0b55-3601-4032-aecd-2578784f6335,2025-10-25,STR003,SKU1001,137,140.0,2025-11-04 11:16:19.423183,3.0
5812,fe9e0b55-3601-4032-aecd-2578784f6335,2025-10-25,STR003,SKU1002,119,122.0,2025-11-04 11:16:19.423183,3.0
5813,fe9e0b55-3601-4032-aecd-2578784f6335,2025-10-25,STR003,SKU1003,120,110.0,2025-11-04 11:16:19.423183,10.0
5814,fe9e0b55-3601-4032-aecd-2578784f6335,2025-10-25,STR003,SKU1004,326,300.0,2025-11-04 11:16:19.423183,26.0
5815,fe9e0b55-3601-4032-aecd-2578784f6335,2025-10-25,STR003,SKU1005,202,208.0,2025-11-04 11:16:19.423183,6.0
5816,fe9e0b55-3601-4032-aecd-2578784f6335,2025-10-25,STR004,SKU1001,128,145.0,2025-11-04 11:16:19.423183,17.0
5817,fe9e0b55-3601-4032-aecd-2578784f6335,2025-10-25,STR004,SKU1002,85,73.0,2025-11-04 11:16:19.423183,12.0
5818,fe9e0b55-3601-4032-aecd-2578784f6335,2025-10-25,STR004,SKU1003,90,117.0,2025-11-04 11:16:19.423183,27.0
5819,fe9e0b55-3601-4032-aecd-2578784f6335,2025-10-25,STR004,SKU1004,324,286.0,2025-11-04 11:16:19.423183,38.0
5820,fe9e0b55-3601-4032-aecd-2578784f6335,2025-10-25,STR004,SKU1005,167,220.0,2025-11-04 11:16:19.423183,53.0
5821,fe9e0b55-3601-4032-aecd-2578784f6335,2025-10-25,STR005,SKU1001,258,245.0,2025-11-04 11:16:19.423183,13.0
5822,fe9e0b55-3601-4032-aecd-2578784f6335,2025-10-25,STR005,SKU1002,14,18.0,2025-11-04 11:16:19.423183,4.0
5823,fe9e0b55-3601-4032-aecd-2578784f6335,2025-10-25,STR005,SKU1003,141,113.0,2025-11-04 11:16:19.423183,28.0
5824,fe9e0b55-3601-4032-aecd-2578784f6335,2025-10-25,STR005,SKU1004,169,150.0,2025-11-04 11:16:19.423183,19.0
5825,fe9e0b55-3601-4032-aecd-2578784f6335,2025-10-25,STR005,SKU1005,188,233.0,2025-11-04 11:16:19.423183,45.0
5826,fe9e0b55-3601-4032-aecd-2578784f6335,2025-10-25,STR006,SKU1001,178,213.0,2025-11-04 11:16:19.423183,35.0
5827,fe9e0b55-3601-4032-aecd-2578784f6335,2025-10-25,STR006,SKU1002,95,109.0,2025-11-04 11:16:19.423183,14.0
5828,fe9e0b55-3601-4032-aecd-2578784f6335,2025-10-25,STR006,SKU1003,57,51.0,2025-11-04 11:16:19.423183,6.0
5829,fe9e0b55-3601-4032-aecd-2578784f6335,2025-10-25,STR006,SKU1004,238,225.0,2025-11-04 11:16:19.423183,13.0
5830,fe9e0b55-3601-4032-aecd-2578784f6335,2025-10-25,STR006,SKU1005,200,241.0,2025-11-04 11:16:19.423183,41.0
5831,fe9e0b55-3601-4032-aecd-2578784f6335,2025-10-25,STR007,SKU1001,248,268.0,2025-11-04 11:16:19.423183,20.0
5832,fe9e0b55-3601-4032-aecd-2578784f6335,2025-10-25,STR007,SKU1002,78,57.0,2025-11-04 11:16:19.423183,21.0
5833,fe9e0b55-3601-4032-aecd-2578784f6335,2025-10-25,STR007,SKU1003,160,179.0,2025-11-04 11:16:19.423183,19.0
5834,fe9e0b55-3601-4032-aecd-2578784f6335,2025-10-25,STR007,SKU1004,50,47.0,2025-11-04 11:16:19.423183,3.0
5835,fe9e0b55-3601-4032-aecd-2578784f6335,2025-10-25,STR007,SKU1005,134,136.0,2025-11-04 11:16:19.423183,2.0
5836,fe9e0b55-3601-4032-aecd-2578784f6335,2025-10-25,STR008,SKU1001,201,260.0,2025-11-04 11:16:19.423183,59.0
5837,fe9e0b55-3601-4032-aecd-2578784f6335,2025-10-25,STR008,SKU1002,113,109.0,2025-11-04 11:16:19.423183,4.0
5838,fe9e0b55-3601-4032-aecd-2578784f6335,2025-10-25,STR008,SKU1003,295,280.0,2025-11-04 11:16:19.423183,15.0
5839,fe9e0b55-3601-4032-aecd-2578784f6335,2025-10-25,STR008,SKU1004,63,46.0,2025-11-04 11:16:19.423183,17.0
5840,fe9e0b55-3601-4032-aecd-2578784f6335,2025-10-25,STR008,SKU1005,28,28.0,2025-11-04 11:16:19.423183,0.0
5841,fe9e0b55-3601-4032-aecd-2578784f6335,2025-10-25,STR009,SKU1001,91,119.0,2025-11-04 11:16:19.423183,28.0
5842,fe9e0b55-3601-4032-aecd-2578784f6335,2025-10-25,STR009,SKU1002,258,239.0,2025-11-04 11:16:19.423183,19.0
5843,fe9e0b55-3601-4032-aecd-2578784f6335,2025-10-25,STR009,SKU1003,145,162.0,2025-11-04 11:16:19.423183,17.0
5844,fe9e0b55-3601-4032-aecd-2578784f6335,2025-10-25,STR009,SKU1004,100,96.0,2025-11-04 11:16:19.423183,4.0
5845,fe9e0b55-3601-4032-aecd-2578784f6335,2025-10-25,STR009,SKU1005,358,281.0,2025-11-04 11:16:19.423183,77.0
5846,fe9e0b55-3601-4032-aecd-2578784f6335,2025-10-25,STR010,SKU1001,268,284.0,2025-11-04 11:16:19.423183,16.0
5847,fe9e0b55-3601-4032-aecd-2578784f6335,2025-10-25,STR010,SKU1002,5,5.0,2025-11-04 11:16:19.423183,0.0
5848,fe9e0b55-3601-4032-aecd-2578784f6335,2025-10-25,STR010,SKU1003,118,123.0,2025-11-04 11:16:19.423183,5.0
5849,fe9e0b55-3601-4032-aecd-2578784f6335,2025-10-25,STR010,SKU1004,16,16.0,2025-11-04 11:16:19.423183,0.0
5850,fe9e0b55-3601-4032-aecd-2578784f6335,2025-10-25,STR010,SKU1005,143,146.0,2025-11-04 11:16:19.423183,3.0
5851,fe9e0b55-3601-4032-aecd-2578784f6335,2025-10-26,STR001,SKU1001,206,233.0,2025-11-04 11:16:19.423183,27.0
5852,fe9e0b55-3601-4032-aecd-2578784f6335,2025-10-26,STR001,SKU1002,75,87.0,2025-11-04 11:16:19.423183,12.0
5853,fe9e0b55-3601-4032-aecd-2578784f6335,2025-10-26,STR001,SKU1003,141,99.0,2025-11-04 11:16:19.423183,42.0
5854,fe9e0b55-3601-4032-aecd-2578784f6335,2025-10-26,STR001,SKU1004,233,205.0,2025-11-04 11:16:19.423183,28.0
5855,fe9e0b55-3601-4032-aecd-2578784f6335,2025-10-26,STR001,SKU1005,322,293.0,2025-11-04 11:16:19.423183,29.0
5856,fe9e0b55-3601-4032-aecd-2578784f6335,2025-10-26,STR002,SKU1001,189,219.0,2025-11-04 11:16:19.423183,30.0
5857,fe9e0b55-3601-4032-aecd-2578784f6335,2025-10-26,STR002,SKU1002,299,227.0,2025-11-04 11:16:19.423183,72.0
5858,fe9e0b55-3601-4032-aecd-2578784f6335,2025-10-26,STR002,SKU1003,75,89.0,2025-11-04 11:16:19.423183,14.0
5859,fe9e0b55-3601-4032-aecd-2578784f6335,2025-10-26,STR002,SKU1004,93,83.0,2025-11-04 11:16:19.423183,10.0
5860,fe9e0b55-3601-4032-aecd-2578784f6335,2025-10-26,STR002,SKU1005,235,217.0,2025-11-04 11:16:19.423183,18.0
5861,fe9e0b55-3601-4032-aecd-2578784f6335,2025-10-26,STR003,SKU1001,110,111.0,2025-11-04 11:16:19.423183,1.0
5862,fe9e0b55-3601-4032-aecd-2578784f6335,2025-10-26,STR003,SKU1002,83,99.0,2025-11-04 11:16:19.423183,16.0
5863,fe9e0b55-3601-4032-aecd-2578784f6335,2025-10-26,STR003,SKU1003,84,64.0,2025-11-04 11:16:19.423183,20.0
5864,fe9e0b55-3601-4032-aecd-2578784f6335,2025-10-26,STR003,SKU1004,298,196.0,2025-11-04 11:16:19.423183,102.0
5865,fe9e0b55-3601-4032-aecd-2578784f6335,2025-10-26,STR003,SKU1005,31,27.0,2025-11-04 11:16:19.423183,4.0
5866,fe9e0b55-3601-4032-aecd-2578784f6335,2025-10-26,STR004,SKU1001,274,300.0,2025-11-04 11:16:19.423183,26.0
5867,fe9e0b55-3601-4032-aecd-2578784f6335,2025-10-26,STR004,SKU1002,164,178.0,2025-11-04 11:16:19.423183,14.0
5868,fe9e0b55-3601-4032-aecd-2578784f6335,2025-10-26,STR004,SKU1003,245,195.0,2025-11-04 11:16:19.423183,50.0
5869,fe9e0b55-3601-4032-aecd-2578784f6335,2025-10-26,STR004,SKU1004,134,116.0,2025-11-04 11:16:19.423183,18.0
5870,fe9e0b55-3601-4032-aecd-2578784f6335,2025-10-26,STR004,SKU1005,166,181.0,2025-11-04 11:16:19.423183,15.0
5871,fe9e0b55-3601-4032-aecd-2578784f6335,2025-10-26,STR005,SKU1001,299,300.0,2025-11-04 11:16:19.423183,1.0
5872,fe9e0b55-3601-4032-aecd-2578784f6335,2025-10-26,STR005,SKU1002,291,271.0,2025-11-04 11:16:19.423183,20.0
5873,fe9e0b55-3601-4032-aecd-2578784f6335,2025-10-26,STR005,SKU1003,193,155.0,2025-11-04 11:16:19.423183,38.0
5874,fe9e0b55-3601-4032-aecd-2578784f6335,2025-10-26,STR005,SKU1004,265,234.0,2025-11-04 11:16:19.423183,31.0
5875,fe9e0b55-3601-4032-aecd-2578784f6335,2025-10-26,STR005,SKU1005,213,214.0,2025-11-04 11:16:19.423183,1.0
5876,fe9e0b55-3601-4032-aecd-2578784f6335,2025-10-26,STR006,SKU1001,137,124.0,2025-11-04 11:16:19.423183,13.0
5877,fe9e0b55-3601-4032-aecd-2578784f6335,2025-10-26,STR006,SKU1002,264,194.0,2025-11-04 11:16:19.423183,70.0
5878,fe9e0b55-3601-4032-aecd-2578784f6335,2025-10-26,STR006,SKU1003,74,60.0,2025-11-04 11:16:19.423183,14.0
5879,fe9e0b55-3601-4032-aecd-2578784f6335,2025-10-26,STR006,SKU1004,253,235.0,2025-11-04 11:16:19.423183,18.0
5880,fe9e0b55-3601-4032-aecd-2578784f6335,2025-10-26,STR006,SKU1005,251,299.0,2025-11-04 11:16:19.423183,48.0
5881,fe9e0b55-3601-4032-aecd-2578784f6335,2025-10-26,STR007,SKU1001,246,284.0,2025-11-04 11:16:19.423183,38.0
5882,fe9e0b55-3601-4032-aecd-2578784f6335,2025-10-26,STR007,SKU1002,178,185.0,2025-11-04 11:16:19.423183,7.0
5883,fe9e0b55-3601-4032-aecd-2578784f6335,2025-10-26,STR007,SKU1003,229,193.0,2025-11-04 11:16:19.423183,36.0
5884,fe9e0b55-3601-4032-aecd-2578784f6335,2025-10-26,STR007,SKU1004,305,286.0,2025-11-04 11:16:19.423183,19.0
5885,fe9e0b55-3601-4032-aecd-2578784f6335,2025-10-26,STR007,SKU1005,256,252.0,2025-11-04 11:16:19.423183,4.0
5886,fe9e0b55-3601-4032-aecd-2578784f6335,2025-10-26,STR008,SKU1001,56,45.0,2025-11-04 11:16:19.423183,11.0
5887,fe9e0b55-3601-4032-aecd-2578784f6335,2025-10-26,STR008,SKU1002,46,50.0,2025-11-04 11:16:19.423183,4.0
5888,fe9e0b55-3601-4032-aecd-2578784f6335,2025-10-26,STR008,SKU1003,225,229.0,2025-11-04 11:16:19.423183,4.0
5889,fe9e0b55-3601-4032-aecd-2578784f6335,2025-10-26,STR008,SKU1004,40,52.0,2025-11-04 11:16:19.423183,12.0
5890,fe9e0b55-3601-4032-aecd-2578784f6335,2025-10-26,STR008,SKU1005,35,34.0,2025-11-04 11:16:19.423183,1.0
5891,fe9e0b55-3601-4032-aecd-2578784f6335,2025-10-26,STR009,SKU1001,293,266.0,2025-11-04 11:16:19.423183,27.0
5892,fe9e0b55-3601-4032-aecd-2578784f6335,2025-10-26,STR009,SKU1002,238,266.0,2025-11-04 11:16:19.423183,28.0
5893,fe9e0b55-3601-4032-aecd-2578784f6335,2025-10-26,STR009,SKU1003,68,91.0,2025-11-04 11:16:19.423183,23.0
5894,fe9e0b55-3601-4032-aecd-2578784f6335,2025-10-26,STR009,SKU1004,133,142.0,2025-11-04 11:16:19.423183,9.0
5895,fe9e0b55-3601-4032-aecd-2578784f6335,2025-10-26,STR009,SKU1005,119,108.0,2025-11-04 11:16:19.423183,11.0
5896,fe9e0b55-3601-4032-aecd-2578784f6335,2025-10-26,STR010,SKU1001,136,111.0,2025-11-04 11:16:19.423183,25.0
5897,fe9e0b55-3601-4032-aecd-2578784f6335,2025-10-26,STR010,SKU1002,174,193.0,2025-11-04 11:16:19.423183,19.0
5898,fe9e0b55-3601-4032-aecd-2578784f6335,2025-10-26,STR010,SKU1003,202,183.0,2025-11-04 11:16:19.423183,19.0
5899,fe9e0b55-3601-4032-aecd-2578784f6335,2025-10-26,STR010,SKU1004,51,59.0,2025-11-04 11:16:19.423183,8.0
5900,fe9e0b55-3601-4032-aecd-2578784f6335,2025-10-26,STR010,SKU1005,112,108.0,2025-11-04 11:16:19.423183,4.0
5901,fe9e0b55-3601-4032-aecd-2578784f6335,2025-10-27,STR001,SKU1001,235,245.0,2025-11-04 11:16:19.423183,10.0
5902,fe9e0b55-3601-4032-aecd-2578784f6335,2025-10-27,STR001,SKU1002,117,122.0,2025-11-04 11:16:19.423183,5.0
5903,fe9e0b55-3601-4032-aecd-2578784f6335,2025-10-27,STR001,SKU1003,140,146.0,2025-11-04 11:16:19.423183,6.0
5904,fe9e0b55-3601-4032-aecd-2578784f6335,2025-10-27,STR001,SKU1004,288,274.0,2025-11-04 11:16:19.423183,14.0
5905,fe9e0b55-3601-4032-aecd-2578784f6335,2025-10-27,STR001,SKU1005,161,174.0,2025-11-04 11:16:19.423183,13.0
5906,fe9e0b55-3601-4032-aecd-2578784f6335,2025-10-27,STR002,SKU1001,177,208.0,2025-11-04 11:16:19.423183,31.0
5907,fe9e0b55-3601-4032-aecd-2578784f6335,2025-10-27,STR002,SKU1002,125,153.0,2025-11-04 11:16:19.423183,28.0
5908,fe9e0b55-3601-4032-aecd-2578784f6335,2025-10-27,STR002,SKU1003,200,224.0,2025-11-04 11:16:19.423183,24.0
5909,fe9e0b55-3601-4032-aecd-2578784f6335,2025-10-27,STR002,SKU1004,10,12.0,2025-11-04 11:16:19.423183,2.0
5910,fe9e0b55-3601-4032-aecd-2578784f6335,2025-10-27,STR002,SKU1005,162,168.0,2025-11-04 11:16:19.423183,6.0
5911,fe9e0b55-3601-4032-aecd-2578784f6335,2025-10-27,STR003,SKU1001,174,158.0,2025-11-04 11:16:19.423183,16.0
5912,fe9e0b55-3601-4032-aecd-2578784f6335,2025-10-27,STR003,SKU1002,247,258.0,2025-11-04 11:16:19.423183,11.0
5913,fe9e0b55-3601-4032-aecd-2578784f6335,2025-10-27,STR003,SKU1003,227,278.0,2025-11-04 11:16:19.423183,51.0
5914,fe9e0b55-3601-4032-aecd-2578784f6335,2025-10-27,STR003,SKU1004,39,40.0,2025-11-04 11:16:19.423183,1.0
5915,fe9e0b55-3601-4032-aecd-2578784f6335,2025-10-27,STR003,SKU1005,188,191.0,2025-11-04 11:16:19.423183,3.0
5916,fe9e0b55-3601-4032-aecd-2578784f6335,2025-10-27,STR004,SKU1001,16,15.0,2025-11-04 11:16:19.423183,1.0
5917,fe9e0b55-3601-4032-aecd-2578784f6335,2025-10-27,STR004,SKU1002,133,135.0,2025-11-04 11:16:19.423183,2.0
5918,fe9e0b55-3601-4032-aecd-2578784f6335,2025-10-27,STR004,SKU1003,191,202.0,2025-11-04 11:16:19.423183,11.0
5919,fe9e0b55-3601-4032-aecd-2578784f6335,2025-10-27,STR004,SKU1004,85,78.0,2025-11-04 11:16:19.423183,7.0
5920,fe9e0b55-3601-4032-aecd-2578784f6335,2025-10-27,STR004,SKU1005,29,26.0,2025-11-04 11:16:19.423183,3.0
5921,fe9e0b55-3601-4032-aecd-2578784f6335,2025-10-27,STR005,SKU1001,148,115.0,2025-11-04 11:16:19.423183,33.0
5922,fe9e0b55-3601-4032-aecd-2578784f6335,2025-10-27,STR005,SKU1002,41,40.0,2025-11-04 11:16:19.423183,1.0
5923,fe9e0b55-3601-4032-aecd-2578784f6335,2025-10-27,STR005,SKU1003,39,41.0,2025-11-04 11:16:19.423183,2.0
5924,fe9e0b55-3601-4032-aecd-2578784f6335,2025-10-27,STR005,SKU1004,92,89.0,2025-11-04 11:16:19.423183,3.0
5925,fe9e0b55-3601-4032-aecd-2578784f6335,2025-10-27,STR005,SKU1005,83,64.0,2025-11-04 11:16:19.423183,19.0
5926,fe9e0b55-3601-4032-aecd-2578784f6335,2025-10-27,STR006,SKU1001,84,91.0,2025-11-04 11:16:19.423183,7.0
5927,fe9e0b55-3601-4032-aecd-2578784f6335,2025-10-27,STR006,SKU1002,308,286.0,2025-11-04 11:16:19.423183,22.0
5928,fe9e0b55-3601-4032-aecd-2578784f6335,2025-10-27,STR006,SKU1003,185,209.0,2025-11-04 11:16:19.423183,24.0
5929,fe9e0b55-3601-4032-aecd-2578784f6335,2025-10-27,STR006,SKU1004,93,91.0,2025-11-04 11:16:19.423183,2.0
5930,fe9e0b55-3601-4032-aecd-2578784f6335,2025-10-27,STR006,SKU1005,290,276.0,2025-11-04 11:16:19.423183,14.0
5931,fe9e0b55-3601-4032-aecd-2578784f6335,2025-10-27,STR007,SKU1001,351,290.0,2025-11-04 11:16:19.423183,61.0
5932,fe9e0b55-3601-4032-aecd-2578784f6335,2025-10-27,STR007,SKU1002,73,84.0,2025-11-04 11:16:19.423183,11.0
5933,fe9e0b55-3601-4032-aecd-2578784f6335,2025-10-27,STR007,SKU1003,305,290.0,2025-11-04 11:16:19.423183,15.0
5934,fe9e0b55-3601-4032-aecd-2578784f6335,2025-10-27,STR007,SKU1004,248,193.0,2025-11-04 11:16:19.423183,55.0
5935,fe9e0b55-3601-4032-aecd-2578784f6335,2025-10-27,STR007,SKU1005,108,113.0,2025-11-04 11:16:19.423183,5.0
5936,fe9e0b55-3601-4032-aecd-2578784f6335,2025-10-27,STR008,SKU1001,141,153.0,2025-11-04 11:16:19.423183,12.0
5937,fe9e0b55-3601-4032-aecd-2578784f6335,2025-10-27,STR008,SKU1002,306,239.0,2025-11-04 11:16:19.423183,67.0
5938,fe9e0b55-3601-4032-aecd-2578784f6335,2025-10-27,STR008,SKU1003,324,258.0,2025-11-04 11:16:19.423183,66.0
5939,fe9e0b55-3601-4032-aecd-2578784f6335,2025-10-27,STR008,SKU1004,308,256.0,2025-11-04 11:16:19.423183,52.0
5940,fe9e0b55-3601-4032-aecd-2578784f6335,2025-10-27,STR008,SKU1005,27,40.0,2025-11-04 11:16:19.423183,13.0
5941,fe9e0b55-3601-4032-aecd-2578784f6335,2025-10-27,STR009,SKU1001,21,22.0,2025-11-04 11:16:19.423183,1.0
5942,fe9e0b55-3601-4032-aecd-2578784f6335,2025-10-27,STR009,SKU1002,57,59.0,2025-11-04 11:16:19.423183,2.0
5943,fe9e0b55-3601-4032-aecd-2578784f6335,2025-10-27,STR009,SKU1003,151,198.0,2025-11-04 11:16:19.423183,47.0
5944,fe9e0b55-3601-4032-aecd-2578784f6335,2025-10-27,STR009,SKU1004,74,81.0,2025-11-04 11:16:19.423183,7.0
5945,fe9e0b55-3601-4032-aecd-2578784f6335,2025-10-27,STR009,SKU1005,305,278.0,2025-11-04 11:16:19.423183,27.0
5946,fe9e0b55-3601-4032-aecd-2578784f6335,2025-10-27,STR010,SKU1001,169,225.0,2025-11-04 11:16:19.423183,56.0
5947,fe9e0b55-3601-4032-aecd-2578784f6335,2025-10-27,STR010,SKU1002,73,85.0,2025-11-04 11:16:19.423183,12.0
5948,fe9e0b55-3601-4032-aecd-2578784f6335,2025-10-27,STR010,SKU1003,258,260.0,2025-11-04 11:16:19.423183,2.0
5949,fe9e0b55-3601-4032-aecd-2578784f6335,2025-10-27,STR010,SKU1004,178,152.0,2025-11-04 11:16:19.423183,26.0
5950,fe9e0b55-3601-4032-aecd-2578784f6335,2025-10-27,STR010,SKU1005,164,168.0,2025-11-04 11:16:19.423183,4.0
5951,fe9e0b55-3601-4032-aecd-2578784f6335,2025-10-28,STR001,SKU1001,198,216.0,2025-11-04 11:16:19.423183,18.0
5952,fe9e0b55-3601-4032-aecd-2578784f6335,2025-10-28,STR001,SKU1002,307,257.0,2025-11-04 11:16:19.423183,50.0
5953,fe9e0b55-3601-4032-aecd-2578784f6335,2025-10-28,STR001,SKU1003,71,97.0,2025-11-04 11:16:19.423183,26.0
5954,fe9e0b55-3601-4032-aecd-2578784f6335,2025-10-28,STR001,SKU1004,107,96.0,2025-11-04 11:16:19.423183,11.0
5955,fe9e0b55-3601-4032-aecd-2578784f6335,2025-10-28,STR001,SKU1005,20,20.0,2025-11-04 11:16:19.423183,0.0
5956,fe9e0b55-3601-4032-aecd-2578784f6335,2025-10-28,STR002,SKU1001,269,243.0,2025-11-04 11:16:19.423183,26.0
5957,fe9e0b55-3601-4032-aecd-2578784f6335,2025-10-28,STR002,SKU1002,248,234.0,2025-11-04 11:16:19.423183,14.0
5958,fe9e0b55-3601-4032-aecd-2578784f6335,2025-10-28,STR002,SKU1003,94,107.0,2025-11-04 11:16:19.423183,13.0
5959,fe9e0b55-3601-4032-aecd-2578784f6335,2025-10-28,STR002,SKU1004,55,54.0,2025-11-04 11:16:19.423183,1.0
5960,fe9e0b55-3601-4032-aecd-2578784f6335,2025-10-28,STR002,SKU1005,174,225.0,2025-11-04 11:16:19.423183,51.0
5961,fe9e0b55-3601-4032-aecd-2578784f6335,2025-10-28,STR003,SKU1001,172,161.0,2025-11-04 11:16:19.423183,11.0
5962,fe9e0b55-3601-4032-aecd-2578784f6335,2025-10-28,STR003,SKU1002,349,259.0,2025-11-04 11:16:19.423183,90.0
5963,fe9e0b55-3601-4032-aecd-2578784f6335,2025-10-28,STR003,SKU1003,63,57.0,2025-11-04 11:16:19.423183,6.0
5964,fe9e0b55-3601-4032-aecd-2578784f6335,2025-10-28,STR003,SKU1004,117,154.0,2025-11-04 11:16:19.423183,37.0
5965,fe9e0b55-3601-4032-aecd-2578784f6335,2025-10-28,STR003,SKU1005,186,233.0,2025-11-04 11:16:19.423183,47.0
5966,fe9e0b55-3601-4032-aecd-2578784f6335,2025-10-28,STR004,SKU1001,312,242.0,2025-11-04 11:16:19.423183,70.0
5967,fe9e0b55-3601-4032-aecd-2578784f6335,2025-10-28,STR004,SKU1002,76,84.0,2025-11-04 11:16:19.423183,8.0
5968,fe9e0b55-3601-4032-aecd-2578784f6335,2025-10-28,STR004,SKU1003,245,233.0,2025-11-04 11:16:19.423183,12.0
5969,fe9e0b55-3601-4032-aecd-2578784f6335,2025-10-28,STR004,SKU1004,149,132.0,2025-11-04 11:16:19.423183,17.0
5970,fe9e0b55-3601-4032-aecd-2578784f6335,2025-10-28,STR004,SKU1005,303,283.0,2025-11-04 11:16:19.423183,20.0
5971,fe9e0b55-3601-4032-aecd-2578784f6335,2025-10-28,STR005,SKU1001,150,125.0,2025-11-04 11:16:19.423183,25.0
5972,fe9e0b55-3601-4032-aecd-2578784f6335,2025-10-28,STR005,SKU1002,100,116.0,2025-11-04 11:16:19.423183,16.0
5973,fe9e0b55-3601-4032-aecd-2578784f6335,2025-10-28,STR005,SKU1003,115,122.0,2025-11-04 11:16:19.423183,7.0
5974,fe9e0b55-3601-4032-aecd-2578784f6335,2025-10-28,STR005,SKU1004,84,87.0,2025-11-04 11:16:19.423183,3.0
5975,fe9e0b55-3601-4032-aecd-2578784f6335,2025-10-28,STR005,SKU1005,99,98.0,2025-11-04 11:16:19.423183,1.0
5976,fe9e0b55-3601-4032-aecd-2578784f6335,2025-10-28,STR006,SKU1001,220,213.0,2025-11-04 11:16:19.423183,7.0
5977,fe9e0b55-3601-4032-aecd-2578784f6335,2025-10-28,STR006,SKU1002,166,161.0,2025-11-04 11:16:19.423183,5.0
5978,fe9e0b55-3601-4032-aecd-2578784f6335,2025-10-28,STR006,SKU1003,28,27.0,2025-11-04 11:16:19.423183,1.0
5979,fe9e0b55-3601-4032-aecd-2578784f6335,2025-10-28,STR006,SKU1004,80,78.0,2025-11-04 11:16:19.423183,2.0
5980,fe9e0b55-3601-4032-aecd-2578784f6335,2025-10-28,STR006,SKU1005,182,240.0,2025-11-04 11:16:19.423183,58.0
5981,fe9e0b55-3601-4032-aecd-2578784f6335,2025-10-28,STR007,SKU1001,160,173.0,2025-11-04 11:16:19.423183,13.0
5982,fe9e0b55-3601-4032-aecd-2578784f6335,2025-10-28,STR007,SKU1002,213,241.0,2025-11-04 11:16:19.423183,28.0
5983,fe9e0b55-3601-4032-aecd-2578784f6335,2025-10-28,STR007,SKU1003,18,23.0,2025-11-04 11:16:19.423183,5.0
5984,fe9e0b55-3601-4032-aecd-2578784f6335,2025-10-28,STR007,SKU1004,208,188.0,2025-11-04 11:16:19.423183,20.0
5985,fe9e0b55-3601-4032-aecd-2578784f6335,2025-10-28,STR007,SKU1005,210,189.0,2025-11-04 11:16:19.423183,21.0
5986,fe9e0b55-3601-4032-aecd-2578784f6335,2025-10-28,STR008,SKU1001,214,234.0,2025-11-04 11:16:19.423183,20.0
5987,fe9e0b55-3601-4032-aecd-2578784f6335,2025-10-28,STR008,SKU1002,189,202.0,2025-11-04 11:16:19.423183,13.0
5988,fe9e0b55-3601-4032-aecd-2578784f6335,2025-10-28,STR008,SKU1003,336,292.0,2025-11-04 11:16:19.423183,44.0
5989,fe9e0b55-3601-4032-aecd-2578784f6335,2025-10-28,STR008,SKU1004,166,182.0,2025-11-04 11:16:19.423183,16.0
5990,fe9e0b55-3601-4032-aecd-2578784f6335,2025-10-28,STR008,SKU1005,64,65.0,2025-11-04 11:16:19.423183,1.0
5991,fe9e0b55-3601-4032-aecd-2578784f6335,2025-10-28,STR009,SKU1001,226,179.0,2025-11-04 11:16:19.423183,47.0
5992,fe9e0b55-3601-4032-aecd-2578784f6335,2025-10-28,STR009,SKU1002,44,60.0,2025-11-04 11:16:19.423183,16.0
5993,fe9e0b55-3601-4032-aecd-2578784f6335,2025-10-28,STR009,SKU1003,124,121.0,2025-11-04 11:16:19.423183,3.0
5994,fe9e0b55-3601-4032-aecd-2578784f6335,2025-10-28,STR009,SKU1004,95,72.0,2025-11-04 11:16:19.423183,23.0
5995,fe9e0b55-3601-4032-aecd-2578784f6335,2025-10-28,STR009,SKU1005,88,81.0,2025-11-04 11:16:19.423183,7.0
5996,fe9e0b55-3601-4032-aecd-2578784f6335,2025-10-28,STR010,SKU1001,152,135.0,2025-11-04 11:16:19.423183,17.0
5997,fe9e0b55-3601-4032-aecd-2578784f6335,2025-10-28,STR010,SKU1002,172,238.0,2025-11-04 11:16:19.423183,66.0
5998,fe9e0b55-3601-4032-aecd-2578784f6335,2025-10-28,STR010,SKU1003,189,240.0,2025-11-04 11:16:19.423183,51.0
5999,fe9e0b55-3601-4032-aecd-2578784f6335,2025-10-28,STR010,SKU1004,330,274.0,2025-11-04 11:16:19.423183,56.0
6000,fe9e0b55-3601-4032-aecd-2578784f6335,2025-10-28,STR010,SKU1005,54,54.0,2025-11-04 11:16:19.423183,0.0
6001,fe9e0b55-3601-4032-aecd-2578784f6335,2025-10-29,STR001,SKU1001,88,102.0,2025-11-04 11:16:19.423183,14.0
6002,fe9e0b55-3601-4032-aecd-2578784f6335,2025-10-29,STR001,SKU1002,133,124.0,2025-11-04 11:16:19.423183,9.0
6003,fe9e0b55-3601-4032-aecd-2578784f6335,2025-10-29,STR001,SKU1003,34,43.0,2025-11-04 11:16:19.423183,9.0
6004,fe9e0b55-3601-4032-aecd-2578784f6335,2025-10-29,STR001,SKU1004,73,65.0,2025-11-04 11:16:19.423183,8.0
6005,fe9e0b55-3601-4032-aecd-2578784f6335,2025-10-29,STR001,SKU1005,24,25.0,2025-11-04 11:16:19.423183,1.0
6006,fe9e0b55-3601-4032-aecd-2578784f6335,2025-10-29,STR002,SKU1001,51,56.0,2025-11-04 11:16:19.423183,5.0
6007,fe9e0b55-3601-4032-aecd-2578784f6335,2025-10-29,STR002,SKU1002,48,51.0,2025-11-04 11:16:19.423183,3.0
6008,fe9e0b55-3601-4032-aecd-2578784f6335,2025-10-29,STR002,SKU1003,270,261.0,2025-11-04 11:16:19.423183,9.0
6009,fe9e0b55-3601-4032-aecd-2578784f6335,2025-10-29,STR002,SKU1004,169,183.0,2025-11-04 11:16:19.423183,14.0
6010,fe9e0b55-3601-4032-aecd-2578784f6335,2025-10-29,STR002,SKU1005,40,39.0,2025-11-04 11:16:19.423183,1.0
6011,fe9e0b55-3601-4032-aecd-2578784f6335,2025-10-29,STR003,SKU1001,174,184.0,2025-11-04 11:16:19.423183,10.0
6012,fe9e0b55-3601-4032-aecd-2578784f6335,2025-10-29,STR003,SKU1002,245,270.0,2025-11-04 11:16:19.423183,25.0
6013,fe9e0b55-3601-4032-aecd-2578784f6335,2025-10-29,STR003,SKU1003,88,100.0,2025-11-04 11:16:19.423183,12.0
6014,fe9e0b55-3601-4032-aecd-2578784f6335,2025-10-29,STR003,SKU1004,91,83.0,2025-11-04 11:16:19.423183,8.0
6015,fe9e0b55-3601-4032-aecd-2578784f6335,2025-10-29,STR003,SKU1005,226,243.0,2025-11-04 11:16:19.423183,17.0
6016,fe9e0b55-3601-4032-aecd-2578784f6335,2025-10-29,STR004,SKU1001,193,219.0,2025-11-04 11:16:19.423183,26.0
6017,fe9e0b55-3601-4032-aecd-2578784f6335,2025-10-29,STR004,SKU1002,221,197.0,2025-11-04 11:16:19.423183,24.0
6018,fe9e0b55-3601-4032-aecd-2578784f6335,2025-10-29,STR004,SKU1003,268,279.0,2025-11-04 11:16:19.423183,11.0
6019,fe9e0b55-3601-4032-aecd-2578784f6335,2025-10-29,STR004,SKU1004,259,252.0,2025-11-04 11:16:19.423183,7.0
6020,fe9e0b55-3601-4032-aecd-2578784f6335,2025-10-29,STR004,SKU1005,229,241.0,2025-11-04 11:16:19.423183,12.0
6021,fe9e0b55-3601-4032-aecd-2578784f6335,2025-10-29,STR005,SKU1001,236,291.0,2025-11-04 11:16:19.423183,55.0
6022,fe9e0b55-3601-4032-aecd-2578784f6335,2025-10-29,STR005,SKU1002,123,98.0,2025-11-04 11:16:19.423183,25.0
6023,fe9e0b55-3601-4032-aecd-2578784f6335,2025-10-29,STR005,SKU1003,106,105.0,2025-11-04 11:16:19.423183,1.0
6024,fe9e0b55-3601-4032-aecd-2578784f6335,2025-10-29,STR005,SKU1004,106,102.0,2025-11-04 11:16:19.423183,4.0
6025,fe9e0b55-3601-4032-aecd-2578784f6335,2025-10-29,STR005,SKU1005,92,82.0,2025-11-04 11:16:19.423183,10.0
6026,fe9e0b55-3601-4032-aecd-2578784f6335,2025-10-29,STR006,SKU1001,46,53.0,2025-11-04 11:16:19.423183,7.0
6027,fe9e0b55-3601-4032-aecd-2578784f6335,2025-10-29,STR006,SKU1002,124,153.0,2025-11-04 11:16:19.423183,29.0
6028,fe9e0b55-3601-4032-aecd-2578784f6335,2025-10-29,STR006,SKU1003,9,9.0,2025-11-04 11:16:19.423183,0.0
6029,fe9e0b55-3601-4032-aecd-2578784f6335,2025-10-29,STR006,SKU1004,204,179.0,2025-11-04 11:16:19.423183,25.0
6030,fe9e0b55-3601-4032-aecd-2578784f6335,2025-10-29,STR006,SKU1005,196,181.0,2025-11-04 11:16:19.423183,15.0
6031,fe9e0b55-3601-4032-aecd-2578784f6335,2025-10-29,STR007,SKU1001,244,267.0,2025-11-04 11:16:19.423183,23.0
6032,fe9e0b55-3601-4032-aecd-2578784f6335,2025-10-29,STR007,SKU1002,33,34.0,2025-11-04 11:16:19.423183,1.0
6033,fe9e0b55-3601-4032-aecd-2578784f6335,2025-10-29,STR007,SKU1003,21,20.0,2025-11-04 11:16:19.423183,1.0
6034,fe9e0b55-3601-4032-aecd-2578784f6335,2025-10-29,STR007,SKU1004,63,67.0,2025-11-04 11:16:19.423183,4.0
6035,fe9e0b55-3601-4032-aecd-2578784f6335,2025-10-29,STR007,SKU1005,123,110.0,2025-11-04 11:16:19.423183,13.0
6036,fe9e0b55-3601-4032-aecd-2578784f6335,2025-10-29,STR008,SKU1001,184,163.0,2025-11-04 11:16:19.423183,21.0
6037,fe9e0b55-3601-4032-aecd-2578784f6335,2025-10-29,STR008,SKU1002,118,145.0,2025-11-04 11:16:19.423183,27.0
6038,fe9e0b55-3601-4032-aecd-2578784f6335,2025-10-29,STR008,SKU1003,171,232.0,2025-11-04 11:16:19.423183,61.0
6039,fe9e0b55-3601-4032-aecd-2578784f6335,2025-10-29,STR008,SKU1004,121,135.0,2025-11-04 11:16:19.423183,14.0
6040,fe9e0b55-3601-4032-aecd-2578784f6335,2025-10-29,STR008,SKU1005,191,151.0,2025-11-04 11:16:19.423183,40.0
6041,fe9e0b55-3601-4032-aecd-2578784f6335,2025-10-29,STR009,SKU1001,238,213.0,2025-11-04 11:16:19.423183,25.0
6042,fe9e0b55-3601-4032-aecd-2578784f6335,2025-10-29,STR009,SKU1002,79,79.0,2025-11-04 11:16:19.423183,0.0
6043,fe9e0b55-3601-4032-aecd-2578784f6335,2025-10-29,STR009,SKU1003,288,215.0,2025-11-04 11:16:19.423183,73.0
6044,fe9e0b55-3601-4032-aecd-2578784f6335,2025-10-29,STR009,SKU1004,199,181.0,2025-11-04 11:16:19.423183,18.0
6045,fe9e0b55-3601-4032-aecd-2578784f6335,2025-10-29,STR009,SKU1005,228,211.0,2025-11-04 11:16:19.423183,17.0
6046,fe9e0b55-3601-4032-aecd-2578784f6335,2025-10-29,STR010,SKU1001,57,47.0,2025-11-04 11:16:19.423183,10.0
6047,fe9e0b55-3601-4032-aecd-2578784f6335,2025-10-29,STR010,SKU1002,29,29.0,2025-11-04 11:16:19.423183,0.0
6048,fe9e0b55-3601-4032-aecd-2578784f6335,2025-10-29,STR010,SKU1003,70,77.0,2025-11-04 11:16:19.423183,7.0
6049,fe9e0b55-3601-4032-aecd-2578784f6335,2025-10-29,STR010,SKU1004,99,98.0,2025-11-04 11:16:19.423183,1.0
6050,fe9e0b55-3601-4032-aecd-2578784f6335,2025-10-29,STR010,SKU1005,135,196.0,2025-11-04 11:16:19.423183,61.0
6051,fe9e0b55-3601-4032-aecd-2578784f6335,2025-10-30,STR001,SKU1001,179,214.0,2025-11-04 11:16:19.423183,35.0
6052,fe9e0b55-3601-4032-aecd-2578784f6335,2025-10-30,STR001,SKU1002,257,274.0,2025-11-04 11:16:19.423183,17.0
6053,fe9e0b55-3601-4032-aecd-2578784f6335,2025-10-30,STR001,SKU1003,45,52.0,2025-11-04 11:16:19.423183,7.0
6054,fe9e0b55-3601-4032-aecd-2578784f6335,2025-10-30,STR001,SKU1004,139,157.0,2025-11-04 11:16:19.423183,18.0
6055,fe9e0b55-3601-4032-aecd-2578784f6335,2025-10-30,STR001,SKU1005,144,134.0,2025-11-04 11:16:19.423183,10.0
6056,fe9e0b55-3601-4032-aecd-2578784f6335,2025-10-30,STR002,SKU1001,183,228.0,2025-11-04 11:16:19.423183,45.0
6057,fe9e0b55-3601-4032-aecd-2578784f6335,2025-10-30,STR002,SKU1002,130,149.0,2025-11-04 11:16:19.423183,19.0
6058,fe9e0b55-3601-4032-aecd-2578784f6335,2025-10-30,STR002,SKU1003,188,210.0,2025-11-04 11:16:19.423183,22.0
6059,fe9e0b55-3601-4032-aecd-2578784f6335,2025-10-30,STR002,SKU1004,295,253.0,2025-11-04 11:16:19.423183,42.0
6060,fe9e0b55-3601-4032-aecd-2578784f6335,2025-10-30,STR002,SKU1005,189,188.0,2025-11-04 11:16:19.423183,1.0
6061,fe9e0b55-3601-4032-aecd-2578784f6335,2025-10-30,STR003,SKU1001,228,201.0,2025-11-04 11:16:19.423183,27.0
6062,fe9e0b55-3601-4032-aecd-2578784f6335,2025-10-30,STR003,SKU1002,256,235.0,2025-11-04 11:16:19.423183,21.0
6063,fe9e0b55-3601-4032-aecd-2578784f6335,2025-10-30,STR003,SKU1003,306,245.0,2025-11-04 11:16:19.423183,61.0
6064,fe9e0b55-3601-4032-aecd-2578784f6335,2025-10-30,STR003,SKU1004,148,172.0,2025-11-04 11:16:19.423183,24.0
6065,fe9e0b55-3601-4032-aecd-2578784f6335,2025-10-30,STR003,SKU1005,324,299.0,2025-11-04 11:16:19.423183,25.0
6066,fe9e0b55-3601-4032-aecd-2578784f6335,2025-10-30,STR004,SKU1001,307,269.0,2025-11-04 11:16:19.423183,38.0
6067,fe9e0b55-3601-4032-aecd-2578784f6335,2025-10-30,STR004,SKU1002,257,224.0,2025-11-04 11:16:19.423183,33.0
6068,fe9e0b55-3601-4032-aecd-2578784f6335,2025-10-30,STR004,SKU1003,377,291.0,2025-11-04 11:16:19.423183,86.0
6069,fe9e0b55-3601-4032-aecd-2578784f6335,2025-10-30,STR004,SKU1004,253,263.0,2025-11-04 11:16:19.423183,10.0
6070,fe9e0b55-3601-4032-aecd-2578784f6335,2025-10-30,STR004,SKU1005,44,42.0,2025-11-04 11:16:19.423183,2.0
6071,fe9e0b55-3601-4032-aecd-2578784f6335,2025-10-30,STR005,SKU1001,78,65.0,2025-11-04 11:16:19.423183,13.0
6072,fe9e0b55-3601-4032-aecd-2578784f6335,2025-10-30,STR005,SKU1002,27,22.0,2025-11-04 11:16:19.423183,5.0
6073,fe9e0b55-3601-4032-aecd-2578784f6335,2025-10-30,STR005,SKU1003,39,39.0,2025-11-04 11:16:19.423183,0.0
6074,fe9e0b55-3601-4032-aecd-2578784f6335,2025-10-30,STR005,SKU1004,111,155.0,2025-11-04 11:16:19.423183,44.0
6075,fe9e0b55-3601-4032-aecd-2578784f6335,2025-10-30,STR005,SKU1005,184,162.0,2025-11-04 11:16:19.423183,22.0
6076,fe9e0b55-3601-4032-aecd-2578784f6335,2025-10-30,STR006,SKU1001,97,83.0,2025-11-04 11:16:19.423183,14.0
6077,fe9e0b55-3601-4032-aecd-2578784f6335,2025-10-30,STR006,SKU1002,151,191.0,2025-11-04 11:16:19.423183,40.0
6078,fe9e0b55-3601-4032-aecd-2578784f6335,2025-10-30,STR006,SKU1003,115,113.0,2025-11-04 11:16:19.423183,2.0
6079,fe9e0b55-3601-4032-aecd-2578784f6335,2025-10-30,STR006,SKU1004,36,35.0,2025-11-04 11:16:19.423183,1.0
6080,fe9e0b55-3601-4032-aecd-2578784f6335,2025-10-30,STR006,SKU1005,47,52.0,2025-11-04 11:16:19.423183,5.0
6081,fe9e0b55-3601-4032-aecd-2578784f6335,2025-10-30,STR007,SKU1001,21,19.0,2025-11-04 11:16:19.423183,2.0
6082,fe9e0b55-3601-4032-aecd-2578784f6335,2025-10-30,STR007,SKU1002,140,125.0,2025-11-04 11:16:19.423183,15.0
6083,fe9e0b55-3601-4032-aecd-2578784f6335,2025-10-30,STR007,SKU1003,128,120.0,2025-11-04 11:16:19.423183,8.0
6084,fe9e0b55-3601-4032-aecd-2578784f6335,2025-10-30,STR007,SKU1004,45,54.0,2025-11-04 11:16:19.423183,9.0
6085,fe9e0b55-3601-4032-aecd-2578784f6335,2025-10-30,STR007,SKU1005,212,239.0,2025-11-04 11:16:19.423183,27.0
6086,fe9e0b55-3601-4032-aecd-2578784f6335,2025-10-30,STR008,SKU1001,238,199.0,2025-11-04 11:16:19.423183,39.0
6087,fe9e0b55-3601-4032-aecd-2578784f6335,2025-10-30,STR008,SKU1002,188,180.0,2025-11-04 11:16:19.423183,8.0
6088,fe9e0b55-3601-4032-aecd-2578784f6335,2025-10-30,STR008,SKU1003,186,179.0,2025-11-04 11:16:19.423183,7.0
6089,fe9e0b55-3601-4032-aecd-2578784f6335,2025-10-30,STR008,SKU1004,109,100.0,2025-11-04 11:16:19.423183,9.0
6090,fe9e0b55-3601-4032-aecd-2578784f6335,2025-10-30,STR008,SKU1005,112,166.0,2025-11-04 11:16:19.423183,54.0
6091,fe9e0b55-3601-4032-aecd-2578784f6335,2025-10-30,STR009,SKU1001,26,34.0,2025-11-04 11:16:19.423183,8.0
6092,fe9e0b55-3601-4032-aecd-2578784f6335,2025-10-30,STR009,SKU1002,176,164.0,2025-11-04 11:16:19.423183,12.0
6093,fe9e0b55-3601-4032-aecd-2578784f6335,2025-10-30,STR009,SKU1003,210,214.0,2025-11-04 11:16:19.423183,4.0
6094,fe9e0b55-3601-4032-aecd-2578784f6335,2025-10-30,STR009,SKU1004,216,203.0,2025-11-04 11:16:19.423183,13.0
6095,fe9e0b55-3601-4032-aecd-2578784f6335,2025-10-30,STR009,SKU1005,202,256.0,2025-11-04 11:16:19.423183,54.0
6096,fe9e0b55-3601-4032-aecd-2578784f6335,2025-10-30,STR010,SKU1001,61,74.0,2025-11-04 11:16:19.423183,13.0
6097,fe9e0b55-3601-4032-aecd-2578784f6335,2025-10-30,STR010,SKU1002,214,240.0,2025-11-04 11:16:19.423183,26.0
6098,fe9e0b55-3601-4032-aecd-2578784f6335,2025-10-30,STR010,SKU1003,278,220.0,2025-11-04 11:16:19.423183,58.0
6099,fe9e0b55-3601-4032-aecd-2578784f6335,2025-10-30,STR010,SKU1004,225,227.0,2025-11-04 11:16:19.423183,2.0
6100,fe9e0b55-3601-4032-aecd-2578784f6335,2025-10-30,STR010,SKU1005,243,262.0,2025-11-04 11:16:19.423183,19.0
6101,fe9e0b55-3601-4032-aecd-2578784f6335,2025-10-31,STR001,SKU1001,276,251.0,2025-11-04 11:16:19.423183,25.0
6102,fe9e0b55-3601-4032-aecd-2578784f6335,2025-10-31,STR001,SKU1002,104,116.0,2025-11-04 11:16:19.423183,12.0
6103,fe9e0b55-3601-4032-aecd-2578784f6335,2025-10-31,STR001,SKU1003,117,138.0,2025-11-04 11:16:19.423183,21.0
6104,fe9e0b55-3601-4032-aecd-2578784f6335,2025-10-31,STR001,SKU1004,74,78.0,2025-11-04 11:16:19.423183,4.0
6105,fe9e0b55-3601-4032-aecd-2578784f6335,2025-10-31,STR001,SKU1005,300,297.0,2025-11-04 11:16:19.423183,3.0
6106,fe9e0b55-3601-4032-aecd-2578784f6335,2025-10-31,STR002,SKU1001,121,209.0,2025-11-04 11:16:19.423183,88.0
6107,fe9e0b55-3601-4032-aecd-2578784f6335,2025-10-31,STR002,SKU1002,49,61.0,2025-11-04 11:16:19.423183,12.0
6108,fe9e0b55-3601-4032-aecd-2578784f6335,2025-10-31,STR002,SKU1003,60,52.0,2025-11-04 11:16:19.423183,8.0
6109,fe9e0b55-3601-4032-aecd-2578784f6335,2025-10-31,STR002,SKU1004,20,20.0,2025-11-04 11:16:19.423183,0.0
6110,fe9e0b55-3601-4032-aecd-2578784f6335,2025-10-31,STR002,SKU1005,301,293.0,2025-11-04 11:16:19.423183,8.0
6111,fe9e0b55-3601-4032-aecd-2578784f6335,2025-10-31,STR003,SKU1001,280,268.0,2025-11-04 11:16:19.423183,12.0
6112,fe9e0b55-3601-4032-aecd-2578784f6335,2025-10-31,STR003,SKU1002,274,223.0,2025-11-04 11:16:19.423183,51.0
6113,fe9e0b55-3601-4032-aecd-2578784f6335,2025-10-31,STR003,SKU1003,341,271.0,2025-11-04 11:16:19.423183,70.0
6114,fe9e0b55-3601-4032-aecd-2578784f6335,2025-10-31,STR003,SKU1004,162,147.0,2025-11-04 11:16:19.423183,15.0
6115,fe9e0b55-3601-4032-aecd-2578784f6335,2025-10-31,STR003,SKU1005,240,227.0,2025-11-04 11:16:19.423183,13.0
6116,fe9e0b55-3601-4032-aecd-2578784f6335,2025-10-31,STR004,SKU1001,78,82.0,2025-11-04 11:16:19.423183,4.0
6117,fe9e0b55-3601-4032-aecd-2578784f6335,2025-10-31,STR004,SKU1002,56,45.0,2025-11-04 11:16:19.423183,11.0
6118,fe9e0b55-3601-4032-aecd-2578784f6335,2025-10-31,STR004,SKU1003,288,263.0,2025-11-04 11:16:19.423183,25.0
6119,fe9e0b55-3601-4032-aecd-2578784f6335,2025-10-31,STR004,SKU1004,160,148.0,2025-11-04 11:16:19.423183,12.0
6120,fe9e0b55-3601-4032-aecd-2578784f6335,2025-10-31,STR004,SKU1005,171,178.0,2025-11-04 11:16:19.423183,7.0
6121,fe9e0b55-3601-4032-aecd-2578784f6335,2025-10-31,STR005,SKU1001,141,122.0,2025-11-04 11:16:19.423183,19.0
6122,fe9e0b55-3601-4032-aecd-2578784f6335,2025-10-31,STR005,SKU1002,25,21.0,2025-11-04 11:16:19.423183,4.0
6123,fe9e0b55-3601-4032-aecd-2578784f6335,2025-10-31,STR005,SKU1003,275,293.0,2025-11-04 11:16:19.423183,18.0
6124,fe9e0b55-3601-4032-aecd-2578784f6335,2025-10-31,STR005,SKU1004,337,285.0,2025-11-04 11:16:19.423183,52.0
6125,fe9e0b55-3601-4032-aecd-2578784f6335,2025-10-31,STR005,SKU1005,211,205.0,2025-11-04 11:16:19.423183,6.0
6126,fe9e0b55-3601-4032-aecd-2578784f6335,2025-10-31,STR006,SKU1001,32,32.0,2025-11-04 11:16:19.423183,0.0
6127,fe9e0b55-3601-4032-aecd-2578784f6335,2025-10-31,STR006,SKU1002,172,181.0,2025-11-04 11:16:19.423183,9.0
6128,fe9e0b55-3601-4032-aecd-2578784f6335,2025-10-31,STR006,SKU1003,39,36.0,2025-11-04 11:16:19.423183,3.0
6129,fe9e0b55-3601-4032-aecd-2578784f6335,2025-10-31,STR006,SKU1004,156,158.0,2025-11-04 11:16:19.423183,2.0
6130,fe9e0b55-3601-4032-aecd-2578784f6335,2025-10-31,STR006,SKU1005,143,200.0,2025-11-04 11:16:19.423183,57.0
6131,fe9e0b55-3601-4032-aecd-2578784f6335,2025-10-31,STR007,SKU1001,163,166.0,2025-11-04 11:16:19.423183,3.0
6132,fe9e0b55-3601-4032-aecd-2578784f6335,2025-10-31,STR007,SKU1002,70,68.0,2025-11-04 11:16:19.423183,2.0
6133,fe9e0b55-3601-4032-aecd-2578784f6335,2025-10-31,STR007,SKU1003,194,182.0,2025-11-04 11:16:19.423183,12.0
6134,fe9e0b55-3601-4032-aecd-2578784f6335,2025-10-31,STR007,SKU1004,139,158.0,2025-11-04 11:16:19.423183,19.0
6135,fe9e0b55-3601-4032-aecd-2578784f6335,2025-10-31,STR007,SKU1005,206,223.0,2025-11-04 11:16:19.423183,17.0
6136,fe9e0b55-3601-4032-aecd-2578784f6335,2025-10-31,STR008,SKU1001,50,54.0,2025-11-04 11:16:19.423183,4.0
6137,fe9e0b55-3601-4032-aecd-2578784f6335,2025-10-31,STR008,SKU1002,94,87.0,2025-11-04 11:16:19.423183,7.0
6138,fe9e0b55-3601-4032-aecd-2578784f6335,2025-10-31,STR008,SKU1003,164,147.0,2025-11-04 11:16:19.423183,17.0
6139,fe9e0b55-3601-4032-aecd-2578784f6335,2025-10-31,STR008,SKU1004,117,93.0,2025-11-04 11:16:19.423183,24.0
6140,fe9e0b55-3601-4032-aecd-2578784f6335,2025-10-31,STR008,SKU1005,249,297.0,2025-11-04 11:16:19.423183,48.0
6141,fe9e0b55-3601-4032-aecd-2578784f6335,2025-10-31,STR009,SKU1001,166,158.0,2025-11-04 11:16:19.423183,8.0
6142,fe9e0b55-3601-4032-aecd-2578784f6335,2025-10-31,STR009,SKU1002,200,182.0,2025-11-04 11:16:19.423183,18.0
6143,fe9e0b55-3601-4032-aecd-2578784f6335,2025-10-31,STR009,SKU1003,100,96.0,2025-11-04 11:16:19.423183,4.0
6144,fe9e0b55-3601-4032-aecd-2578784f6335,2025-10-31,STR009,SKU1004,218,242.0,2025-11-04 11:16:19.423183,24.0
6145,fe9e0b55-3601-4032-aecd-2578784f6335,2025-10-31,STR009,SKU1005,288,296.0,2025-11-04 11:16:19.423183,8.0
6146,fe9e0b55-3601-4032-aecd-2578784f6335,2025-10-31,STR010,SKU1001,123,144.0,2025-11-04 11:16:19.423183,21.0
6147,fe9e0b55-3601-4032-aecd-2578784f6335,2025-10-31,STR010,SKU1002,67,64.0,2025-11-04 11:16:19.423183,3.0
6148,fe9e0b55-3601-4032-aecd-2578784f6335,2025-10-31,STR010,SKU1003,293,266.0,2025-11-04 11:16:19.423183,27.0
6149,fe9e0b55-3601-4032-aecd-2578784f6335,2025-10-31,STR010,SKU1004,335,282.0,2025-11-04 11:16:19.423183,53.0
6150,fe9e0b55-3601-4032-aecd-2578784f6335,2025-10-31,STR010,SKU1005,7,8.0,2025-11-04 11:16:19.423183,1.0
6151,fe9e0b55-3601-4032-aecd-2578784f6335,2025-11-01,STR001,SKU1001,288,297.0,2025-11-04 11:16:19.423183,9.0
6152,fe9e0b55-3601-4032-aecd-2578784f6335,2025-11-01,STR001,SKU1002,181,201.0,2025-11-04 11:16:19.423183,20.0
6153,fe9e0b55-3601-4032-aecd-2578784f6335,2025-11-01,STR001,SKU1003,301,296.0,2025-11-04 11:16:19.423183,5.0
6154,fe9e0b55-3601-4032-aecd-2578784f6335,2025-11-01,STR001,SKU1004,34,32.0,2025-11-04 11:16:19.423183,2.0
6155,fe9e0b55-3601-4032-aecd-2578784f6335,2025-11-01,STR001,SKU1005,98,85.0,2025-11-04 11:16:19.423183,13.0
6156,fe9e0b55-3601-4032-aecd-2578784f6335,2025-11-01,STR002,SKU1001,295,274.0,2025-11-04 11:16:19.423183,21.0
6157,fe9e0b55-3601-4032-aecd-2578784f6335,2025-11-01,STR002,SKU1002,144,135.0,2025-11-04 11:16:19.423183,9.0
6158,fe9e0b55-3601-4032-aecd-2578784f6335,2025-11-01,STR002,SKU1003,78,88.0,2025-11-04 11:16:19.423183,10.0
6159,fe9e0b55-3601-4032-aecd-2578784f6335,2025-11-01,STR002,SKU1004,11,12.0,2025-11-04 11:16:19.423183,1.0
6160,fe9e0b55-3601-4032-aecd-2578784f6335,2025-11-01,STR002,SKU1005,41,36.0,2025-11-04 11:16:19.423183,5.0
6161,fe9e0b55-3601-4032-aecd-2578784f6335,2025-11-01,STR003,SKU1001,25,28.0,2025-11-04 11:16:19.423183,3.0
6162,fe9e0b55-3601-4032-aecd-2578784f6335,2025-11-01,STR003,SKU1002,238,295.0,2025-11-04 11:16:19.423183,57.0
6163,fe9e0b55-3601-4032-aecd-2578784f6335,2025-11-01,STR003,SKU1003,255,237.0,2025-11-04 11:16:19.423183,18.0
6164,fe9e0b55-3601-4032-aecd-2578784f6335,2025-11-01,STR003,SKU1004,137,165.0,2025-11-04 11:16:19.423183,28.0
6165,fe9e0b55-3601-4032-aecd-2578784f6335,2025-11-01,STR003,SKU1005,25,28.0,2025-11-04 11:16:19.423183,3.0
6166,fe9e0b55-3601-4032-aecd-2578784f6335,2025-11-01,STR004,SKU1001,284,263.0,2025-11-04 11:16:19.423183,21.0
6167,fe9e0b55-3601-4032-aecd-2578784f6335,2025-11-01,STR004,SKU1002,160,133.0,2025-11-04 11:16:19.423183,27.0
6168,fe9e0b55-3601-4032-aecd-2578784f6335,2025-11-01,STR004,SKU1003,28,34.0,2025-11-04 11:16:19.423183,6.0
6169,fe9e0b55-3601-4032-aecd-2578784f6335,2025-11-01,STR004,SKU1004,221,265.0,2025-11-04 11:16:19.423183,44.0
6170,fe9e0b55-3601-4032-aecd-2578784f6335,2025-11-01,STR004,SKU1005,251,244.0,2025-11-04 11:16:19.423183,7.0
6171,fe9e0b55-3601-4032-aecd-2578784f6335,2025-11-01,STR005,SKU1001,45,47.0,2025-11-04 11:16:19.423183,2.0
6172,fe9e0b55-3601-4032-aecd-2578784f6335,2025-11-01,STR005,SKU1002,151,160.0,2025-11-04 11:16:19.423183,9.0
6173,fe9e0b55-3601-4032-aecd-2578784f6335,2025-11-01,STR005,SKU1003,221,226.0,2025-11-04 11:16:19.423183,5.0
6174,fe9e0b55-3601-4032-aecd-2578784f6335,2025-11-01,STR005,SKU1004,224,208.0,2025-11-04 11:16:19.423183,16.0
6175,fe9e0b55-3601-4032-aecd-2578784f6335,2025-11-01,STR005,SKU1005,91,102.0,2025-11-04 11:16:19.423183,11.0
6176,fe9e0b55-3601-4032-aecd-2578784f6335,2025-11-01,STR006,SKU1001,105,95.0,2025-11-04 11:16:19.423183,10.0
6177,fe9e0b55-3601-4032-aecd-2578784f6335,2025-11-01,STR006,SKU1002,241,267.0,2025-11-04 11:16:19.423183,26.0
6178,fe9e0b55-3601-4032-aecd-2578784f6335,2025-11-01,STR006,SKU1003,303,257.0,2025-11-04 11:16:19.423183,46.0
6179,fe9e0b55-3601-4032-aecd-2578784f6335,2025-11-01,STR006,SKU1004,171,164.0,2025-11-04 11:16:19.423183,7.0
6180,fe9e0b55-3601-4032-aecd-2578784f6335,2025-11-01,STR006,SKU1005,121,139.0,2025-11-04 11:16:19.423183,18.0
6181,fe9e0b55-3601-4032-aecd-2578784f6335,2025-11-01,STR007,SKU1001,82,72.0,2025-11-04 11:16:19.423183,10.0
6182,fe9e0b55-3601-4032-aecd-2578784f6335,2025-11-01,STR007,SKU1002,266,288.0,2025-11-04 11:16:19.423183,22.0
6183,fe9e0b55-3601-4032-aecd-2578784f6335,2025-11-01,STR007,SKU1003,296,251.0,2025-11-04 11:16:19.423183,45.0
6184,fe9e0b55-3601-4032-aecd-2578784f6335,2025-11-01,STR007,SKU1004,116,121.0,2025-11-04 11:16:19.423183,5.0
6185,fe9e0b55-3601-4032-aecd-2578784f6335,2025-11-01,STR007,SKU1005,269,240.0,2025-11-04 11:16:19.423183,29.0
6186,fe9e0b55-3601-4032-aecd-2578784f6335,2025-11-01,STR008,SKU1001,207,235.0,2025-11-04 11:16:19.423183,28.0
6187,fe9e0b55-3601-4032-aecd-2578784f6335,2025-11-01,STR008,SKU1002,53,49.0,2025-11-04 11:16:19.423183,4.0
6188,fe9e0b55-3601-4032-aecd-2578784f6335,2025-11-01,STR008,SKU1003,181,158.0,2025-11-04 11:16:19.423183,23.0
6189,fe9e0b55-3601-4032-aecd-2578784f6335,2025-11-01,STR008,SKU1004,167,177.0,2025-11-04 11:16:19.423183,10.0
6190,fe9e0b55-3601-4032-aecd-2578784f6335,2025-11-01,STR008,SKU1005,281,260.0,2025-11-04 11:16:19.423183,21.0
6191,fe9e0b55-3601-4032-aecd-2578784f6335,2025-11-01,STR009,SKU1001,197,176.0,2025-11-04 11:16:19.423183,21.0
6192,fe9e0b55-3601-4032-aecd-2578784f6335,2025-11-01,STR009,SKU1002,12,14.0,2025-11-04 11:16:19.423183,2.0
6193,fe9e0b55-3601-4032-aecd-2578784f6335,2025-11-01,STR009,SKU1003,100,103.0,2025-11-04 11:16:19.423183,3.0
6194,fe9e0b55-3601-4032-aecd-2578784f6335,2025-11-01,STR009,SKU1004,86,90.0,2025-11-04 11:16:19.423183,4.0
6195,fe9e0b55-3601-4032-aecd-2578784f6335,2025-11-01,STR009,SKU1005,49,50.0,2025-11-04 11:16:19.423183,1.0
6196,fe9e0b55-3601-4032-aecd-2578784f6335,2025-11-01,STR010,SKU1001,180,197.0,2025-11-04 11:16:19.423183,17.0
6197,fe9e0b55-3601-4032-aecd-2578784f6335,2025-11-01,STR010,SKU1002,182,220.0,2025-11-04 11:16:19.423183,38.0
6198,fe9e0b55-3601-4032-aecd-2578784f6335,2025-11-01,STR010,SKU1003,144,132.0,2025-11-04 11:16:19.423183,12.0
6199,fe9e0b55-3601-4032-aecd-2578784f6335,2025-11-01,STR010,SKU1004,257,255.0,2025-11-04 11:16:19.423183,2.0
6200,fe9e0b55-3601-4032-aecd-2578784f6335,2025-11-01,STR010,SKU1005,263,262.0,2025-11-04 11:16:19.423183,1.0
6201,fe9e0b55-3601-4032-aecd-2578784f6335,2025-11-02,STR001,SKU1001,236,222.0,2025-11-04 11:16:19.423183,14.0
6202,fe9e0b55-3601-4032-aecd-2578784f6335,2025-11-02,STR001,SKU1002,240,249.0,2025-11-04 11:16:19.423183,9.0
6203,fe9e0b55-3601-4032-aecd-2578784f6335,2025-11-02,STR001,SKU1003,97,105.0,2025-11-04 11:16:19.423183,8.0
6204,fe9e0b55-3601-4032-aecd-2578784f6335,2025-11-02,STR001,SKU1004,89,91.0,2025-11-04 11:16:19.423183,2.0
6205,fe9e0b55-3601-4032-aecd-2578784f6335,2025-11-02,STR001,SKU1005,88,76.0,2025-11-04 11:16:19.423183,12.0
6206,fe9e0b55-3601-4032-aecd-2578784f6335,2025-11-02,STR002,SKU1001,130,115.0,2025-11-04 11:16:19.423183,15.0
6207,fe9e0b55-3601-4032-aecd-2578784f6335,2025-11-02,STR002,SKU1002,184,167.0,2025-11-04 11:16:19.423183,17.0
6208,fe9e0b55-3601-4032-aecd-2578784f6335,2025-11-02,STR002,SKU1003,161,156.0,2025-11-04 11:16:19.423183,5.0
6209,fe9e0b55-3601-4032-aecd-2578784f6335,2025-11-02,STR002,SKU1004,312,285.0,2025-11-04 11:16:19.423183,27.0
6210,fe9e0b55-3601-4032-aecd-2578784f6335,2025-11-02,STR002,SKU1005,174,178.0,2025-11-04 11:16:19.423183,4.0
6211,fe9e0b55-3601-4032-aecd-2578784f6335,2025-11-02,STR003,SKU1001,284,283.0,2025-11-04 11:16:19.423183,1.0
6212,fe9e0b55-3601-4032-aecd-2578784f6335,2025-11-02,STR003,SKU1002,37,41.0,2025-11-04 11:16:19.423183,4.0
6213,fe9e0b55-3601-4032-aecd-2578784f6335,2025-11-02,STR003,SKU1003,113,98.0,2025-11-04 11:16:19.423183,15.0
6214,fe9e0b55-3601-4032-aecd-2578784f6335,2025-11-02,STR003,SKU1004,180,185.0,2025-11-04 11:16:19.423183,5.0
6215,fe9e0b55-3601-4032-aecd-2578784f6335,2025-11-02,STR003,SKU1005,59,58.0,2025-11-04 11:16:19.423183,1.0
6216,fe9e0b55-3601-4032-aecd-2578784f6335,2025-11-02,STR004,SKU1001,180,186.0,2025-11-04 11:16:19.423183,6.0
6217,fe9e0b55-3601-4032-aecd-2578784f6335,2025-11-02,STR004,SKU1002,91,76.0,2025-11-04 11:16:19.423183,15.0
6218,fe9e0b55-3601-4032-aecd-2578784f6335,2025-11-02,STR004,SKU1003,232,238.0,2025-11-04 11:16:19.423183,6.0
6219,fe9e0b55-3601-4032-aecd-2578784f6335,2025-11-02,STR004,SKU1004,233,250.0,2025-11-04 11:16:19.423183,17.0
6220,fe9e0b55-3601-4032-aecd-2578784f6335,2025-11-02,STR004,SKU1005,226,219.0,2025-11-04 11:16:19.423183,7.0
6221,fe9e0b55-3601-4032-aecd-2578784f6335,2025-11-02,STR005,SKU1001,248,222.0,2025-11-04 11:16:19.423183,26.0
6222,fe9e0b55-3601-4032-aecd-2578784f6335,2025-11-02,STR005,SKU1002,146,171.0,2025-11-04 11:16:19.423183,25.0
6223,fe9e0b55-3601-4032-aecd-2578784f6335,2025-11-02,STR005,SKU1003,249,282.0,2025-11-04 11:16:19.423183,33.0
6224,fe9e0b55-3601-4032-aecd-2578784f6335,2025-11-02,STR005,SKU1004,125,132.0,2025-11-04 11:16:19.423183,7.0
6225,fe9e0b55-3601-4032-aecd-2578784f6335,2025-11-02,STR005,SKU1005,332,300.0,2025-11-04 11:16:19.423183,32.0
6226,fe9e0b55-3601-4032-aecd-2578784f6335,2025-11-02,STR006,SKU1001,229,196.0,2025-11-04 11:16:19.423183,33.0
6227,fe9e0b55-3601-4032-aecd-2578784f6335,2025-11-02,STR006,SKU1002,10,10.0,2025-11-04 11:16:19.423183,0.0
6228,fe9e0b55-3601-4032-aecd-2578784f6335,2025-11-02,STR006,SKU1003,176,201.0,2025-11-04 11:16:19.423183,25.0
6229,fe9e0b55-3601-4032-aecd-2578784f6335,2025-11-02,STR006,SKU1004,144,152.0,2025-11-04 11:16:19.423183,8.0
6230,fe9e0b55-3601-4032-aecd-2578784f6335,2025-11-02,STR006,SKU1005,198,173.0,2025-11-04 11:16:19.423183,25.0
6231,fe9e0b55-3601-4032-aecd-2578784f6335,2025-11-02,STR007,SKU1001,208,235.0,2025-11-04 11:16:19.423183,27.0
6232,fe9e0b55-3601-4032-aecd-2578784f6335,2025-11-02,STR007,SKU1002,133,139.0,2025-11-04 11:16:19.423183,6.0
6233,fe9e0b55-3601-4032-aecd-2578784f6335,2025-11-02,STR007,SKU1003,232,203.0,2025-11-04 11:16:19.423183,29.0
6234,fe9e0b55-3601-4032-aecd-2578784f6335,2025-11-02,STR007,SKU1004,159,177.0,2025-11-04 11:16:19.423183,18.0
6235,fe9e0b55-3601-4032-aecd-2578784f6335,2025-11-02,STR007,SKU1005,207,213.0,2025-11-04 11:16:19.423183,6.0
6236,fe9e0b55-3601-4032-aecd-2578784f6335,2025-11-02,STR008,SKU1001,142,144.0,2025-11-04 11:16:19.423183,2.0
6237,fe9e0b55-3601-4032-aecd-2578784f6335,2025-11-02,STR008,SKU1002,51,64.0,2025-11-04 11:16:19.423183,13.0
6238,fe9e0b55-3601-4032-aecd-2578784f6335,2025-11-02,STR008,SKU1003,338,283.0,2025-11-04 11:16:19.423183,55.0
6239,fe9e0b55-3601-4032-aecd-2578784f6335,2025-11-02,STR008,SKU1004,67,81.0,2025-11-04 11:16:19.423183,14.0
6240,fe9e0b55-3601-4032-aecd-2578784f6335,2025-11-02,STR008,SKU1005,255,226.0,2025-11-04 11:16:19.423183,29.0
6241,fe9e0b55-3601-4032-aecd-2578784f6335,2025-11-02,STR009,SKU1001,81,88.0,2025-11-04 11:16:19.423183,7.0
6242,fe9e0b55-3601-4032-aecd-2578784f6335,2025-11-02,STR009,SKU1002,16,15.0,2025-11-04 11:16:19.423183,1.0
6243,fe9e0b55-3601-4032-aecd-2578784f6335,2025-11-02,STR009,SKU1003,190,227.0,2025-11-04 11:16:19.423183,37.0
6244,fe9e0b55-3601-4032-aecd-2578784f6335,2025-11-02,STR009,SKU1004,19,17.0,2025-11-04 11:16:19.423183,2.0
6245,fe9e0b55-3601-4032-aecd-2578784f6335,2025-11-02,STR009,SKU1005,67,75.0,2025-11-04 11:16:19.423183,8.0
6246,fe9e0b55-3601-4032-aecd-2578784f6335,2025-11-02,STR010,SKU1001,161,193.0,2025-11-04 11:16:19.423183,32.0
6247,fe9e0b55-3601-4032-aecd-2578784f6335,2025-11-02,STR010,SKU1002,82,95.0,2025-11-04 11:16:19.423183,13.0
6248,fe9e0b55-3601-4032-aecd-2578784f6335,2025-11-02,STR010,SKU1003,93,78.0,2025-11-04 11:16:19.423183,15.0
6249,fe9e0b55-3601-4032-aecd-2578784f6335,2025-11-02,STR010,SKU1004,32,27.0,2025-11-04 11:16:19.423183,5.0
6250,fe9e0b55-3601-4032-aecd-2578784f6335,2025-11-02,STR010,SKU1005,38,36.0,2025-11-04 11:16:19.423183,2.0
6251,fe9e0b55-3601-4032-aecd-2578784f6335,2025-11-03,STR001,SKU1001,252,248.0,2025-11-04 11:16:19.423183,4.0
6252,fe9e0b55-3601-4032-aecd-2578784f6335,2025-11-03,STR001,SKU1002,236,295.0,2025-11-04 11:16:19.423183,59.0
6253,fe9e0b55-3601-4032-aecd-2578784f6335,2025-11-03,STR001,SKU1003,223,275.0,2025-11-04 11:16:19.423183,52.0
6254,fe9e0b55-3601-4032-aecd-2578784f6335,2025-11-03,STR001,SKU1004,20,18.0,2025-11-04 11:16:19.423183,2.0
6255,fe9e0b55-3601-4032-aecd-2578784f6335,2025-11-03,STR001,SKU1005,58,49.0,2025-11-04 11:16:19.423183,9.0
6256,fe9e0b55-3601-4032-aecd-2578784f6335,2025-11-03,STR002,SKU1001,268,261.0,2025-11-04 11:16:19.423183,7.0
6257,fe9e0b55-3601-4032-aecd-2578784f6335,2025-11-03,STR002,SKU1002,159,187.0,2025-11-04 11:16:19.423183,28.0
6258,fe9e0b55-3601-4032-aecd-2578784f6335,2025-11-03,STR002,SKU1003,121,116.0,2025-11-04 11:16:19.423183,5.0
6259,fe9e0b55-3601-4032-aecd-2578784f6335,2025-11-03,STR002,SKU1004,105,94.0,2025-11-04 11:16:19.423183,11.0
6260,fe9e0b55-3601-4032-aecd-2578784f6335,2025-11-03,STR002,SKU1005,74,78.0,2025-11-04 11:16:19.423183,4.0
6261,fe9e0b55-3601-4032-aecd-2578784f6335,2025-11-03,STR003,SKU1001,28,34.0,2025-11-04 11:16:19.423183,6.0
6262,fe9e0b55-3601-4032-aecd-2578784f6335,2025-11-03,STR003,SKU1002,260,296.0,2025-11-04 11:16:19.423183,36.0
6263,fe9e0b55-3601-4032-aecd-2578784f6335,2025-11-03,STR003,SKU1003,178,188.0,2025-11-04 11:16:19.423183,10.0
6264,fe9e0b55-3601-4032-aecd-2578784f6335,2025-11-03,STR003,SKU1004,225,249.0,2025-11-04 11:16:19.423183,24.0
6265,fe9e0b55-3601-4032-aecd-2578784f6335,2025-11-03,STR003,SKU1005,267,297.0,2025-11-04 11:16:19.423183,30.0
6266,fe9e0b55-3601-4032-aecd-2578784f6335,2025-11-03,STR004,SKU1001,233,224.0,2025-11-04 11:16:19.423183,9.0
6267,fe9e0b55-3601-4032-aecd-2578784f6335,2025-11-03,STR004,SKU1002,167,193.0,2025-11-04 11:16:19.423183,26.0
6268,fe9e0b55-3601-4032-aecd-2578784f6335,2025-11-03,STR004,SKU1003,300,278.0,2025-11-04 11:16:19.423183,22.0
6269,fe9e0b55-3601-4032-aecd-2578784f6335,2025-11-03,STR004,SKU1004,312,287.0,2025-11-04 11:16:19.423183,25.0
6270,fe9e0b55-3601-4032-aecd-2578784f6335,2025-11-03,STR004,SKU1005,255,294.0,2025-11-04 11:16:19.423183,39.0
6271,fe9e0b55-3601-4032-aecd-2578784f6335,2025-11-03,STR005,SKU1001,6,7.0,2025-11-04 11:16:19.423183,1.0
6272,fe9e0b55-3601-4032-aecd-2578784f6335,2025-11-03,STR005,SKU1002,112,96.0,2025-11-04 11:16:19.423183,16.0
6273,fe9e0b55-3601-4032-aecd-2578784f6335,2025-11-03,STR005,SKU1003,101,98.0,2025-11-04 11:16:19.423183,3.0
6274,fe9e0b55-3601-4032-aecd-2578784f6335,2025-11-03,STR005,SKU1004,171,193.0,2025-11-04 11:16:19.423183,22.0
6275,fe9e0b55-3601-4032-aecd-2578784f6335,2025-11-03,STR005,SKU1005,301,262.0,2025-11-04 11:16:19.423183,39.0
6276,fe9e0b55-3601-4032-aecd-2578784f6335,2025-11-03,STR006,SKU1001,238,226.0,2025-11-04 11:16:19.423183,12.0
6277,fe9e0b55-3601-4032-aecd-2578784f6335,2025-11-03,STR006,SKU1002,279,244.0,2025-11-04 11:16:19.423183,35.0
6278,fe9e0b55-3601-4032-aecd-2578784f6335,2025-11-03,STR006,SKU1003,163,155.0,2025-11-04 11:16:19.423183,8.0
6279,fe9e0b55-3601-4032-aecd-2578784f6335,2025-11-03,STR006,SKU1004,170,212.0,2025-11-04 11:16:19.423183,42.0
6280,fe9e0b55-3601-4032-aecd-2578784f6335,2025-11-03,STR006,SKU1005,207,229.0,2025-11-04 11:16:19.423183,22.0
6281,fe9e0b55-3601-4032-aecd-2578784f6335,2025-11-03,STR007,SKU1001,219,266.0,2025-11-04 11:16:19.423183,47.0
6282,fe9e0b55-3601-4032-aecd-2578784f6335,2025-11-03,STR007,SKU1002,264,267.0,2025-11-04 11:16:19.423183,3.0
6283,fe9e0b55-3601-4032-aecd-2578784f6335,2025-11-03,STR007,SKU1003,152,155.0,2025-11-04 11:16:19.423183,3.0
6284,fe9e0b55-3601-4032-aecd-2578784f6335,2025-11-03,STR007,SKU1004,279,260.0,2025-11-04 11:16:19.423183,19.0
6285,fe9e0b55-3601-4032-aecd-2578784f6335,2025-11-03,STR007,SKU1005,303,283.0,2025-11-04 11:16:19.423183,20.0
6286,fe9e0b55-3601-4032-aecd-2578784f6335,2025-11-03,STR008,SKU1001,340,297.0,2025-11-04 11:16:19.423183,43.0
6287,fe9e0b55-3601-4032-aecd-2578784f6335,2025-11-03,STR008,SKU1002,149,176.0,2025-11-04 11:16:19.423183,27.0
6288,fe9e0b55-3601-4032-aecd-2578784f6335,2025-11-03,STR008,SKU1003,36,35.0,2025-11-04 11:16:19.423183,1.0
6289,fe9e0b55-3601-4032-aecd-2578784f6335,2025-11-03,STR008,SKU1004,154,150.0,2025-11-04 11:16:19.423183,4.0
6290,fe9e0b55-3601-4032-aecd-2578784f6335,2025-11-03,STR008,SKU1005,40,40.0,2025-11-04 11:16:19.423183,0.0
6291,fe9e0b55-3601-4032-aecd-2578784f6335,2025-11-03,STR009,SKU1001,79,82.0,2025-11-04 11:16:19.423183,3.0
6292,fe9e0b55-3601-4032-aecd-2578784f6335,2025-11-03,STR009,SKU1002,56,67.0,2025-11-04 11:16:19.423183,11.0
6293,fe9e0b55-3601-4032-aecd-2578784f6335,2025-11-03,STR009,SKU1003,72,65.0,2025-11-04 11:16:19.423183,7.0
6294,fe9e0b55-3601-4032-aecd-2578784f6335,2025-11-03,STR009,SKU1004,318,287.0,2025-11-04 11:16:19.423183,31.0
6295,fe9e0b55-3601-4032-aecd-2578784f6335,2025-11-03,STR009,SKU1005,50,56.0,2025-11-04 11:16:19.423183,6.0
6296,fe9e0b55-3601-4032-aecd-2578784f6335,2025-11-03,STR010,SKU1001,149,183.0,2025-11-04 11:16:19.423183,34.0
6297,fe9e0b55-3601-4032-aecd-2578784f6335,2025-11-03,STR010,SKU1002,107,126.0,2025-11-04 11:16:19.423183,19.0
6298,fe9e0b55-3601-4032-aecd-2578784f6335,2025-11-03,STR010,SKU1003,164,157.0,2025-11-04 11:16:19.423183,7.0
6299,fe9e0b55-3601-4032-aecd-2578784f6335,2025-11-03,STR010,SKU1004,179,207.0,2025-11-04 11:16:19.423183,28.0
6300,fe9e0b55-3601-4032-aecd-2578784f6335,2025-11-03,STR010,SKU1005,158,146.0,2025-11-04 11:16:19.423183,12.0
6301,fe9e0b55-3601-4032-aecd-2578784f6335,2025-11-04,STR001,SKU1001,199,171.0,2025-11-04 11:16:19.423183,28.0
6302,fe9e0b55-3601-4032-aecd-2578784f6335,2025-11-04,STR001,SKU1002,30,36.0,2025-11-04 11:16:19.423183,6.0
6303,fe9e0b55-3601-4032-aecd-2578784f6335,2025-11-04,STR001,SKU1003,153,167.0,2025-11-04 11:16:19.423183,14.0
6304,fe9e0b55-3601-4032-aecd-2578784f6335,2025-11-04,STR001,SKU1004,18,19.0,2025-11-04 11:16:19.423183,1.0
6305,fe9e0b55-3601-4032-aecd-2578784f6335,2025-11-04,STR001,SKU1005,68,73.0,2025-11-04 11:16:19.423183,5.0
6306,fe9e0b55-3601-4032-aecd-2578784f6335,2025-11-04,STR002,SKU1001,94,100.0,2025-11-04 11:16:19.423183,6.0
6307,fe9e0b55-3601-4032-aecd-2578784f6335,2025-11-04,STR002,SKU1002,29,27.0,2025-11-04 11:16:19.423183,2.0
6308,fe9e0b55-3601-4032-aecd-2578784f6335,2025-11-04,STR002,SKU1003,199,227.0,2025-11-04 11:16:19.423183,28.0
6309,fe9e0b55-3601-4032-aecd-2578784f6335,2025-11-04,STR002,SKU1004,191,168.0,2025-11-04 11:16:19.423183,23.0
6310,fe9e0b55-3601-4032-aecd-2578784f6335,2025-11-04,STR002,SKU1005,148,136.0,2025-11-04 11:16:19.423183,12.0
6311,fe9e0b55-3601-4032-aecd-2578784f6335,2025-11-04,STR003,SKU1001,150,171.0,2025-11-04 11:16:19.423183,21.0
6312,fe9e0b55-3601-4032-aecd-2578784f6335,2025-11-04,STR003,SKU1002,284,279.0,2025-11-04 11:16:19.423183,5.0
6313,fe9e0b55-3601-4032-aecd-2578784f6335,2025-11-04,STR003,SKU1003,255,250.0,2025-11-04 11:16:19.423183,5.0
6314,fe9e0b55-3601-4032-aecd-2578784f6335,2025-11-04,STR003,SKU1004,153,152.0,2025-11-04 11:16:19.423183,1.0
6315,fe9e0b55-3601-4032-aecd-2578784f6335,2025-11-04,STR003,SKU1005,94,82.0,2025-11-04 11:16:19.423183,12.0
6316,fe9e0b55-3601-4032-aecd-2578784f6335,2025-11-04,STR004,SKU1001,55,66.0,2025-11-04 11:16:19.423183,11.0
6317,fe9e0b55-3601-4032-aecd-2578784f6335,2025-11-04,STR004,SKU1002,32,31.0,2025-11-04 11:16:19.423183,1.0
6318,fe9e0b55-3601-4032-aecd-2578784f6335,2025-11-04,STR004,SKU1003,295,254.0,2025-11-04 11:16:19.423183,41.0
6319,fe9e0b55-3601-4032-aecd-2578784f6335,2025-11-04,STR004,SKU1004,281,287.0,2025-11-04 11:16:19.423183,6.0
6320,fe9e0b55-3601-4032-aecd-2578784f6335,2025-11-04,STR004,SKU1005,194,173.0,2025-11-04 11:16:19.423183,21.0
6321,fe9e0b55-3601-4032-aecd-2578784f6335,2025-11-04,STR005,SKU1001,166,188.0,2025-11-04 11:16:19.423183,22.0
6322,fe9e0b55-3601-4032-aecd-2578784f6335,2025-11-04,STR005,SKU1002,203,187.0,2025-11-04 11:16:19.423183,16.0
6323,fe9e0b55-3601-4032-aecd-2578784f6335,2025-11-04,STR005,SKU1003,131,156.0,2025-11-04 11:16:19.423183,25.0
6324,fe9e0b55-3601-4032-aecd-2578784f6335,2025-11-04,STR005,SKU1004,208,254.0,2025-11-04 11:16:19.423183,46.0
6325,fe9e0b55-3601-4032-aecd-2578784f6335,2025-11-04,STR005,SKU1005,154,143.0,2025-11-04 11:16:19.423183,11.0
6326,fe9e0b55-3601-4032-aecd-2578784f6335,2025-11-04,STR006,SKU1001,254,215.0,2025-11-04 11:16:19.423183,39.0
6327,fe9e0b55-3601-4032-aecd-2578784f6335,2025-11-04,STR006,SKU1002,278,270.0,2025-11-04 11:16:19.423183,8.0
6328,fe9e0b55-3601-4032-aecd-2578784f6335,2025-11-04,STR006,SKU1003,112,95.0,2025-11-04 11:16:19.423183,17.0
6329,fe9e0b55-3601-4032-aecd-2578784f6335,2025-11-04,STR006,SKU1004,303,256.0,2025-11-04 11:16:19.423183,47.0
6330,fe9e0b55-3601-4032-aecd-2578784f6335,2025-11-04,STR006,SKU1005,62,65.0,2025-11-04 11:16:19.423183,3.0
6331,fe9e0b55-3601-4032-aecd-2578784f6335,2025-11-04,STR007,SKU1001,280,248.0,2025-11-04 11:16:19.423183,32.0
6332,fe9e0b55-3601-4032-aecd-2578784f6335,2025-11-04,STR007,SKU1002,43,42.0,2025-11-04 11:16:19.423183,1.0
6333,fe9e0b55-3601-4032-aecd-2578784f6335,2025-11-04,STR007,SKU1003,53,45.0,2025-11-04 11:16:19.423183,8.0
6334,fe9e0b55-3601-4032-aecd-2578784f6335,2025-11-04,STR007,SKU1004,312,277.0,2025-11-04 11:16:19.423183,35.0
6335,fe9e0b55-3601-4032-aecd-2578784f6335,2025-11-04,STR007,SKU1005,259,228.0,2025-11-04 11:16:19.423183,31.0
6336,fe9e0b55-3601-4032-aecd-2578784f6335,2025-11-04,STR008,SKU1001,133,151.0,2025-11-04 11:16:19.423183,18.0
6337,fe9e0b55-3601-4032-aecd-2578784f6335,2025-11-04,STR008,SKU1002,120,119.0,2025-11-04 11:16:19.423183,1.0
6338,fe9e0b55-3601-4032-aecd-2578784f6335,2025-11-04,STR008,SKU1003,256,216.0,2025-11-04 11:16:19.423183,40.0
6339,fe9e0b55-3601-4032-aecd-2578784f6335,2025-11-04,STR008,SKU1004,221,199.0,2025-11-04 11:16:19.423183,22.0
6340,fe9e0b55-3601-4032-aecd-2578784f6335,2025-11-04,STR008,SKU1005,54,64.0,2025-11-04 11:16:19.423183,10.0
6341,fe9e0b55-3601-4032-aecd-2578784f6335,2025-11-04,STR009,SKU1001,70,63.0,2025-11-04 11:16:19.423183,7.0
6342,fe9e0b55-3601-4032-aecd-2578784f6335,2025-11-04,STR009,SKU1002,69,64.0,2025-11-04 11:16:19.423183,5.0
6343,fe9e0b55-3601-4032-aecd-2578784f6335,2025-11-04,STR009,SKU1003,213,212.0,2025-11-04 11:16:19.423183,1.0
6344,fe9e0b55-3601-4032-aecd-2578784f6335,2025-11-04,STR009,SKU1004,56,67.0,2025-11-04 11:16:19.423183,11.0
6345,fe9e0b55-3601-4032-aecd-2578784f6335,2025-11-04,STR009,SKU1005,148,154.0,2025-11-04 11:16:19.423183,6.0
6346,fe9e0b55-3601-4032-aecd-2578784f6335,2025-11-04,STR010,SKU1001,27,25.0,2025-11-04 11:16:19.423183,2.0
6347,fe9e0b55-3601-4032-aecd-2578784f6335,2025-11-04,STR010,SKU1002,20,23.0,2025-11-04 11:16:19.423183,3.0
6348,fe9e0b55-3601-4032-aecd-2578784f6335,2025-11-04,STR010,SKU1003,87,103.0,2025-11-04 11:16:19.423183,16.0
6349,fe9e0b55-3601-4032-aecd-2578784f6335,2025-11-04,STR010,SKU1004,183,185.0,2025-11-04 11:16:19.423183,2.0
6350,fe9e0b55-3601-4032-aecd-2578784f6335,2025-11-04,STR010,SKU1005,68,63.0,2025-11-04 11:16:19.423183,5.0
6351,fe9e0b55-3601-4032-aecd-2578784f6335,2025-11-05,STR001,SKU1001,112,108.0,2025-11-04 11:16:19.423183,4.0
6352,fe9e0b55-3601-4032-aecd-2578784f6335,2025-11-05,STR001,SKU1002,67,83.0,2025-11-04 11:16:19.423183,16.0
6353,fe9e0b55-3601-4032-aecd-2578784f6335,2025-11-05,STR001,SKU1003,14,12.0,2025-11-04 11:16:19.423183,2.0
6354,fe9e0b55-3601-4032-aecd-2578784f6335,2025-11-05,STR001,SKU1004,9,9.0,2025-11-04 11:16:19.423183,0.0
6355,fe9e0b55-3601-4032-aecd-2578784f6335,2025-11-05,STR001,SKU1005,23,23.0,2025-11-04 11:16:19.423183,0.0
6356,fe9e0b55-3601-4032-aecd-2578784f6335,2025-11-05,STR002,SKU1001,274,235.0,2025-11-04 11:16:19.423183,39.0
6357,fe9e0b55-3601-4032-aecd-2578784f6335,2025-11-05,STR002,SKU1002,122,147.0,2025-11-04 11:16:19.423183,25.0
6358,fe9e0b55-3601-4032-aecd-2578784f6335,2025-11-05,STR002,SKU1003,61,61.0,2025-11-04 11:16:19.423183,0.0
6359,fe9e0b55-3601-4032-aecd-2578784f6335,2025-11-05,STR002,SKU1004,138,161.0,2025-11-04 11:16:19.423183,23.0
6360,fe9e0b55-3601-4032-aecd-2578784f6335,2025-11-05,STR002,SKU1005,5,5.0,2025-11-04 11:16:19.423183,0.0
6361,fe9e0b55-3601-4032-aecd-2578784f6335,2025-11-05,STR003,SKU1001,206,230.0,2025-11-04 11:16:19.423183,24.0
6362,fe9e0b55-3601-4032-aecd-2578784f6335,2025-11-05,STR003,SKU1002,49,44.0,2025-11-04 11:16:19.423183,5.0
6363,fe9e0b55-3601-4032-aecd-2578784f6335,2025-11-05,STR003,SKU1003,76,68.0,2025-11-04 11:16:19.423183,8.0
6364,fe9e0b55-3601-4032-aecd-2578784f6335,2025-11-05,STR003,SKU1004,50,50.0,2025-11-04 11:16:19.423183,0.0
6365,fe9e0b55-3601-4032-aecd-2578784f6335,2025-11-05,STR003,SKU1005,57,65.0,2025-11-04 11:16:19.423183,8.0
6366,fe9e0b55-3601-4032-aecd-2578784f6335,2025-11-05,STR004,SKU1001,226,269.0,2025-11-04 11:16:19.423183,43.0
6367,fe9e0b55-3601-4032-aecd-2578784f6335,2025-11-05,STR004,SKU1002,242,261.0,2025-11-04 11:16:19.423183,19.0
6368,fe9e0b55-3601-4032-aecd-2578784f6335,2025-11-05,STR004,SKU1003,153,146.0,2025-11-04 11:16:19.423183,7.0
6369,fe9e0b55-3601-4032-aecd-2578784f6335,2025-11-05,STR004,SKU1004,141,122.0,2025-11-04 11:16:19.423183,19.0
6370,fe9e0b55-3601-4032-aecd-2578784f6335,2025-11-05,STR004,SKU1005,180,155.0,2025-11-04 11:16:19.423183,25.0
6371,fe9e0b55-3601-4032-aecd-2578784f6335,2025-11-05,STR005,SKU1001,146,129.0,2025-11-04 11:16:19.423183,17.0
6372,fe9e0b55-3601-4032-aecd-2578784f6335,2025-11-05,STR005,SKU1002,251,237.0,2025-11-04 11:16:19.423183,14.0
6373,fe9e0b55-3601-4032-aecd-2578784f6335,2025-11-05,STR005,SKU1003,263,265.0,2025-11-04 11:16:19.423183,2.0
6374,fe9e0b55-3601-4032-aecd-2578784f6335,2025-11-05,STR005,SKU1004,123,142.0,2025-11-04 11:16:19.423183,19.0
6375,fe9e0b55-3601-4032-aecd-2578784f6335,2025-11-05,STR005,SKU1005,193,212.0,2025-11-04 11:16:19.423183,19.0
6376,fe9e0b55-3601-4032-aecd-2578784f6335,2025-11-05,STR006,SKU1001,208,195.0,2025-11-04 11:16:19.423183,13.0
6377,fe9e0b55-3601-4032-aecd-2578784f6335,2025-11-05,STR006,SKU1002,219,194.0,2025-11-04 11:16:19.423183,25.0
6378,fe9e0b55-3601-4032-aecd-2578784f6335,2025-11-05,STR006,SKU1003,109,110.0,2025-11-04 11:16:19.423183,1.0
6379,fe9e0b55-3601-4032-aecd-2578784f6335,2025-11-05,STR006,SKU1004,170,142.0,2025-11-04 11:16:19.423183,28.0
6380,fe9e0b55-3601-4032-aecd-2578784f6335,2025-11-05,STR006,SKU1005,134,165.0,2025-11-04 11:16:19.423183,31.0
6381,fe9e0b55-3601-4032-aecd-2578784f6335,2025-11-05,STR007,SKU1001,76,87.0,2025-11-04 11:16:19.423183,11.0
6382,fe9e0b55-3601-4032-aecd-2578784f6335,2025-11-05,STR007,SKU1002,171,153.0,2025-11-04 11:16:19.423183,18.0
6383,fe9e0b55-3601-4032-aecd-2578784f6335,2025-11-05,STR007,SKU1003,108,90.0,2025-11-04 11:16:19.423183,18.0
6384,fe9e0b55-3601-4032-aecd-2578784f6335,2025-11-05,STR007,SKU1004,125,111.0,2025-11-04 11:16:19.423183,14.0
6385,fe9e0b55-3601-4032-aecd-2578784f6335,2025-11-05,STR007,SKU1005,143,172.0,2025-11-04 11:16:19.423183,29.0
6386,fe9e0b55-3601-4032-aecd-2578784f6335,2025-11-05,STR008,SKU1001,60,59.0,2025-11-04 11:16:19.423183,1.0
6387,fe9e0b55-3601-4032-aecd-2578784f6335,2025-11-05,STR008,SKU1002,344,288.0,2025-11-04 11:16:19.423183,56.0
6388,fe9e0b55-3601-4032-aecd-2578784f6335,2025-11-05,STR008,SKU1003,210,193.0,2025-11-04 11:16:19.423183,17.0
6389,fe9e0b55-3601-4032-aecd-2578784f6335,2025-11-05,STR008,SKU1004,70,79.0,2025-11-04 11:16:19.423183,9.0
6390,fe9e0b55-3601-4032-aecd-2578784f6335,2025-11-05,STR008,SKU1005,77,71.0,2025-11-04 11:16:19.423183,6.0
6391,fe9e0b55-3601-4032-aecd-2578784f6335,2025-11-05,STR009,SKU1001,91,109.0,2025-11-04 11:16:19.423183,18.0
6392,fe9e0b55-3601-4032-aecd-2578784f6335,2025-11-05,STR009,SKU1002,59,73.0,2025-11-04 11:16:19.423183,14.0
6393,fe9e0b55-3601-4032-aecd-2578784f6335,2025-11-05,STR009,SKU1003,229,229.0,2025-11-04 11:16:19.423183,0.0
6394,fe9e0b55-3601-4032-aecd-2578784f6335,2025-11-05,STR009,SKU1004,234,260.0,2025-11-04 11:16:19.423183,26.0
6395,fe9e0b55-3601-4032-aecd-2578784f6335,2025-11-05,STR009,SKU1005,233,264.0,2025-11-04 11:16:19.423183,31.0
6396,fe9e0b55-3601-4032-aecd-2578784f6335,2025-11-05,STR010,SKU1001,261,234.0,2025-11-04 11:16:19.423183,27.0
6397,fe9e0b55-3601-4032-aecd-2578784f6335,2025-11-05,STR010,SKU1002,275,249.0,2025-11-04 11:16:19.423183,26.0
6398,fe9e0b55-3601-4032-aecd-2578784f6335,2025-11-05,STR010,SKU1003,152,164.0,2025-11-04 11:16:19.423183,12.0
6399,fe9e0b55-3601-4032-aecd-2578784f6335,2025-11-05,STR010,SKU1004,135,123.0,2025-11-04 11:16:19.423183,12.0
6400,fe9e0b55-3601-4032-aecd-2578784f6335,2025-11-05,STR010,SKU1005,272,229.0,2025-11-04 11:16:19.423183,43.0
6401,fe9e0b55-3601-4032-aecd-2578784f6335,2025-11-06,STR001,SKU1001,130,146.0,2025-11-04 11:16:19.423183,16.0
6402,fe9e0b55-3601-4032-aecd-2578784f6335,2025-11-06,STR001,SKU1002,274,263.0,2025-11-04 11:16:19.423183,11.0
6403,fe9e0b55-3601-4032-aecd-2578784f6335,2025-11-06,STR001,SKU1003,7,9.0,2025-11-04 11:16:19.423183,2.0
6404,fe9e0b55-3601-4032-aecd-2578784f6335,2025-11-06,STR001,SKU1004,41,40.0,2025-11-04 11:16:19.423183,1.0
6405,fe9e0b55-3601-4032-aecd-2578784f6335,2025-11-06,STR001,SKU1005,58,70.0,2025-11-04 11:16:19.423183,12.0
6406,fe9e0b55-3601-4032-aecd-2578784f6335,2025-11-06,STR002,SKU1001,67,78.0,2025-11-04 11:16:19.423183,11.0
6407,fe9e0b55-3601-4032-aecd-2578784f6335,2025-11-06,STR002,SKU1002,12,11.0,2025-11-04 11:16:19.423183,1.0
6408,fe9e0b55-3601-4032-aecd-2578784f6335,2025-11-06,STR002,SKU1003,94,86.0,2025-11-04 11:16:19.423183,8.0
6409,fe9e0b55-3601-4032-aecd-2578784f6335,2025-11-06,STR002,SKU1004,165,160.0,2025-11-04 11:16:19.423183,5.0
6410,fe9e0b55-3601-4032-aecd-2578784f6335,2025-11-06,STR002,SKU1005,103,114.0,2025-11-04 11:16:19.423183,11.0
6411,fe9e0b55-3601-4032-aecd-2578784f6335,2025-11-06,STR003,SKU1001,154,155.0,2025-11-04 11:16:19.423183,1.0
6412,fe9e0b55-3601-4032-aecd-2578784f6335,2025-11-06,STR003,SKU1002,179,173.0,2025-11-04 11:16:19.423183,6.0
6413,fe9e0b55-3601-4032-aecd-2578784f6335,2025-11-06,STR003,SKU1003,31,30.0,2025-11-04 11:16:19.423183,1.0
6414,fe9e0b55-3601-4032-aecd-2578784f6335,2025-11-06,STR003,SKU1004,296,298.0,2025-11-04 11:16:19.423183,2.0
6415,fe9e0b55-3601-4032-aecd-2578784f6335,2025-11-06,STR003,SKU1005,54,63.0,2025-11-04 11:16:19.423183,9.0
6416,fe9e0b55-3601-4032-aecd-2578784f6335,2025-11-06,STR004,SKU1001,136,135.0,2025-11-04 11:16:19.423183,1.0
6417,fe9e0b55-3601-4032-aecd-2578784f6335,2025-11-06,STR004,SKU1002,8,10.0,2025-11-04 11:16:19.423183,2.0
6418,fe9e0b55-3601-4032-aecd-2578784f6335,2025-11-06,STR004,SKU1003,117,134.0,2025-11-04 11:16:19.423183,17.0
6419,fe9e0b55-3601-4032-aecd-2578784f6335,2025-11-06,STR004,SKU1004,81,76.0,2025-11-04 11:16:19.423183,5.0
6420,fe9e0b55-3601-4032-aecd-2578784f6335,2025-11-06,STR004,SKU1005,176,151.0,2025-11-04 11:16:19.423183,25.0
6421,fe9e0b55-3601-4032-aecd-2578784f6335,2025-11-06,STR005,SKU1001,268,284.0,2025-11-04 11:16:19.423183,16.0
6422,fe9e0b55-3601-4032-aecd-2578784f6335,2025-11-06,STR005,SKU1002,216,227.0,2025-11-04 11:16:19.423183,11.0
6423,fe9e0b55-3601-4032-aecd-2578784f6335,2025-11-06,STR005,SKU1003,126,122.0,2025-11-04 11:16:19.423183,4.0
6424,fe9e0b55-3601-4032-aecd-2578784f6335,2025-11-06,STR005,SKU1004,167,150.0,2025-11-04 11:16:19.423183,17.0
6425,fe9e0b55-3601-4032-aecd-2578784f6335,2025-11-06,STR005,SKU1005,96,98.0,2025-11-04 11:16:19.423183,2.0
6426,fe9e0b55-3601-4032-aecd-2578784f6335,2025-11-06,STR006,SKU1001,191,192.0,2025-11-04 11:16:19.423183,1.0
6427,fe9e0b55-3601-4032-aecd-2578784f6335,2025-11-06,STR006,SKU1002,299,300.0,2025-11-04 11:16:19.423183,1.0
6428,fe9e0b55-3601-4032-aecd-2578784f6335,2025-11-06,STR006,SKU1003,286,274.0,2025-11-04 11:16:19.423183,12.0
6429,fe9e0b55-3601-4032-aecd-2578784f6335,2025-11-06,STR006,SKU1004,148,171.0,2025-11-04 11:16:19.423183,23.0
6430,fe9e0b55-3601-4032-aecd-2578784f6335,2025-11-06,STR006,SKU1005,57,51.0,2025-11-04 11:16:19.423183,6.0
6431,fe9e0b55-3601-4032-aecd-2578784f6335,2025-11-06,STR007,SKU1001,93,105.0,2025-11-04 11:16:19.423183,12.0
6432,fe9e0b55-3601-4032-aecd-2578784f6335,2025-11-06,STR007,SKU1002,244,211.0,2025-11-04 11:16:19.423183,33.0
6433,fe9e0b55-3601-4032-aecd-2578784f6335,2025-11-06,STR007,SKU1003,7,7.0,2025-11-04 11:16:19.423183,0.0
6434,fe9e0b55-3601-4032-aecd-2578784f6335,2025-11-06,STR007,SKU1004,105,106.0,2025-11-04 11:16:19.423183,1.0
6435,fe9e0b55-3601-4032-aecd-2578784f6335,2025-11-06,STR007,SKU1005,202,213.0,2025-11-04 11:16:19.423183,11.0
6436,fe9e0b55-3601-4032-aecd-2578784f6335,2025-11-06,STR008,SKU1001,245,246.0,2025-11-04 11:16:19.423183,1.0
6437,fe9e0b55-3601-4032-aecd-2578784f6335,2025-11-06,STR008,SKU1002,284,300.0,2025-11-04 11:16:19.423183,16.0
6438,fe9e0b55-3601-4032-aecd-2578784f6335,2025-11-06,STR008,SKU1003,102,91.0,2025-11-04 11:16:19.423183,11.0
6439,fe9e0b55-3601-4032-aecd-2578784f6335,2025-11-06,STR008,SKU1004,340,298.0,2025-11-04 11:16:19.423183,42.0
6440,fe9e0b55-3601-4032-aecd-2578784f6335,2025-11-06,STR008,SKU1005,191,198.0,2025-11-04 11:16:19.423183,7.0
6441,fe9e0b55-3601-4032-aecd-2578784f6335,2025-11-06,STR009,SKU1001,11,11.0,2025-11-04 11:16:19.423183,0.0
6442,fe9e0b55-3601-4032-aecd-2578784f6335,2025-11-06,STR009,SKU1002,38,34.0,2025-11-04 11:16:19.423183,4.0
6443,fe9e0b55-3601-4032-aecd-2578784f6335,2025-11-06,STR009,SKU1003,191,198.0,2025-11-04 11:16:19.423183,7.0
6444,fe9e0b55-3601-4032-aecd-2578784f6335,2025-11-06,STR009,SKU1004,96,112.0,2025-11-04 11:16:19.423183,16.0
6445,fe9e0b55-3601-4032-aecd-2578784f6335,2025-11-06,STR009,SKU1005,186,170.0,2025-11-04 11:16:19.423183,16.0
6446,fe9e0b55-3601-4032-aecd-2578784f6335,2025-11-06,STR010,SKU1001,333,279.0,2025-11-04 11:16:19.423183,54.0
6447,fe9e0b55-3601-4032-aecd-2578784f6335,2025-11-06,STR010,SKU1002,231,214.0,2025-11-04 11:16:19.423183,17.0
6448,fe9e0b55-3601-4032-aecd-2578784f6335,2025-11-06,STR010,SKU1003,233,272.0,2025-11-04 11:16:19.423183,39.0
6449,fe9e0b55-3601-4032-aecd-2578784f6335,2025-11-06,STR010,SKU1004,33,31.0,2025-11-04 11:16:19.423183,2.0
6450,fe9e0b55-3601-4032-aecd-2578784f6335,2025-11-06,STR010,SKU1005,185,158.0,2025-11-04 11:16:19.423183,27.0
6451,fe9e0b55-3601-4032-aecd-2578784f6335,2025-11-07,STR001,SKU1001,16,19.0,2025-11-04 11:16:19.423183,3.0
6452,fe9e0b55-3601-4032-aecd-2578784f6335,2025-11-07,STR001,SKU1002,206,229.0,2025-11-04 11:16:19.423183,23.0
6453,fe9e0b55-3601-4032-aecd-2578784f6335,2025-11-07,STR001,SKU1003,43,45.0,2025-11-04 11:16:19.423183,2.0
6454,fe9e0b55-3601-4032-aecd-2578784f6335,2025-11-07,STR001,SKU1004,17,15.0,2025-11-04 11:16:19.423183,2.0
6455,fe9e0b55-3601-4032-aecd-2578784f6335,2025-11-07,STR001,SKU1005,237,282.0,2025-11-04 11:16:19.423183,45.0
6456,fe9e0b55-3601-4032-aecd-2578784f6335,2025-11-07,STR002,SKU1001,109,114.0,2025-11-04 11:16:19.423183,5.0
6457,fe9e0b55-3601-4032-aecd-2578784f6335,2025-11-07,STR002,SKU1002,166,183.0,2025-11-04 11:16:19.423183,17.0
6458,fe9e0b55-3601-4032-aecd-2578784f6335,2025-11-07,STR002,SKU1003,69,80.0,2025-11-04 11:16:19.423183,11.0
6459,fe9e0b55-3601-4032-aecd-2578784f6335,2025-11-07,STR002,SKU1004,159,166.0,2025-11-04 11:16:19.423183,7.0
6460,fe9e0b55-3601-4032-aecd-2578784f6335,2025-11-07,STR002,SKU1005,92,98.0,2025-11-04 11:16:19.423183,6.0
6461,fe9e0b55-3601-4032-aecd-2578784f6335,2025-11-07,STR003,SKU1001,324,285.0,2025-11-04 11:16:19.423183,39.0
6462,fe9e0b55-3601-4032-aecd-2578784f6335,2025-11-07,STR003,SKU1002,169,172.0,2025-11-04 11:16:19.423183,3.0
6463,fe9e0b55-3601-4032-aecd-2578784f6335,2025-11-07,STR003,SKU1003,139,141.0,2025-11-04 11:16:19.423183,2.0
6464,fe9e0b55-3601-4032-aecd-2578784f6335,2025-11-07,STR003,SKU1004,15,16.0,2025-11-04 11:16:19.423183,1.0
6465,fe9e0b55-3601-4032-aecd-2578784f6335,2025-11-07,STR003,SKU1005,347,298.0,2025-11-04 11:16:19.423183,49.0
6466,fe9e0b55-3601-4032-aecd-2578784f6335,2025-11-07,STR004,SKU1001,49,60.0,2025-11-04 11:16:19.423183,11.0
6467,fe9e0b55-3601-4032-aecd-2578784f6335,2025-11-07,STR004,SKU1002,77,94.0,2025-11-04 11:16:19.423183,17.0
6468,fe9e0b55-3601-4032-aecd-2578784f6335,2025-11-07,STR004,SKU1003,196,237.0,2025-11-04 11:16:19.423183,41.0
6469,fe9e0b55-3601-4032-aecd-2578784f6335,2025-11-07,STR004,SKU1004,281,246.0,2025-11-04 11:16:19.423183,35.0
6470,fe9e0b55-3601-4032-aecd-2578784f6335,2025-11-07,STR004,SKU1005,36,31.0,2025-11-04 11:16:19.423183,5.0
6471,fe9e0b55-3601-4032-aecd-2578784f6335,2025-11-07,STR005,SKU1001,248,300.0,2025-11-04 11:16:19.423183,52.0
6472,fe9e0b55-3601-4032-aecd-2578784f6335,2025-11-07,STR005,SKU1002,167,200.0,2025-11-04 11:16:19.423183,33.0
6473,fe9e0b55-3601-4032-aecd-2578784f6335,2025-11-07,STR005,SKU1003,15,14.0,2025-11-04 11:16:19.423183,1.0
6474,fe9e0b55-3601-4032-aecd-2578784f6335,2025-11-07,STR005,SKU1004,254,295.0,2025-11-04 11:16:19.423183,41.0
6475,fe9e0b55-3601-4032-aecd-2578784f6335,2025-11-07,STR005,SKU1005,167,184.0,2025-11-04 11:16:19.423183,17.0
6476,fe9e0b55-3601-4032-aecd-2578784f6335,2025-11-07,STR006,SKU1001,283,300.0,2025-11-04 11:16:19.423183,17.0
6477,fe9e0b55-3601-4032-aecd-2578784f6335,2025-11-07,STR006,SKU1002,189,228.0,2025-11-04 11:16:19.423183,39.0
6478,fe9e0b55-3601-4032-aecd-2578784f6335,2025-11-07,STR006,SKU1003,93,103.0,2025-11-04 11:16:19.423183,10.0
6479,fe9e0b55-3601-4032-aecd-2578784f6335,2025-11-07,STR006,SKU1004,191,219.0,2025-11-04 11:16:19.423183,28.0
6480,fe9e0b55-3601-4032-aecd-2578784f6335,2025-11-07,STR006,SKU1005,10,12.0,2025-11-04 11:16:19.423183,2.0
6481,fe9e0b55-3601-4032-aecd-2578784f6335,2025-11-07,STR007,SKU1001,200,172.0,2025-11-04 11:16:19.423183,28.0
6482,fe9e0b55-3601-4032-aecd-2578784f6335,2025-11-07,STR007,SKU1002,238,284.0,2025-11-04 11:16:19.423183,46.0
6483,fe9e0b55-3601-4032-aecd-2578784f6335,2025-11-07,STR007,SKU1003,87,97.0,2025-11-04 11:16:19.423183,10.0
6484,fe9e0b55-3601-4032-aecd-2578784f6335,2025-11-07,STR007,SKU1004,20,20.0,2025-11-04 11:16:19.423183,0.0
6485,fe9e0b55-3601-4032-aecd-2578784f6335,2025-11-07,STR007,SKU1005,173,215.0,2025-11-04 11:16:19.423183,42.0
6486,fe9e0b55-3601-4032-aecd-2578784f6335,2025-11-07,STR008,SKU1001,262,249.0,2025-11-04 11:16:19.423183,13.0
6487,fe9e0b55-3601-4032-aecd-2578784f6335,2025-11-07,STR008,SKU1002,307,282.0,2025-11-04 11:16:19.423183,25.0
6488,fe9e0b55-3601-4032-aecd-2578784f6335,2025-11-07,STR008,SKU1003,217,187.0,2025-11-04 11:16:19.423183,30.0
6489,fe9e0b55-3601-4032-aecd-2578784f6335,2025-11-07,STR008,SKU1004,186,214.0,2025-11-04 11:16:19.423183,28.0
6490,fe9e0b55-3601-4032-aecd-2578784f6335,2025-11-07,STR008,SKU1005,243,224.0,2025-11-04 11:16:19.423183,19.0
6491,fe9e0b55-3601-4032-aecd-2578784f6335,2025-11-07,STR009,SKU1001,130,145.0,2025-11-04 11:16:19.423183,15.0
6492,fe9e0b55-3601-4032-aecd-2578784f6335,2025-11-07,STR009,SKU1002,50,61.0,2025-11-04 11:16:19.423183,11.0
6493,fe9e0b55-3601-4032-aecd-2578784f6335,2025-11-07,STR009,SKU1003,241,216.0,2025-11-04 11:16:19.423183,25.0
6494,fe9e0b55-3601-4032-aecd-2578784f6335,2025-11-07,STR009,SKU1004,263,224.0,2025-11-04 11:16:19.423183,39.0
6495,fe9e0b55-3601-4032-aecd-2578784f6335,2025-11-07,STR009,SKU1005,213,188.0,2025-11-04 11:16:19.423183,25.0
6496,fe9e0b55-3601-4032-aecd-2578784f6335,2025-11-07,STR010,SKU1001,137,144.0,2025-11-04 11:16:19.423183,7.0
6497,fe9e0b55-3601-4032-aecd-2578784f6335,2025-11-07,STR010,SKU1002,195,211.0,2025-11-04 11:16:19.423183,16.0
6498,fe9e0b55-3601-4032-aecd-2578784f6335,2025-11-07,STR010,SKU1003,248,211.0,2025-11-04 11:16:19.423183,37.0
6499,fe9e0b55-3601-4032-aecd-2578784f6335,2025-11-07,STR010,SKU1004,254,278.0,2025-11-04 11:16:19.423183,24.0
6500,fe9e0b55-3601-4032-aecd-2578784f6335,2025-11-07,STR010,SKU1005,85,78.0,2025-11-04 11:16:19.423183,7.0
6501,fe9e0b55-3601-4032-aecd-2578784f6335,2025-11-08,STR001,SKU1001,84,78.0,2025-11-04 11:16:19.423183,6.0
6502,fe9e0b55-3601-4032-aecd-2578784f6335,2025-11-08,STR001,SKU1002,88,95.0,2025-11-04 11:16:19.423183,7.0
6503,fe9e0b55-3601-4032-aecd-2578784f6335,2025-11-08,STR001,SKU1003,99,107.0,2025-11-04 11:16:19.423183,8.0
6504,fe9e0b55-3601-4032-aecd-2578784f6335,2025-11-08,STR001,SKU1004,180,177.0,2025-11-04 11:16:19.423183,3.0
6505,fe9e0b55-3601-4032-aecd-2578784f6335,2025-11-08,STR001,SKU1005,147,182.0,2025-11-04 11:16:19.423183,35.0
6506,fe9e0b55-3601-4032-aecd-2578784f6335,2025-11-08,STR002,SKU1001,29,29.0,2025-11-04 11:16:19.423183,0.0
6507,fe9e0b55-3601-4032-aecd-2578784f6335,2025-11-08,STR002,SKU1002,230,255.0,2025-11-04 11:16:19.423183,25.0
6508,fe9e0b55-3601-4032-aecd-2578784f6335,2025-11-08,STR002,SKU1003,87,89.0,2025-11-04 11:16:19.423183,2.0
6509,fe9e0b55-3601-4032-aecd-2578784f6335,2025-11-08,STR002,SKU1004,61,73.0,2025-11-04 11:16:19.423183,12.0
6510,fe9e0b55-3601-4032-aecd-2578784f6335,2025-11-08,STR002,SKU1005,27,24.0,2025-11-04 11:16:19.423183,3.0
6511,fe9e0b55-3601-4032-aecd-2578784f6335,2025-11-08,STR003,SKU1001,278,251.0,2025-11-04 11:16:19.423183,27.0
6512,fe9e0b55-3601-4032-aecd-2578784f6335,2025-11-08,STR003,SKU1002,187,172.0,2025-11-04 11:16:19.423183,15.0
6513,fe9e0b55-3601-4032-aecd-2578784f6335,2025-11-08,STR003,SKU1003,69,67.0,2025-11-04 11:16:19.423183,2.0
6514,fe9e0b55-3601-4032-aecd-2578784f6335,2025-11-08,STR003,SKU1004,207,239.0,2025-11-04 11:16:19.423183,32.0
6515,fe9e0b55-3601-4032-aecd-2578784f6335,2025-11-08,STR003,SKU1005,77,90.0,2025-11-04 11:16:19.423183,13.0
6516,fe9e0b55-3601-4032-aecd-2578784f6335,2025-11-08,STR004,SKU1001,34,38.0,2025-11-04 11:16:19.423183,4.0
6517,fe9e0b55-3601-4032-aecd-2578784f6335,2025-11-08,STR004,SKU1002,242,249.0,2025-11-04 11:16:19.423183,7.0
6518,fe9e0b55-3601-4032-aecd-2578784f6335,2025-11-08,STR004,SKU1003,23,24.0,2025-11-04 11:16:19.423183,1.0
6519,fe9e0b55-3601-4032-aecd-2578784f6335,2025-11-08,STR004,SKU1004,105,131.0,2025-11-04 11:16:19.423183,26.0
6520,fe9e0b55-3601-4032-aecd-2578784f6335,2025-11-08,STR004,SKU1005,266,225.0,2025-11-04 11:16:19.423183,41.0
6521,fe9e0b55-3601-4032-aecd-2578784f6335,2025-11-08,STR005,SKU1001,101,122.0,2025-11-04 11:16:19.423183,21.0
6522,fe9e0b55-3601-4032-aecd-2578784f6335,2025-11-08,STR005,SKU1002,96,90.0,2025-11-04 11:16:19.423183,6.0
6523,fe9e0b55-3601-4032-aecd-2578784f6335,2025-11-08,STR005,SKU1003,232,236.0,2025-11-04 11:16:19.423183,4.0
6524,fe9e0b55-3601-4032-aecd-2578784f6335,2025-11-08,STR005,SKU1004,156,168.0,2025-11-04 11:16:19.423183,12.0
6525,fe9e0b55-3601-4032-aecd-2578784f6335,2025-11-08,STR005,SKU1005,234,221.0,2025-11-04 11:16:19.423183,13.0
6526,fe9e0b55-3601-4032-aecd-2578784f6335,2025-11-08,STR006,SKU1001,32,33.0,2025-11-04 11:16:19.423183,1.0
6527,fe9e0b55-3601-4032-aecd-2578784f6335,2025-11-08,STR006,SKU1002,60,60.0,2025-11-04 11:16:19.423183,0.0
6528,fe9e0b55-3601-4032-aecd-2578784f6335,2025-11-08,STR006,SKU1003,289,272.0,2025-11-04 11:16:19.423183,17.0
6529,fe9e0b55-3601-4032-aecd-2578784f6335,2025-11-08,STR006,SKU1004,110,93.0,2025-11-04 11:16:19.423183,17.0
6530,fe9e0b55-3601-4032-aecd-2578784f6335,2025-11-08,STR006,SKU1005,39,38.0,2025-11-04 11:16:19.423183,1.0
6531,fe9e0b55-3601-4032-aecd-2578784f6335,2025-11-08,STR007,SKU1001,219,217.0,2025-11-04 11:16:19.423183,2.0
6532,fe9e0b55-3601-4032-aecd-2578784f6335,2025-11-08,STR007,SKU1002,57,53.0,2025-11-04 11:16:19.423183,4.0
6533,fe9e0b55-3601-4032-aecd-2578784f6335,2025-11-08,STR007,SKU1003,223,198.0,2025-11-04 11:16:19.423183,25.0
6534,fe9e0b55-3601-4032-aecd-2578784f6335,2025-11-08,STR007,SKU1004,216,234.0,2025-11-04 11:16:19.423183,18.0
6535,fe9e0b55-3601-4032-aecd-2578784f6335,2025-11-08,STR007,SKU1005,16,19.0,2025-11-04 11:16:19.423183,3.0
6536,fe9e0b55-3601-4032-aecd-2578784f6335,2025-11-08,STR008,SKU1001,155,153.0,2025-11-04 11:16:19.423183,2.0
6537,fe9e0b55-3601-4032-aecd-2578784f6335,2025-11-08,STR008,SKU1002,62,76.0,2025-11-04 11:16:19.423183,14.0
6538,fe9e0b55-3601-4032-aecd-2578784f6335,2025-11-08,STR008,SKU1003,120,106.0,2025-11-04 11:16:19.423183,14.0
6539,fe9e0b55-3601-4032-aecd-2578784f6335,2025-11-08,STR008,SKU1004,272,282.0,2025-11-04 11:16:19.423183,10.0
6540,fe9e0b55-3601-4032-aecd-2578784f6335,2025-11-08,STR008,SKU1005,51,59.0,2025-11-04 11:16:19.423183,8.0
6541,fe9e0b55-3601-4032-aecd-2578784f6335,2025-11-08,STR009,SKU1001,220,225.0,2025-11-04 11:16:19.423183,5.0
6542,fe9e0b55-3601-4032-aecd-2578784f6335,2025-11-08,STR009,SKU1002,227,212.0,2025-11-04 11:16:19.423183,15.0
6543,fe9e0b55-3601-4032-aecd-2578784f6335,2025-11-08,STR009,SKU1003,57,69.0,2025-11-04 11:16:19.423183,12.0
6544,fe9e0b55-3601-4032-aecd-2578784f6335,2025-11-08,STR009,SKU1004,28,29.0,2025-11-04 11:16:19.423183,1.0
6545,fe9e0b55-3601-4032-aecd-2578784f6335,2025-11-08,STR009,SKU1005,295,253.0,2025-11-04 11:16:19.423183,42.0
6546,fe9e0b55-3601-4032-aecd-2578784f6335,2025-11-08,STR010,SKU1001,323,299.0,2025-11-04 11:16:19.423183,24.0
6547,fe9e0b55-3601-4032-aecd-2578784f6335,2025-11-08,STR010,SKU1002,142,138.0,2025-11-04 11:16:19.423183,4.0
6548,fe9e0b55-3601-4032-aecd-2578784f6335,2025-11-08,STR010,SKU1003,93,97.0,2025-11-04 11:16:19.423183,4.0
6549,fe9e0b55-3601-4032-aecd-2578784f6335,2025-11-08,STR010,SKU1004,83,84.0,2025-11-04 11:16:19.423183,1.0
6550,fe9e0b55-3601-4032-aecd-2578784f6335,2025-11-08,STR010,SKU1005,136,128.0,2025-11-04 11:16:19.423183,8.0
6551,fe9e0b55-3601-4032-aecd-2578784f6335,2025-11-09,STR001,SKU1001,131,122.0,2025-11-04 11:16:19.423183,9.0
6552,fe9e0b55-3601-4032-aecd-2578784f6335,2025-11-09,STR001,SKU1002,161,151.0,2025-11-04 11:16:19.423183,10.0
6553,fe9e0b55-3601-4032-aecd-2578784f6335,2025-11-09,STR001,SKU1003,281,253.0,2025-11-04 11:16:19.423183,28.0
6554,fe9e0b55-3601-4032-aecd-2578784f6335,2025-11-09,STR001,SKU1004,39,35.0,2025-11-04 11:16:19.423183,4.0
6555,fe9e0b55-3601-4032-aecd-2578784f6335,2025-11-09,STR001,SKU1005,9,8.0,2025-11-04 11:16:19.423183,1.0
6556,fe9e0b55-3601-4032-aecd-2578784f6335,2025-11-09,STR002,SKU1001,196,171.0,2025-11-04 11:16:19.423183,25.0
6557,fe9e0b55-3601-4032-aecd-2578784f6335,2025-11-09,STR002,SKU1002,128,126.0,2025-11-04 11:16:19.423183,2.0
6558,fe9e0b55-3601-4032-aecd-2578784f6335,2025-11-09,STR002,SKU1003,75,82.0,2025-11-04 11:16:19.423183,7.0
6559,fe9e0b55-3601-4032-aecd-2578784f6335,2025-11-09,STR002,SKU1004,77,69.0,2025-11-04 11:16:19.423183,8.0
6560,fe9e0b55-3601-4032-aecd-2578784f6335,2025-11-09,STR002,SKU1005,146,146.0,2025-11-04 11:16:19.423183,0.0
6561,fe9e0b55-3601-4032-aecd-2578784f6335,2025-11-09,STR003,SKU1001,252,289.0,2025-11-04 11:16:19.423183,37.0
6562,fe9e0b55-3601-4032-aecd-2578784f6335,2025-11-09,STR003,SKU1002,220,225.0,2025-11-04 11:16:19.423183,5.0
6563,fe9e0b55-3601-4032-aecd-2578784f6335,2025-11-09,STR003,SKU1003,86,77.0,2025-11-04 11:16:19.423183,9.0
6564,fe9e0b55-3601-4032-aecd-2578784f6335,2025-11-09,STR003,SKU1004,274,276.0,2025-11-04 11:16:19.423183,2.0
6565,fe9e0b55-3601-4032-aecd-2578784f6335,2025-11-09,STR003,SKU1005,303,272.0,2025-11-04 11:16:19.423183,31.0
6566,fe9e0b55-3601-4032-aecd-2578784f6335,2025-11-09,STR004,SKU1001,218,229.0,2025-11-04 11:16:19.423183,11.0
6567,fe9e0b55-3601-4032-aecd-2578784f6335,2025-11-09,STR004,SKU1002,230,261.0,2025-11-04 11:16:19.423183,31.0
6568,fe9e0b55-3601-4032-aecd-2578784f6335,2025-11-09,STR004,SKU1003,196,195.0,2025-11-04 11:16:19.423183,1.0
6569,fe9e0b55-3601-4032-aecd-2578784f6335,2025-11-09,STR004,SKU1004,157,166.0,2025-11-04 11:16:19.423183,9.0
6570,fe9e0b55-3601-4032-aecd-2578784f6335,2025-11-09,STR004,SKU1005,253,272.0,2025-11-04 11:16:19.423183,19.0
6571,fe9e0b55-3601-4032-aecd-2578784f6335,2025-11-09,STR005,SKU1001,49,56.0,2025-11-04 11:16:19.423183,7.0
6572,fe9e0b55-3601-4032-aecd-2578784f6335,2025-11-09,STR005,SKU1002,261,282.0,2025-11-04 11:16:19.423183,21.0
6573,fe9e0b55-3601-4032-aecd-2578784f6335,2025-11-09,STR005,SKU1003,228,238.0,2025-11-04 11:16:19.423183,10.0
6574,fe9e0b55-3601-4032-aecd-2578784f6335,2025-11-09,STR005,SKU1004,143,150.0,2025-11-04 11:16:19.423183,7.0
6575,fe9e0b55-3601-4032-aecd-2578784f6335,2025-11-09,STR005,SKU1005,141,136.0,2025-11-04 11:16:19.423183,5.0
6576,fe9e0b55-3601-4032-aecd-2578784f6335,2025-11-09,STR006,SKU1001,226,240.0,2025-11-04 11:16:19.423183,14.0
6577,fe9e0b55-3601-4032-aecd-2578784f6335,2025-11-09,STR006,SKU1002,71,82.0,2025-11-04 11:16:19.423183,11.0
6578,fe9e0b55-3601-4032-aecd-2578784f6335,2025-11-09,STR006,SKU1003,82,92.0,2025-11-04 11:16:19.423183,10.0
6579,fe9e0b55-3601-4032-aecd-2578784f6335,2025-11-09,STR006,SKU1004,148,136.0,2025-11-04 11:16:19.423183,12.0
6580,fe9e0b55-3601-4032-aecd-2578784f6335,2025-11-09,STR006,SKU1005,35,36.0,2025-11-04 11:16:19.423183,1.0
6581,fe9e0b55-3601-4032-aecd-2578784f6335,2025-11-09,STR007,SKU1001,202,210.0,2025-11-04 11:16:19.423183,8.0
6582,fe9e0b55-3601-4032-aecd-2578784f6335,2025-11-09,STR007,SKU1002,70,61.0,2025-11-04 11:16:19.423183,9.0
6583,fe9e0b55-3601-4032-aecd-2578784f6335,2025-11-09,STR007,SKU1003,294,268.0,2025-11-04 11:16:19.423183,26.0
6584,fe9e0b55-3601-4032-aecd-2578784f6335,2025-11-09,STR007,SKU1004,216,200.0,2025-11-04 11:16:19.423183,16.0
6585,fe9e0b55-3601-4032-aecd-2578784f6335,2025-11-09,STR007,SKU1005,135,131.0,2025-11-04 11:16:19.423183,4.0
6586,fe9e0b55-3601-4032-aecd-2578784f6335,2025-11-09,STR008,SKU1001,14,14.0,2025-11-04 11:16:19.423183,0.0
6587,fe9e0b55-3601-4032-aecd-2578784f6335,2025-11-09,STR008,SKU1002,188,172.0,2025-11-04 11:16:19.423183,16.0
6588,fe9e0b55-3601-4032-aecd-2578784f6335,2025-11-09,STR008,SKU1003,85,81.0,2025-11-04 11:16:19.423183,4.0
6589,fe9e0b55-3601-4032-aecd-2578784f6335,2025-11-09,STR008,SKU1004,31,36.0,2025-11-04 11:16:19.423183,5.0
6590,fe9e0b55-3601-4032-aecd-2578784f6335,2025-11-09,STR008,SKU1005,315,272.0,2025-11-04 11:16:19.423183,43.0
6591,fe9e0b55-3601-4032-aecd-2578784f6335,2025-11-09,STR009,SKU1001,252,278.0,2025-11-04 11:16:19.423183,26.0
6592,fe9e0b55-3601-4032-aecd-2578784f6335,2025-11-09,STR009,SKU1002,242,221.0,2025-11-04 11:16:19.423183,21.0
6593,fe9e0b55-3601-4032-aecd-2578784f6335,2025-11-09,STR009,SKU1003,261,293.0,2025-11-04 11:16:19.423183,32.0
6594,fe9e0b55-3601-4032-aecd-2578784f6335,2025-11-09,STR009,SKU1004,33,41.0,2025-11-04 11:16:19.423183,8.0
6595,fe9e0b55-3601-4032-aecd-2578784f6335,2025-11-09,STR009,SKU1005,150,157.0,2025-11-04 11:16:19.423183,7.0
6596,fe9e0b55-3601-4032-aecd-2578784f6335,2025-11-09,STR010,SKU1001,137,168.0,2025-11-04 11:16:19.423183,31.0
6597,fe9e0b55-3601-4032-aecd-2578784f6335,2025-11-09,STR010,SKU1002,203,231.0,2025-11-04 11:16:19.423183,28.0
6598,fe9e0b55-3601-4032-aecd-2578784f6335,2025-11-09,STR010,SKU1003,147,150.0,2025-11-04 11:16:19.423183,3.0
6599,fe9e0b55-3601-4032-aecd-2578784f6335,2025-11-09,STR010,SKU1004,104,112.0,2025-11-04 11:16:19.423183,8.0
6600,fe9e0b55-3601-4032-aecd-2578784f6335,2025-11-09,STR010,SKU1005,40,34.0,2025-11-04 11:16:19.423183,6.0
6601,fe9e0b55-3601-4032-aecd-2578784f6335,2025-11-10,STR001,SKU1001,224,253.0,2025-11-04 11:16:19.423183,29.0
6602,fe9e0b55-3601-4032-aecd-2578784f6335,2025-11-10,STR001,SKU1002,24,28.0,2025-11-04 11:16:19.423183,4.0
6603,fe9e0b55-3601-4032-aecd-2578784f6335,2025-11-10,STR001,SKU1003,56,58.0,2025-11-04 11:16:19.423183,2.0
6604,fe9e0b55-3601-4032-aecd-2578784f6335,2025-11-10,STR001,SKU1004,287,282.0,2025-11-04 11:16:19.423183,5.0
6605,fe9e0b55-3601-4032-aecd-2578784f6335,2025-11-10,STR001,SKU1005,238,264.0,2025-11-04 11:16:19.423183,26.0
6606,fe9e0b55-3601-4032-aecd-2578784f6335,2025-11-10,STR002,SKU1001,156,151.0,2025-11-04 11:16:19.423183,5.0
6607,fe9e0b55-3601-4032-aecd-2578784f6335,2025-11-10,STR002,SKU1002,75,70.0,2025-11-04 11:16:19.423183,5.0
6608,fe9e0b55-3601-4032-aecd-2578784f6335,2025-11-10,STR002,SKU1003,213,181.0,2025-11-04 11:16:19.423183,32.0
6609,fe9e0b55-3601-4032-aecd-2578784f6335,2025-11-10,STR002,SKU1004,206,194.0,2025-11-04 11:16:19.423183,12.0
6610,fe9e0b55-3601-4032-aecd-2578784f6335,2025-11-10,STR002,SKU1005,208,256.0,2025-11-04 11:16:19.423183,48.0
6611,fe9e0b55-3601-4032-aecd-2578784f6335,2025-11-10,STR003,SKU1001,150,157.0,2025-11-04 11:16:19.423183,7.0
6612,fe9e0b55-3601-4032-aecd-2578784f6335,2025-11-10,STR003,SKU1002,201,194.0,2025-11-04 11:16:19.423183,7.0
6613,fe9e0b55-3601-4032-aecd-2578784f6335,2025-11-10,STR003,SKU1003,220,191.0,2025-11-04 11:16:19.423183,29.0
6614,fe9e0b55-3601-4032-aecd-2578784f6335,2025-11-10,STR003,SKU1004,55,64.0,2025-11-04 11:16:19.423183,9.0
6615,fe9e0b55-3601-4032-aecd-2578784f6335,2025-11-10,STR003,SKU1005,73,82.0,2025-11-04 11:16:19.423183,9.0
6616,fe9e0b55-3601-4032-aecd-2578784f6335,2025-11-10,STR004,SKU1001,217,250.0,2025-11-04 11:16:19.423183,33.0
6617,fe9e0b55-3601-4032-aecd-2578784f6335,2025-11-10,STR004,SKU1002,293,266.0,2025-11-04 11:16:19.423183,27.0
6618,fe9e0b55-3601-4032-aecd-2578784f6335,2025-11-10,STR004,SKU1003,30,34.0,2025-11-04 11:16:19.423183,4.0
6619,fe9e0b55-3601-4032-aecd-2578784f6335,2025-11-10,STR004,SKU1004,125,151.0,2025-11-04 11:16:19.423183,26.0
6620,fe9e0b55-3601-4032-aecd-2578784f6335,2025-11-10,STR004,SKU1005,210,191.0,2025-11-04 11:16:19.423183,19.0
6621,fe9e0b55-3601-4032-aecd-2578784f6335,2025-11-10,STR005,SKU1001,198,193.0,2025-11-04 11:16:19.423183,5.0
6622,fe9e0b55-3601-4032-aecd-2578784f6335,2025-11-10,STR005,SKU1002,183,182.0,2025-11-04 11:16:19.423183,1.0
6623,fe9e0b55-3601-4032-aecd-2578784f6335,2025-11-10,STR005,SKU1003,59,50.0,2025-11-04 11:16:19.423183,9.0
6624,fe9e0b55-3601-4032-aecd-2578784f6335,2025-11-10,STR005,SKU1004,45,41.0,2025-11-04 11:16:19.423183,4.0
6625,fe9e0b55-3601-4032-aecd-2578784f6335,2025-11-10,STR005,SKU1005,218,271.0,2025-11-04 11:16:19.423183,53.0
6626,fe9e0b55-3601-4032-aecd-2578784f6335,2025-11-10,STR006,SKU1001,54,49.0,2025-11-04 11:16:19.423183,5.0
6627,fe9e0b55-3601-4032-aecd-2578784f6335,2025-11-10,STR006,SKU1002,176,162.0,2025-11-04 11:16:19.423183,14.0
6628,fe9e0b55-3601-4032-aecd-2578784f6335,2025-11-10,STR006,SKU1003,5,5.0,2025-11-04 11:16:19.423183,0.0
6629,fe9e0b55-3601-4032-aecd-2578784f6335,2025-11-10,STR006,SKU1004,160,151.0,2025-11-04 11:16:19.423183,9.0
6630,fe9e0b55-3601-4032-aecd-2578784f6335,2025-11-10,STR006,SKU1005,22,23.0,2025-11-04 11:16:19.423183,1.0
6631,fe9e0b55-3601-4032-aecd-2578784f6335,2025-11-10,STR007,SKU1001,213,190.0,2025-11-04 11:16:19.423183,23.0
6632,fe9e0b55-3601-4032-aecd-2578784f6335,2025-11-10,STR007,SKU1002,314,292.0,2025-11-04 11:16:19.423183,22.0
6633,fe9e0b55-3601-4032-aecd-2578784f6335,2025-11-10,STR007,SKU1003,194,166.0,2025-11-04 11:16:19.423183,28.0
6634,fe9e0b55-3601-4032-aecd-2578784f6335,2025-11-10,STR007,SKU1004,7,8.0,2025-11-04 11:16:19.423183,1.0
6635,fe9e0b55-3601-4032-aecd-2578784f6335,2025-11-10,STR007,SKU1005,219,226.0,2025-11-04 11:16:19.423183,7.0
6636,fe9e0b55-3601-4032-aecd-2578784f6335,2025-11-10,STR008,SKU1001,8,8.0,2025-11-04 11:16:19.423183,0.0
6637,fe9e0b55-3601-4032-aecd-2578784f6335,2025-11-10,STR008,SKU1002,342,295.0,2025-11-04 11:16:19.423183,47.0
6638,fe9e0b55-3601-4032-aecd-2578784f6335,2025-11-10,STR008,SKU1003,229,199.0,2025-11-04 11:16:19.423183,30.0
6639,fe9e0b55-3601-4032-aecd-2578784f6335,2025-11-10,STR008,SKU1004,246,211.0,2025-11-04 11:16:19.423183,35.0
6640,fe9e0b55-3601-4032-aecd-2578784f6335,2025-11-10,STR008,SKU1005,27,29.0,2025-11-04 11:16:19.423183,2.0
6641,fe9e0b55-3601-4032-aecd-2578784f6335,2025-11-10,STR009,SKU1001,269,242.0,2025-11-04 11:16:19.423183,27.0
6642,fe9e0b55-3601-4032-aecd-2578784f6335,2025-11-10,STR009,SKU1002,144,139.0,2025-11-04 11:16:19.423183,5.0
6643,fe9e0b55-3601-4032-aecd-2578784f6335,2025-11-10,STR009,SKU1003,226,214.0,2025-11-04 11:16:19.423183,12.0
6644,fe9e0b55-3601-4032-aecd-2578784f6335,2025-11-10,STR009,SKU1004,155,140.0,2025-11-04 11:16:19.423183,15.0
6645,fe9e0b55-3601-4032-aecd-2578784f6335,2025-11-10,STR009,SKU1005,199,229.0,2025-11-04 11:16:19.423183,30.0
6646,fe9e0b55-3601-4032-aecd-2578784f6335,2025-11-10,STR010,SKU1001,207,189.0,2025-11-04 11:16:19.423183,18.0
6647,fe9e0b55-3601-4032-aecd-2578784f6335,2025-11-10,STR010,SKU1002,27,26.0,2025-11-04 11:16:19.423183,1.0
6648,fe9e0b55-3601-4032-aecd-2578784f6335,2025-11-10,STR010,SKU1003,85,77.0,2025-11-04 11:16:19.423183,8.0
6649,fe9e0b55-3601-4032-aecd-2578784f6335,2025-11-10,STR010,SKU1004,36,34.0,2025-11-04 11:16:19.423183,2.0
6650,fe9e0b55-3601-4032-aecd-2578784f6335,2025-11-10,STR010,SKU1005,261,250.0,2025-11-04 11:16:19.423183,11.0
