snapshot_date,store_code,sku,qty,product_name
2025-07-01,STR001,SKU1001,311,Alpine Spring Water 1L
2025-07-01,STR001,SKU1002,296,CrispLite Potato Chips
2025-07-01,STR001,SKU1003,303,FreshBrew Coffee 250g
2025-07-01,STR001,SKU1004,398,GlowSkin Face Wash 100ml
2025-07-01,STR001,SKU1005,310,PureClean Detergent 1kg
2025-07-01,STR002,SKU1001,274,Alpine Spring Water 1L
2025-07-01,STR002,SKU1002,297,CrispLite Potato Chips
2025-07-01,STR002,SKU1003,296,FreshBrew Coffee 250g
2025-07-01,STR002,SKU1004,343,GlowSkin Face Wash 100ml
2025-07-01,STR002,SKU1005,359,PureClean Detergent 1kg
2025-07-01,STR003,SKU1001,214,Alpine Spring Water 1L
2025-07-01,STR003,SKU1002,352,CrispLite Potato Chips
2025-07-01,STR003,SKU1003,339,FreshBrew Coffee 250g
2025-07-01,STR003,SKU1004,361,GlowSkin Face Wash 100ml
2025-07-01,STR003,SKU1005,268,PureClean Detergent 1kg
2025-07-01,STR004,SKU1001,1387,Alpine Spring Water 1L
2025-07-01,STR004,SKU1002,1804,CrispLite Potato Chips
2025-07-01,STR004,SKU1003,1432,FreshBrew Coffee 250g
2025-07-01,STR004,SKU1004,1579,GlowSkin Face Wash 100ml
2025-07-01,STR004,SKU1005,1562,PureClean Detergent 1kg
2025-07-01,STR005,SKU1001,1889,Alpine Spring Water 1L
2025-07-01,STR005,SKU1002,1278,CrispLite Potato Chips
2025-07-01,STR005,SKU1003,1775,FreshBrew Coffee 250g
2025-07-01,STR005,SKU1004,1569,GlowSkin Face Wash 100ml
2025-07-01,STR005,SKU1005,1709,PureClean Detergent 1kg
2025-07-01,STR006,SKU1001,781,Alpine Spring Water 1L
2025-07-01,STR006,SKU1002,772,CrispLite Potato Chips
2025-07-01,STR006,SKU1003,552,FreshBrew Coffee 250g
2025-07-01,STR006,SKU1004,643,GlowSkin Face Wash 100ml
2025-07-01,STR006,SKU1005,935,PureClean Detergent 1kg
2025-07-01,STR007,SKU1001,788,Alpine Spring Water 1L
2025-07-01,STR007,SKU1002,709,CrispLite Potato Chips
2025-07-01,STR007,SKU1003,857,FreshBrew Coffee 250g
2025-07-01,STR007,SKU1004,928,GlowSkin Face Wash 100ml
2025-07-01,STR007,SKU1005,610,PureClean Detergent 1kg
2025-07-01,STR008,SKU1001,769,Alpine Spring Water 1L
2025-07-01,STR008,SKU1002,571,CrispLite Potato Chips
2025-07-01,STR008,SKU1003,575,FreshBrew Coffee 250g
2025-07-01,STR008,SKU1004,512,GlowSkin Face Wash 100ml
2025-07-01,STR008,SKU1005,466,PureClean Detergent 1kg
2025-07-01,STR009,SKU1001,516,Alpine Spring Water 1L
2025-07-01,STR009,SKU1002,861,CrispLite Potato Chips
2025-07-01,STR009,SKU1003,667,FreshBrew Coffee 250g
2025-07-01,STR009,SKU1004,720,GlowSkin Face Wash 100ml
2025-07-01,STR009,SKU1005,694,PureClean Detergent 1kg
2025-07-01,STR010,SKU1001,823,Alpine Spring Water 1L
2025-07-01,STR010,SKU1002,777,CrispLite Potato Chips
2025-07-01,STR010,SKU1003,735,FreshBrew Coffee 250g
2025-07-01,STR010,SKU1004,839,GlowSkin Face Wash 100ml
2025-07-01,STR010,SKU1005,748,PureClean Detergent 1kg
2025-07-02,STR001,SKU1001,320,Alpine Spring Water 1L
2025-07-02,STR001,SKU1002,237,CrispLite Potato Chips
2025-07-02,STR001,SKU1003,389,FreshBrew Coffee 250g
2025-07-02,STR001,SKU1004,244,GlowSkin Face Wash 100ml
2025-07-02,STR001,SKU1005,234,PureClean Detergent 1kg
2025-07-02,STR002,SKU1001,284,Alpine Spring Water 1L
2025-07-02,STR002,SKU1002,221,CrispLite Potato Chips
2025-07-02,STR002,SKU1003,329,FreshBrew Coffee 250g
2025-07-02,STR002,SKU1004,348,GlowSkin Face Wash 100ml
2025-07-02,STR002,SKU1005,262,PureClean Detergent 1kg
2025-07-02,STR003,SKU1001,277,Alpine Spring Water 1L
2025-07-02,STR003,SKU1002,354,CrispLite Potato Chips
2025-07-02,STR003,SKU1003,226,FreshBrew Coffee 250g
2025-07-02,STR003,SKU1004,236,GlowSkin Face Wash 100ml
2025-07-02,STR003,SKU1005,272,PureClean Detergent 1kg
2025-07-02,STR004,SKU1001,1861,Alpine Spring Water 1L
2025-07-02,STR004,SKU1002,1193,CrispLite Potato Chips
2025-07-02,STR004,SKU1003,1367,FreshBrew Coffee 250g
2025-07-02,STR004,SKU1004,1663,GlowSkin Face Wash 100ml
2025-07-02,STR004,SKU1005,1169,PureClean Detergent 1kg
2025-07-02,STR005,SKU1001,1984,Alpine Spring Water 1L
2025-07-02,STR005,SKU1002,1920,CrispLite Potato Chips
2025-07-02,STR005,SKU1003,2086,FreshBrew Coffee 250g
2025-07-02,STR005,SKU1004,1686,GlowSkin Face Wash 100ml
2025-07-02,STR005,SKU1005,1491,PureClean Detergent 1kg
2025-07-02,STR006,SKU1001,720,Alpine Spring Water 1L
2025-07-02,STR006,SKU1002,690,CrispLite Potato Chips
2025-07-02,STR006,SKU1003,844,FreshBrew Coffee 250g
2025-07-02,STR006,SKU1004,930,GlowSkin Face Wash 100ml
2025-07-02,STR006,SKU1005,563,PureClean Detergent 1kg
2025-07-02,STR007,SKU1001,577,Alpine Spring Water 1L
2025-07-02,STR007,SKU1002,700,CrispLite Potato Chips
2025-07-02,STR007,SKU1003,862,FreshBrew Coffee 250g
2025-07-02,STR007,SKU1004,558,GlowSkin Face Wash 100ml
2025-07-02,STR007,SKU1005,703,PureClean Detergent 1kg
2025-07-02,STR008,SKU1001,704,Alpine Spring Water 1L
2025-07-02,STR008,SKU1002,658,CrispLite Potato Chips
2025-07-02,STR008,SKU1003,507,FreshBrew Coffee 250g
2025-07-02,STR008,SKU1004,689,GlowSkin Face Wash 100ml
2025-07-02,STR008,SKU1005,731,PureClean Detergent 1kg
2025-07-02,STR009,SKU1001,808,Alpine Spring Water 1L
2025-07-02,STR009,SKU1002,673,CrispLite Potato Chips
2025-07-02,STR009,SKU1003,577,FreshBrew Coffee 250g
2025-07-02,STR009,SKU1004,620,GlowSkin Face Wash 100ml
2025-07-02,STR009,SKU1005,530,PureClean Detergent 1kg
2025-07-02,STR010,SKU1001,828,Alpine Spring Water 1L
2025-07-02,STR010,SKU1002,881,CrispLite Potato Chips
2025-07-02,STR010,SKU1003,751,FreshBrew Coffee 250g
2025-07-02,STR010,SKU1004,684,GlowSkin Face Wash 100ml
2025-07-02,STR010,SKU1005,862,PureClean Detergent 1kg
2025-07-03,STR001,SKU1001,403,Alpine Spring Water 1L
2025-07-03,STR001,SKU1002,317,CrispLite Potato Chips
2025-07-03,STR001,SKU1003,198,FreshBrew Coffee 250g
2025-07-03,STR001,SKU1004,394,GlowSkin Face Wash 100ml
2025-07-03,STR001,SKU1005,352,PureClean Detergent 1kg
2025-07-03,STR002,SKU1001,255,Alpine Spring Water 1L
2025-07-03,STR002,SKU1002,249,CrispLite Potato Chips
2025-07-03,STR002,SKU1003,384,FreshBrew Coffee 250g
2025-07-03,STR002,SKU1004,269,GlowSkin Face Wash 100ml
2025-07-03,STR002,SKU1005,372,PureClean Detergent 1kg
2025-07-03,STR003,SKU1001,385,Alpine Spring Water 1L
2025-07-03,STR003,SKU1002,267,CrispLite Potato Chips
2025-07-03,STR003,SKU1003,394,FreshBrew Coffee 250g
2025-07-03,STR003,SKU1004,207,GlowSkin Face Wash 100ml
2025-07-03,STR003,SKU1005,321,PureClean Detergent 1kg
2025-07-03,STR004,SKU1001,1112,Alpine Spring Water 1L
2025-07-03,STR004,SKU1002,1707,CrispLite Potato Chips
2025-07-03,STR004,SKU1003,1166,FreshBrew Coffee 250g
2025-07-03,STR004,SKU1004,1013,GlowSkin Face Wash 100ml
2025-07-03,STR004,SKU1005,1760,PureClean Detergent 1kg
2025-07-03,STR005,SKU1001,1551,Alpine Spring Water 1L
2025-07-03,STR005,SKU1002,2119,CrispLite Potato Chips
2025-07-03,STR005,SKU1003,1252,FreshBrew Coffee 250g
2025-07-03,STR005,SKU1004,1427,GlowSkin Face Wash 100ml
2025-07-03,STR005,SKU1005,1081,PureClean Detergent 1kg
2025-07-03,STR006,SKU1001,720,Alpine Spring Water 1L
2025-07-03,STR006,SKU1002,688,CrispLite Potato Chips
2025-07-03,STR006,SKU1003,773,FreshBrew Coffee 250g
2025-07-03,STR006,SKU1004,717,GlowSkin Face Wash 100ml
2025-07-03,STR006,SKU1005,598,PureClean Detergent 1kg
2025-07-03,STR007,SKU1001,751,Alpine Spring Water 1L
2025-07-03,STR007,SKU1002,807,CrispLite Potato Chips
2025-07-03,STR007,SKU1003,928,FreshBrew Coffee 250g
2025-07-03,STR007,SKU1004,742,GlowSkin Face Wash 100ml
2025-07-03,STR007,SKU1005,869,PureClean Detergent 1kg
2025-07-03,STR008,SKU1001,628,Alpine Spring Water 1L
2025-07-03,STR008,SKU1002,641,CrispLite Potato Chips
2025-07-03,STR008,SKU1003,864,FreshBrew Coffee 250g
2025-07-03,STR008,SKU1004,810,GlowSkin Face Wash 100ml
2025-07-03,STR008,SKU1005,665,PureClean Detergent 1kg
2025-07-03,STR009,SKU1001,871,Alpine Spring Water 1L
2025-07-03,STR009,SKU1002,625,CrispLite Potato Chips
2025-07-03,STR009,SKU1003,881,FreshBrew Coffee 250g
2025-07-03,STR009,SKU1004,799,GlowSkin Face Wash 100ml
2025-07-03,STR009,SKU1005,625,PureClean Detergent 1kg
2025-07-03,STR010,SKU1001,797,Alpine Spring Water 1L
2025-07-03,STR010,SKU1002,817,CrispLite Potato Chips
2025-07-03,STR010,SKU1003,640,FreshBrew Coffee 250g
2025-07-03,STR010,SKU1004,855,GlowSkin Face Wash 100ml
2025-07-03,STR010,SKU1005,737,PureClean Detergent 1kg
2025-07-04,STR001,SKU1001,294,Alpine Spring Water 1L
2025-07-04,STR001,SKU1002,265,CrispLite Potato Chips
2025-07-04,STR001,SKU1003,191,FreshBrew Coffee 250g
2025-07-04,STR001,SKU1004,248,GlowSkin Face Wash 100ml
2025-07-04,STR001,SKU1005,390,PureClean Detergent 1kg
2025-07-04,STR002,SKU1001,371,Alpine Spring Water 1L
2025-07-04,STR002,SKU1002,206,CrispLite Potato Chips
2025-07-04,STR002,SKU1003,306,FreshBrew Coffee 250g
2025-07-04,STR002,SKU1004,252,GlowSkin Face Wash 100ml
2025-07-04,STR002,SKU1005,339,PureClean Detergent 1kg
2025-07-04,STR003,SKU1001,362,Alpine Spring Water 1L
2025-07-04,STR003,SKU1002,309,CrispLite Potato Chips
2025-07-04,STR003,SKU1003,360,FreshBrew Coffee 250g
2025-07-04,STR003,SKU1004,280,GlowSkin Face Wash 100ml
2025-07-04,STR003,SKU1005,392,PureClean Detergent 1kg
2025-07-04,STR004,SKU1001,1424,Alpine Spring Water 1L
2025-07-04,STR004,SKU1002,1977,CrispLite Potato Chips
2025-07-04,STR004,SKU1003,1227,FreshBrew Coffee 250g
2025-07-04,STR004,SKU1004,1150,GlowSkin Face Wash 100ml
2025-07-04,STR004,SKU1005,1905,PureClean Detergent 1kg
2025-07-04,STR005,SKU1001,1904,Alpine Spring Water 1L
2025-07-04,STR005,SKU1002,1430,CrispLite Potato Chips
2025-07-04,STR005,SKU1003,1883,FreshBrew Coffee 250g
2025-07-04,STR005,SKU1004,1807,GlowSkin Face Wash 100ml
2025-07-04,STR005,SKU1005,1807,PureClean Detergent 1kg
2025-07-04,STR006,SKU1001,687,Alpine Spring Water 1L
2025-07-04,STR006,SKU1002,761,CrispLite Potato Chips
2025-07-04,STR006,SKU1003,783,FreshBrew Coffee 250g
2025-07-04,STR006,SKU1004,850,GlowSkin Face Wash 100ml
2025-07-04,STR006,SKU1005,660,PureClean Detergent 1kg
2025-07-04,STR007,SKU1001,619,Alpine Spring Water 1L
2025-07-04,STR007,SKU1002,710,CrispLite Potato Chips
2025-07-04,STR007,SKU1003,915,FreshBrew Coffee 250g
2025-07-04,STR007,SKU1004,855,GlowSkin Face Wash 100ml
2025-07-04,STR007,SKU1005,726,PureClean Detergent 1kg
2025-07-04,STR008,SKU1001,547,Alpine Spring Water 1L
2025-07-04,STR008,SKU1002,749,CrispLite Potato Chips
2025-07-04,STR008,SKU1003,583,FreshBrew Coffee 250g
2025-07-04,STR008,SKU1004,765,GlowSkin Face Wash 100ml
2025-07-04,STR008,SKU1005,583,PureClean Detergent 1kg
2025-07-04,STR009,SKU1001,889,Alpine Spring Water 1L
2025-07-04,STR009,SKU1002,823,CrispLite Potato Chips
2025-07-04,STR009,SKU1003,609,FreshBrew Coffee 250g
2025-07-04,STR009,SKU1004,557,GlowSkin Face Wash 100ml
2025-07-04,STR009,SKU1005,524,PureClean Detergent 1kg
2025-07-04,STR010,SKU1001,722,Alpine Spring Water 1L
2025-07-04,STR010,SKU1002,709,CrispLite Potato Chips
2025-07-04,STR010,SKU1003,510,FreshBrew Coffee 250g
2025-07-04,STR010,SKU1004,594,GlowSkin Face Wash 100ml
2025-07-04,STR010,SKU1005,831,PureClean Detergent 1kg
2025-07-05,STR001,SKU1001,255,Alpine Spring Water 1L
2025-07-05,STR001,SKU1002,286,CrispLite Potato Chips
2025-07-05,STR001,SKU1003,377,FreshBrew Coffee 250g
2025-07-05,STR001,SKU1004,325,GlowSkin Face Wash 100ml
2025-07-05,STR001,SKU1005,371,PureClean Detergent 1kg
2025-07-05,STR002,SKU1001,352,Alpine Spring Water 1L
2025-07-05,STR002,SKU1002,334,CrispLite Potato Chips
2025-07-05,STR002,SKU1003,223,FreshBrew Coffee 250g
2025-07-05,STR002,SKU1004,245,GlowSkin Face Wash 100ml
2025-07-05,STR002,SKU1005,306,PureClean Detergent 1kg
2025-07-05,STR003,SKU1001,230,Alpine Spring Water 1L
2025-07-05,STR003,SKU1002,235,CrispLite Potato Chips
2025-07-05,STR003,SKU1003,297,FreshBrew Coffee 250g
2025-07-05,STR003,SKU1004,392,GlowSkin Face Wash 100ml
2025-07-05,STR003,SKU1005,335,PureClean Detergent 1kg
2025-07-05,STR004,SKU1001,1163,Alpine Spring Water 1L
2025-07-05,STR004,SKU1002,1334,CrispLite Potato Chips
2025-07-05,STR004,SKU1003,1320,FreshBrew Coffee 250g
2025-07-05,STR004,SKU1004,1158,GlowSkin Face Wash 100ml
2025-07-05,STR004,SKU1005,1827,PureClean Detergent 1kg
2025-07-05,STR005,SKU1001,1535,Alpine Spring Water 1L
2025-07-05,STR005,SKU1002,1869,CrispLite Potato Chips
2025-07-05,STR005,SKU1003,1319,FreshBrew Coffee 250g
2025-07-05,STR005,SKU1004,1976,GlowSkin Face Wash 100ml
2025-07-05,STR005,SKU1005,1858,PureClean Detergent 1kg
2025-07-05,STR006,SKU1001,539,Alpine Spring Water 1L
2025-07-05,STR006,SKU1002,543,CrispLite Potato Chips
2025-07-05,STR006,SKU1003,738,FreshBrew Coffee 250g
2025-07-05,STR006,SKU1004,676,GlowSkin Face Wash 100ml
2025-07-05,STR006,SKU1005,916,PureClean Detergent 1kg
2025-07-05,STR007,SKU1001,693,Alpine Spring Water 1L
2025-07-05,STR007,SKU1002,878,CrispLite Potato Chips
2025-07-05,STR007,SKU1003,833,FreshBrew Coffee 250g
2025-07-05,STR007,SKU1004,851,GlowSkin Face Wash 100ml
2025-07-05,STR007,SKU1005,669,PureClean Detergent 1kg
2025-07-05,STR008,SKU1001,583,Alpine Spring Water 1L
2025-07-05,STR008,SKU1002,605,CrispLite Potato Chips
2025-07-05,STR008,SKU1003,830,FreshBrew Coffee 250g
2025-07-05,STR008,SKU1004,849,GlowSkin Face Wash 100ml
2025-07-05,STR008,SKU1005,680,PureClean Detergent 1kg
2025-07-05,STR009,SKU1001,799,Alpine Spring Water 1L
2025-07-05,STR009,SKU1002,572,CrispLite Potato Chips
2025-07-05,STR009,SKU1003,656,FreshBrew Coffee 250g
2025-07-05,STR009,SKU1004,775,GlowSkin Face Wash 100ml
2025-07-05,STR009,SKU1005,523,PureClean Detergent 1kg
2025-07-05,STR010,SKU1001,629,Alpine Spring Water 1L
2025-07-05,STR010,SKU1002,816,CrispLite Potato Chips
2025-07-05,STR010,SKU1003,924,FreshBrew Coffee 250g
2025-07-05,STR010,SKU1004,604,GlowSkin Face Wash 100ml
2025-07-05,STR010,SKU1005,809,PureClean Detergent 1kg
2025-07-06,STR001,SKU1001,256,Alpine Spring Water 1L
2025-07-06,STR001,SKU1002,219,CrispLite Potato Chips
2025-07-06,STR001,SKU1003,322,FreshBrew Coffee 250g
2025-07-06,STR001,SKU1004,365,GlowSkin Face Wash 100ml
2025-07-06,STR001,SKU1005,357,PureClean Detergent 1kg
2025-07-06,STR002,SKU1001,270,Alpine Spring Water 1L
2025-07-06,STR002,SKU1002,303,CrispLite Potato Chips
2025-07-06,STR002,SKU1003,283,FreshBrew Coffee 250g
2025-07-06,STR002,SKU1004,328,GlowSkin Face Wash 100ml
2025-07-06,STR002,SKU1005,324,PureClean Detergent 1kg
2025-07-06,STR003,SKU1001,349,Alpine Spring Water 1L
2025-07-06,STR003,SKU1002,318,CrispLite Potato Chips
2025-07-06,STR003,SKU1003,244,FreshBrew Coffee 250g
2025-07-06,STR003,SKU1004,261,GlowSkin Face Wash 100ml
2025-07-06,STR003,SKU1005,306,PureClean Detergent 1kg
2025-07-06,STR004,SKU1001,1359,Alpine Spring Water 1L
2025-07-06,STR004,SKU1002,2089,CrispLite Potato Chips
2025-07-06,STR004,SKU1003,1414,FreshBrew Coffee 250g
2025-07-06,STR004,SKU1004,1781,GlowSkin Face Wash 100ml
2025-07-06,STR004,SKU1005,1340,PureClean Detergent 1kg
2025-07-06,STR005,SKU1001,1128,Alpine Spring Water 1L
2025-07-06,STR005,SKU1002,1733,CrispLite Potato Chips
2025-07-06,STR005,SKU1003,1981,FreshBrew Coffee 250g
2025-07-06,STR005,SKU1004,1624,GlowSkin Face Wash 100ml
2025-07-06,STR005,SKU1005,2092,PureClean Detergent 1kg
2025-07-06,STR006,SKU1001,574,Alpine Spring Water 1L
2025-07-06,STR006,SKU1002,614,CrispLite Potato Chips
2025-07-06,STR006,SKU1003,678,FreshBrew Coffee 250g
2025-07-06,STR006,SKU1004,766,GlowSkin Face Wash 100ml
2025-07-06,STR006,SKU1005,838,PureClean Detergent 1kg
2025-07-06,STR007,SKU1001,591,Alpine Spring Water 1L
2025-07-06,STR007,SKU1002,806,CrispLite Potato Chips
2025-07-06,STR007,SKU1003,838,FreshBrew Coffee 250g
2025-07-06,STR007,SKU1004,718,GlowSkin Face Wash 100ml
2025-07-06,STR007,SKU1005,773,PureClean Detergent 1kg
2025-07-06,STR008,SKU1001,592,Alpine Spring Water 1L
2025-07-06,STR008,SKU1002,733,CrispLite Potato Chips
2025-07-06,STR008,SKU1003,871,FreshBrew Coffee 250g
2025-07-06,STR008,SKU1004,555,GlowSkin Face Wash 100ml
2025-07-06,STR008,SKU1005,787,PureClean Detergent 1kg
2025-07-06,STR009,SKU1001,498,Alpine Spring Water 1L
2025-07-06,STR009,SKU1002,796,CrispLite Potato Chips
2025-07-06,STR009,SKU1003,874,FreshBrew Coffee 250g
2025-07-06,STR009,SKU1004,822,GlowSkin Face Wash 100ml
2025-07-06,STR009,SKU1005,904,PureClean Detergent 1kg
2025-07-06,STR010,SKU1001,654,Alpine Spring Water 1L
2025-07-06,STR010,SKU1002,680,CrispLite Potato Chips
2025-07-06,STR010,SKU1003,571,FreshBrew Coffee 250g
2025-07-06,STR010,SKU1004,846,GlowSkin Face Wash 100ml
2025-07-06,STR010,SKU1005,700,PureClean Detergent 1kg
2025-07-07,STR001,SKU1001,243,Alpine Spring Water 1L
2025-07-07,STR001,SKU1002,230,CrispLite Potato Chips
2025-07-07,STR001,SKU1003,214,FreshBrew Coffee 250g
2025-07-07,STR001,SKU1004,337,GlowSkin Face Wash 100ml
2025-07-07,STR001,SKU1005,246,PureClean Detergent 1kg
2025-07-07,STR002,SKU1001,277,Alpine Spring Water 1L
2025-07-07,STR002,SKU1002,291,CrispLite Potato Chips
2025-07-07,STR002,SKU1003,280,FreshBrew Coffee 250g
2025-07-07,STR002,SKU1004,312,GlowSkin Face Wash 100ml
2025-07-07,STR002,SKU1005,327,PureClean Detergent 1kg
2025-07-07,STR003,SKU1001,267,Alpine Spring Water 1L
2025-07-07,STR003,SKU1002,315,CrispLite Potato Chips
2025-07-07,STR003,SKU1003,287,FreshBrew Coffee 250g
2025-07-07,STR003,SKU1004,377,GlowSkin Face Wash 100ml
2025-07-07,STR003,SKU1005,234,PureClean Detergent 1kg
2025-07-07,STR004,SKU1001,1712,Alpine Spring Water 1L
2025-07-07,STR004,SKU1002,1968,CrispLite Potato Chips
2025-07-07,STR004,SKU1003,2010,FreshBrew Coffee 250g
2025-07-07,STR004,SKU1004,1814,GlowSkin Face Wash 100ml
2025-07-07,STR004,SKU1005,1237,PureClean Detergent 1kg
2025-07-07,STR005,SKU1001,1656,Alpine Spring Water 1L
2025-07-07,STR005,SKU1002,1993,CrispLite Potato Chips
2025-07-07,STR005,SKU1003,1713,FreshBrew Coffee 250g
2025-07-07,STR005,SKU1004,1312,GlowSkin Face Wash 100ml
2025-07-07,STR005,SKU1005,947,PureClean Detergent 1kg
2025-07-07,STR006,SKU1001,882,Alpine Spring Water 1L
2025-07-07,STR006,SKU1002,494,CrispLite Potato Chips
2025-07-07,STR006,SKU1003,774,FreshBrew Coffee 250g
2025-07-07,STR006,SKU1004,849,GlowSkin Face Wash 100ml
2025-07-07,STR006,SKU1005,793,PureClean Detergent 1kg
2025-07-07,STR007,SKU1001,631,Alpine Spring Water 1L
2025-07-07,STR007,SKU1002,813,CrispLite Potato Chips
2025-07-07,STR007,SKU1003,664,FreshBrew Coffee 250g
2025-07-07,STR007,SKU1004,735,GlowSkin Face Wash 100ml
2025-07-07,STR007,SKU1005,915,PureClean Detergent 1kg
2025-07-07,STR008,SKU1001,710,Alpine Spring Water 1L
2025-07-07,STR008,SKU1002,543,CrispLite Potato Chips
2025-07-07,STR008,SKU1003,820,FreshBrew Coffee 250g
2025-07-07,STR008,SKU1004,733,GlowSkin Face Wash 100ml
2025-07-07,STR008,SKU1005,813,PureClean Detergent 1kg
2025-07-07,STR009,SKU1001,900,Alpine Spring Water 1L
2025-07-07,STR009,SKU1002,569,CrispLite Potato Chips
2025-07-07,STR009,SKU1003,535,FreshBrew Coffee 250g
2025-07-07,STR009,SKU1004,922,GlowSkin Face Wash 100ml
2025-07-07,STR009,SKU1005,534,PureClean Detergent 1kg
2025-07-07,STR010,SKU1001,659,Alpine Spring Water 1L
2025-07-07,STR010,SKU1002,550,CrispLite Potato Chips
2025-07-07,STR010,SKU1003,558,FreshBrew Coffee 250g
2025-07-07,STR010,SKU1004,951,GlowSkin Face Wash 100ml
2025-07-07,STR010,SKU1005,585,PureClean Detergent 1kg
2025-07-08,STR001,SKU1001,374,Alpine Spring Water 1L
2025-07-08,STR001,SKU1002,281,CrispLite Potato Chips
2025-07-08,STR001,SKU1003,273,FreshBrew Coffee 250g
2025-07-08,STR001,SKU1004,274,GlowSkin Face Wash 100ml
2025-07-08,STR001,SKU1005,339,PureClean Detergent 1kg
2025-07-08,STR002,SKU1001,209,Alpine Spring Water 1L
2025-07-08,STR002,SKU1002,337,CrispLite Potato Chips
2025-07-08,STR002,SKU1003,367,FreshBrew Coffee 250g
2025-07-08,STR002,SKU1004,368,GlowSkin Face Wash 100ml
2025-07-08,STR002,SKU1005,198,PureClean Detergent 1kg
2025-07-08,STR003,SKU1001,373,Alpine Spring Water 1L
2025-07-08,STR003,SKU1002,340,CrispLite Potato Chips
2025-07-08,STR003,SKU1003,298,FreshBrew Coffee 250g
2025-07-08,STR003,SKU1004,294,GlowSkin Face Wash 100ml
2025-07-08,STR003,SKU1005,340,PureClean Detergent 1kg
2025-07-08,STR004,SKU1001,1160,Alpine Spring Water 1L
2025-07-08,STR004,SKU1002,1066,CrispLite Potato Chips
2025-07-08,STR004,SKU1003,1127,FreshBrew Coffee 250g
2025-07-08,STR004,SKU1004,1874,GlowSkin Face Wash 100ml
2025-07-08,STR004,SKU1005,1956,PureClean Detergent 1kg
2025-07-08,STR005,SKU1001,1156,Alpine Spring Water 1L
2025-07-08,STR005,SKU1002,1702,CrispLite Potato Chips
2025-07-08,STR005,SKU1003,1468,FreshBrew Coffee 250g
2025-07-08,STR005,SKU1004,1219,GlowSkin Face Wash 100ml
2025-07-08,STR005,SKU1005,1212,PureClean Detergent 1kg
2025-07-08,STR006,SKU1001,792,Alpine Spring Water 1L
2025-07-08,STR006,SKU1002,642,CrispLite Potato Chips
2025-07-08,STR006,SKU1003,698,FreshBrew Coffee 250g
2025-07-08,STR006,SKU1004,814,GlowSkin Face Wash 100ml
2025-07-08,STR006,SKU1005,462,PureClean Detergent 1kg
2025-07-08,STR007,SKU1001,868,Alpine Spring Water 1L
2025-07-08,STR007,SKU1002,674,CrispLite Potato Chips
2025-07-08,STR007,SKU1003,803,FreshBrew Coffee 250g
2025-07-08,STR007,SKU1004,581,GlowSkin Face Wash 100ml
2025-07-08,STR007,SKU1005,560,PureClean Detergent 1kg
2025-07-08,STR008,SKU1001,663,Alpine Spring Water 1L
2025-07-08,STR008,SKU1002,692,CrispLite Potato Chips
2025-07-08,STR008,SKU1003,782,FreshBrew Coffee 250g
2025-07-08,STR008,SKU1004,623,GlowSkin Face Wash 100ml
2025-07-08,STR008,SKU1005,697,PureClean Detergent 1kg
2025-07-08,STR009,SKU1001,704,Alpine Spring Water 1L
2025-07-08,STR009,SKU1002,535,CrispLite Potato Chips
2025-07-08,STR009,SKU1003,554,FreshBrew Coffee 250g
2025-07-08,STR009,SKU1004,487,GlowSkin Face Wash 100ml
2025-07-08,STR009,SKU1005,513,PureClean Detergent 1kg
2025-07-08,STR010,SKU1001,835,Alpine Spring Water 1L
2025-07-08,STR010,SKU1002,689,CrispLite Potato Chips
2025-07-08,STR010,SKU1003,544,FreshBrew Coffee 250g
2025-07-08,STR010,SKU1004,698,GlowSkin Face Wash 100ml
2025-07-08,STR010,SKU1005,892,PureClean Detergent 1kg
2025-07-09,STR001,SKU1001,361,Alpine Spring Water 1L
2025-07-09,STR001,SKU1002,200,CrispLite Potato Chips
2025-07-09,STR001,SKU1003,286,FreshBrew Coffee 250g
2025-07-09,STR001,SKU1004,392,GlowSkin Face Wash 100ml
2025-07-09,STR001,SKU1005,221,PureClean Detergent 1kg
2025-07-09,STR002,SKU1001,233,Alpine Spring Water 1L
2025-07-09,STR002,SKU1002,402,CrispLite Potato Chips
2025-07-09,STR002,SKU1003,396,FreshBrew Coffee 250g
2025-07-09,STR002,SKU1004,370,GlowSkin Face Wash 100ml
2025-07-09,STR002,SKU1005,358,PureClean Detergent 1kg
2025-07-09,STR003,SKU1001,237,Alpine Spring Water 1L
2025-07-09,STR003,SKU1002,340,CrispLite Potato Chips
2025-07-09,STR003,SKU1003,308,FreshBrew Coffee 250g
2025-07-09,STR003,SKU1004,260,GlowSkin Face Wash 100ml
2025-07-09,STR003,SKU1005,392,PureClean Detergent 1kg
2025-07-09,STR004,SKU1001,1752,Alpine Spring Water 1L
2025-07-09,STR004,SKU1002,1249,CrispLite Potato Chips
2025-07-09,STR004,SKU1003,1022,FreshBrew Coffee 250g
2025-07-09,STR004,SKU1004,1817,GlowSkin Face Wash 100ml
2025-07-09,STR004,SKU1005,1109,PureClean Detergent 1kg
2025-07-09,STR005,SKU1001,1361,Alpine Spring Water 1L
2025-07-09,STR005,SKU1002,1086,CrispLite Potato Chips
2025-07-09,STR005,SKU1003,1777,FreshBrew Coffee 250g
2025-07-09,STR005,SKU1004,1178,GlowSkin Face Wash 100ml
2025-07-09,STR005,SKU1005,1811,PureClean Detergent 1kg
2025-07-09,STR006,SKU1001,790,Alpine Spring Water 1L
2025-07-09,STR006,SKU1002,655,CrispLite Potato Chips
2025-07-09,STR006,SKU1003,864,FreshBrew Coffee 250g
2025-07-09,STR006,SKU1004,775,GlowSkin Face Wash 100ml
2025-07-09,STR006,SKU1005,750,PureClean Detergent 1kg
2025-07-09,STR007,SKU1001,594,Alpine Spring Water 1L
2025-07-09,STR007,SKU1002,534,CrispLite Potato Chips
2025-07-09,STR007,SKU1003,697,FreshBrew Coffee 250g
2025-07-09,STR007,SKU1004,558,GlowSkin Face Wash 100ml
2025-07-09,STR007,SKU1005,621,PureClean Detergent 1kg
2025-07-09,STR008,SKU1001,825,Alpine Spring Water 1L
2025-07-09,STR008,SKU1002,554,CrispLite Potato Chips
2025-07-09,STR008,SKU1003,667,FreshBrew Coffee 250g
2025-07-09,STR008,SKU1004,859,GlowSkin Face Wash 100ml
2025-07-09,STR008,SKU1005,584,PureClean Detergent 1kg
2025-07-09,STR009,SKU1001,625,Alpine Spring Water 1L
2025-07-09,STR009,SKU1002,523,CrispLite Potato Chips
2025-07-09,STR009,SKU1003,742,FreshBrew Coffee 250g
2025-07-09,STR009,SKU1004,579,GlowSkin Face Wash 100ml
2025-07-09,STR009,SKU1005,887,PureClean Detergent 1kg
2025-07-09,STR010,SKU1001,791,Alpine Spring Water 1L
2025-07-09,STR010,SKU1002,517,CrispLite Potato Chips
2025-07-09,STR010,SKU1003,737,FreshBrew Coffee 250g
2025-07-09,STR010,SKU1004,617,GlowSkin Face Wash 100ml
2025-07-09,STR010,SKU1005,750,PureClean Detergent 1kg
2025-07-10,STR001,SKU1001,332,Alpine Spring Water 1L
2025-07-10,STR001,SKU1002,282,CrispLite Potato Chips
2025-07-10,STR001,SKU1003,297,FreshBrew Coffee 250g
2025-07-10,STR001,SKU1004,382,GlowSkin Face Wash 100ml
2025-07-10,STR001,SKU1005,244,PureClean Detergent 1kg
2025-07-10,STR002,SKU1001,304,Alpine Spring Water 1L
2025-07-10,STR002,SKU1002,233,CrispLite Potato Chips
2025-07-10,STR002,SKU1003,298,FreshBrew Coffee 250g
2025-07-10,STR002,SKU1004,381,GlowSkin Face Wash 100ml
2025-07-10,STR002,SKU1005,265,PureClean Detergent 1kg
2025-07-10,STR003,SKU1001,355,Alpine Spring Water 1L
2025-07-10,STR003,SKU1002,290,CrispLite Potato Chips
2025-07-10,STR003,SKU1003,313,FreshBrew Coffee 250g
2025-07-10,STR003,SKU1004,274,GlowSkin Face Wash 100ml
2025-07-10,STR003,SKU1005,221,PureClean Detergent 1kg
2025-07-10,STR004,SKU1001,1220,Alpine Spring Water 1L
2025-07-10,STR004,SKU1002,1373,CrispLite Potato Chips
2025-07-10,STR004,SKU1003,1767,FreshBrew Coffee 250g
2025-07-10,STR004,SKU1004,1951,GlowSkin Face Wash 100ml
2025-07-10,STR004,SKU1005,1450,PureClean Detergent 1kg
2025-07-10,STR005,SKU1001,1145,Alpine Spring Water 1L
2025-07-10,STR005,SKU1002,1229,CrispLite Potato Chips
2025-07-10,STR005,SKU1003,1688,FreshBrew Coffee 250g
2025-07-10,STR005,SKU1004,1853,GlowSkin Face Wash 100ml
2025-07-10,STR005,SKU1005,1892,PureClean Detergent 1kg
2025-07-10,STR006,SKU1001,730,Alpine Spring Water 1L
2025-07-10,STR006,SKU1002,721,CrispLite Potato Chips
2025-07-10,STR006,SKU1003,628,FreshBrew Coffee 250g
2025-07-10,STR006,SKU1004,848,GlowSkin Face Wash 100ml
2025-07-10,STR006,SKU1005,470,PureClean Detergent 1kg
2025-07-10,STR007,SKU1001,822,Alpine Spring Water 1L
2025-07-10,STR007,SKU1002,667,CrispLite Potato Chips
2025-07-10,STR007,SKU1003,749,FreshBrew Coffee 250g
2025-07-10,STR007,SKU1004,680,GlowSkin Face Wash 100ml
2025-07-10,STR007,SKU1005,583,PureClean Detergent 1kg
2025-07-10,STR008,SKU1001,570,Alpine Spring Water 1L
2025-07-10,STR008,SKU1002,740,CrispLite Potato Chips
2025-07-10,STR008,SKU1003,592,FreshBrew Coffee 250g
2025-07-10,STR008,SKU1004,797,GlowSkin Face Wash 100ml
2025-07-10,STR008,SKU1005,785,PureClean Detergent 1kg
2025-07-10,STR009,SKU1001,603,Alpine Spring Water 1L
2025-07-10,STR009,SKU1002,850,CrispLite Potato Chips
2025-07-10,STR009,SKU1003,541,FreshBrew Coffee 250g
2025-07-10,STR009,SKU1004,626,GlowSkin Face Wash 100ml
2025-07-10,STR009,SKU1005,786,PureClean Detergent 1kg
2025-07-10,STR010,SKU1001,557,Alpine Spring Water 1L
2025-07-10,STR010,SKU1002,754,CrispLite Potato Chips
2025-07-10,STR010,SKU1003,665,FreshBrew Coffee 250g
2025-07-10,STR010,SKU1004,753,GlowSkin Face Wash 100ml
2025-07-10,STR010,SKU1005,871,PureClean Detergent 1kg
2025-07-11,STR001,SKU1001,253,Alpine Spring Water 1L
2025-07-11,STR001,SKU1002,218,CrispLite Potato Chips
2025-07-11,STR001,SKU1003,197,FreshBrew Coffee 250g
2025-07-11,STR001,SKU1004,304,GlowSkin Face Wash 100ml
2025-07-11,STR001,SKU1005,383,PureClean Detergent 1kg
2025-07-11,STR002,SKU1001,259,Alpine Spring Water 1L
2025-07-11,STR002,SKU1002,225,CrispLite Potato Chips
2025-07-11,STR002,SKU1003,290,FreshBrew Coffee 250g
2025-07-11,STR002,SKU1004,331,GlowSkin Face Wash 100ml
2025-07-11,STR002,SKU1005,356,PureClean Detergent 1kg
2025-07-11,STR003,SKU1001,399,Alpine Spring Water 1L
2025-07-11,STR003,SKU1002,310,CrispLite Potato Chips
2025-07-11,STR003,SKU1003,206,FreshBrew Coffee 250g
2025-07-11,STR003,SKU1004,353,GlowSkin Face Wash 100ml
2025-07-11,STR003,SKU1005,310,PureClean Detergent 1kg
2025-07-11,STR004,SKU1001,1643,Alpine Spring Water 1L
2025-07-11,STR004,SKU1002,1422,CrispLite Potato Chips
2025-07-11,STR004,SKU1003,1931,FreshBrew Coffee 250g
2025-07-11,STR004,SKU1004,1796,GlowSkin Face Wash 100ml
2025-07-11,STR004,SKU1005,1307,PureClean Detergent 1kg
2025-07-11,STR005,SKU1001,1758,Alpine Spring Water 1L
2025-07-11,STR005,SKU1002,1128,CrispLite Potato Chips
2025-07-11,STR005,SKU1003,1122,FreshBrew Coffee 250g
2025-07-11,STR005,SKU1004,1402,GlowSkin Face Wash 100ml
2025-07-11,STR005,SKU1005,1202,PureClean Detergent 1kg
2025-07-11,STR006,SKU1001,628,Alpine Spring Water 1L
2025-07-11,STR006,SKU1002,500,CrispLite Potato Chips
2025-07-11,STR006,SKU1003,555,FreshBrew Coffee 250g
2025-07-11,STR006,SKU1004,551,GlowSkin Face Wash 100ml
2025-07-11,STR006,SKU1005,919,PureClean Detergent 1kg
2025-07-11,STR007,SKU1001,709,Alpine Spring Water 1L
2025-07-11,STR007,SKU1002,669,CrispLite Potato Chips
2025-07-11,STR007,SKU1003,655,FreshBrew Coffee 250g
2025-07-11,STR007,SKU1004,500,GlowSkin Face Wash 100ml
2025-07-11,STR007,SKU1005,910,PureClean Detergent 1kg
2025-07-11,STR008,SKU1001,541,Alpine Spring Water 1L
2025-07-11,STR008,SKU1002,565,CrispLite Potato Chips
2025-07-11,STR008,SKU1003,664,FreshBrew Coffee 250g
2025-07-11,STR008,SKU1004,876,GlowSkin Face Wash 100ml
2025-07-11,STR008,SKU1005,843,PureClean Detergent 1kg
2025-07-11,STR009,SKU1001,720,Alpine Spring Water 1L
2025-07-11,STR009,SKU1002,629,CrispLite Potato Chips
2025-07-11,STR009,SKU1003,726,FreshBrew Coffee 250g
2025-07-11,STR009,SKU1004,574,GlowSkin Face Wash 100ml
2025-07-11,STR009,SKU1005,883,PureClean Detergent 1kg
2025-07-11,STR010,SKU1001,870,Alpine Spring Water 1L
2025-07-11,STR010,SKU1002,577,CrispLite Potato Chips
2025-07-11,STR010,SKU1003,778,FreshBrew Coffee 250g
2025-07-11,STR010,SKU1004,708,GlowSkin Face Wash 100ml
2025-07-11,STR010,SKU1005,732,PureClean Detergent 1kg
2025-07-12,STR001,SKU1001,233,Alpine Spring Water 1L
2025-07-12,STR001,SKU1002,248,CrispLite Potato Chips
2025-07-12,STR001,SKU1003,196,FreshBrew Coffee 250g
2025-07-12,STR001,SKU1004,267,GlowSkin Face Wash 100ml
2025-07-12,STR001,SKU1005,273,PureClean Detergent 1kg
2025-07-12,STR002,SKU1001,323,Alpine Spring Water 1L
2025-07-12,STR002,SKU1002,306,CrispLite Potato Chips
2025-07-12,STR002,SKU1003,392,FreshBrew Coffee 250g
2025-07-12,STR002,SKU1004,397,GlowSkin Face Wash 100ml
2025-07-12,STR002,SKU1005,343,PureClean Detergent 1kg
2025-07-12,STR003,SKU1001,373,Alpine Spring Water 1L
2025-07-12,STR003,SKU1002,327,CrispLite Potato Chips
2025-07-12,STR003,SKU1003,364,FreshBrew Coffee 250g
2025-07-12,STR003,SKU1004,275,GlowSkin Face Wash 100ml
2025-07-12,STR003,SKU1005,225,PureClean Detergent 1kg
2025-07-12,STR004,SKU1001,1085,Alpine Spring Water 1L
2025-07-12,STR004,SKU1002,989,CrispLite Potato Chips
2025-07-12,STR004,SKU1003,1616,FreshBrew Coffee 250g
2025-07-12,STR004,SKU1004,1485,GlowSkin Face Wash 100ml
2025-07-12,STR004,SKU1005,1931,PureClean Detergent 1kg
2025-07-12,STR005,SKU1001,1509,Alpine Spring Water 1L
2025-07-12,STR005,SKU1002,1978,CrispLite Potato Chips
2025-07-12,STR005,SKU1003,1318,FreshBrew Coffee 250g
2025-07-12,STR005,SKU1004,1978,GlowSkin Face Wash 100ml
2025-07-12,STR005,SKU1005,913,PureClean Detergent 1kg
2025-07-12,STR006,SKU1001,640,Alpine Spring Water 1L
2025-07-12,STR006,SKU1002,857,CrispLite Potato Chips
2025-07-12,STR006,SKU1003,628,FreshBrew Coffee 250g
2025-07-12,STR006,SKU1004,607,GlowSkin Face Wash 100ml
2025-07-12,STR006,SKU1005,850,PureClean Detergent 1kg
2025-07-12,STR007,SKU1001,740,Alpine Spring Water 1L
2025-07-12,STR007,SKU1002,881,CrispLite Potato Chips
2025-07-12,STR007,SKU1003,531,FreshBrew Coffee 250g
2025-07-12,STR007,SKU1004,647,GlowSkin Face Wash 100ml
2025-07-12,STR007,SKU1005,832,PureClean Detergent 1kg
2025-07-12,STR008,SKU1001,836,Alpine Spring Water 1L
2025-07-12,STR008,SKU1002,744,CrispLite Potato Chips
2025-07-12,STR008,SKU1003,867,FreshBrew Coffee 250g
2025-07-12,STR008,SKU1004,629,GlowSkin Face Wash 100ml
2025-07-12,STR008,SKU1005,633,PureClean Detergent 1kg
2025-07-12,STR009,SKU1001,494,Alpine Spring Water 1L
2025-07-12,STR009,SKU1002,818,CrispLite Potato Chips
2025-07-12,STR009,SKU1003,582,FreshBrew Coffee 250g
2025-07-12,STR009,SKU1004,879,GlowSkin Face Wash 100ml
2025-07-12,STR009,SKU1005,739,PureClean Detergent 1kg
2025-07-12,STR010,SKU1001,804,Alpine Spring Water 1L
2025-07-12,STR010,SKU1002,834,CrispLite Potato Chips
2025-07-12,STR010,SKU1003,628,FreshBrew Coffee 250g
2025-07-12,STR010,SKU1004,875,GlowSkin Face Wash 100ml
2025-07-12,STR010,SKU1005,524,PureClean Detergent 1kg
2025-07-13,STR001,SKU1001,290,Alpine Spring Water 1L
2025-07-13,STR001,SKU1002,255,CrispLite Potato Chips
2025-07-13,STR001,SKU1003,342,FreshBrew Coffee 250g
2025-07-13,STR001,SKU1004,267,GlowSkin Face Wash 100ml
2025-07-13,STR001,SKU1005,306,PureClean Detergent 1kg
2025-07-13,STR002,SKU1001,239,Alpine Spring Water 1L
2025-07-13,STR002,SKU1002,319,CrispLite Potato Chips
2025-07-13,STR002,SKU1003,308,FreshBrew Coffee 250g
2025-07-13,STR002,SKU1004,266,GlowSkin Face Wash 100ml
2025-07-13,STR002,SKU1005,358,PureClean Detergent 1kg
2025-07-13,STR003,SKU1001,396,Alpine Spring Water 1L
2025-07-13,STR003,SKU1002,249,CrispLite Potato Chips
2025-07-13,STR003,SKU1003,311,FreshBrew Coffee 250g
2025-07-13,STR003,SKU1004,246,GlowSkin Face Wash 100ml
2025-07-13,STR003,SKU1005,392,PureClean Detergent 1kg
2025-07-13,STR004,SKU1001,1612,Alpine Spring Water 1L
2025-07-13,STR004,SKU1002,1277,CrispLite Potato Chips
2025-07-13,STR004,SKU1003,1644,FreshBrew Coffee 250g
2025-07-13,STR004,SKU1004,1413,GlowSkin Face Wash 100ml
2025-07-13,STR004,SKU1005,1678,PureClean Detergent 1kg
2025-07-13,STR005,SKU1001,1431,Alpine Spring Water 1L
2025-07-13,STR005,SKU1002,1607,CrispLite Potato Chips
2025-07-13,STR005,SKU1003,1985,FreshBrew Coffee 250g
2025-07-13,STR005,SKU1004,1093,GlowSkin Face Wash 100ml
2025-07-13,STR005,SKU1005,1436,PureClean Detergent 1kg
2025-07-13,STR006,SKU1001,815,Alpine Spring Water 1L
2025-07-13,STR006,SKU1002,610,CrispLite Potato Chips
2025-07-13,STR006,SKU1003,473,FreshBrew Coffee 250g
2025-07-13,STR006,SKU1004,655,GlowSkin Face Wash 100ml
2025-07-13,STR006,SKU1005,849,PureClean Detergent 1kg
2025-07-13,STR007,SKU1001,886,Alpine Spring Water 1L
2025-07-13,STR007,SKU1002,861,CrispLite Potato Chips
2025-07-13,STR007,SKU1003,911,FreshBrew Coffee 250g
2025-07-13,STR007,SKU1004,657,GlowSkin Face Wash 100ml
2025-07-13,STR007,SKU1005,623,PureClean Detergent 1kg
2025-07-13,STR008,SKU1001,748,Alpine Spring Water 1L
2025-07-13,STR008,SKU1002,573,CrispLite Potato Chips
2025-07-13,STR008,SKU1003,835,FreshBrew Coffee 250g
2025-07-13,STR008,SKU1004,615,GlowSkin Face Wash 100ml
2025-07-13,STR008,SKU1005,589,PureClean Detergent 1kg
2025-07-13,STR009,SKU1001,776,Alpine Spring Water 1L
2025-07-13,STR009,SKU1002,784,CrispLite Potato Chips
2025-07-13,STR009,SKU1003,547,FreshBrew Coffee 250g
2025-07-13,STR009,SKU1004,543,GlowSkin Face Wash 100ml
2025-07-13,STR009,SKU1005,856,PureClean Detergent 1kg
2025-07-13,STR010,SKU1001,664,Alpine Spring Water 1L
2025-07-13,STR010,SKU1002,528,CrispLite Potato Chips
2025-07-13,STR010,SKU1003,850,FreshBrew Coffee 250g
2025-07-13,STR010,SKU1004,833,GlowSkin Face Wash 100ml
2025-07-13,STR010,SKU1005,689,PureClean Detergent 1kg
2025-07-14,STR001,SKU1001,310,Alpine Spring Water 1L
2025-07-14,STR001,SKU1002,307,CrispLite Potato Chips
2025-07-14,STR001,SKU1003,259,FreshBrew Coffee 250g
2025-07-14,STR001,SKU1004,304,GlowSkin Face Wash 100ml
2025-07-14,STR001,SKU1005,261,PureClean Detergent 1kg
2025-07-14,STR002,SKU1001,313,Alpine Spring Water 1L
2025-07-14,STR002,SKU1002,270,CrispLite Potato Chips
2025-07-14,STR002,SKU1003,289,FreshBrew Coffee 250g
2025-07-14,STR002,SKU1004,253,GlowSkin Face Wash 100ml
2025-07-14,STR002,SKU1005,237,PureClean Detergent 1kg
2025-07-14,STR003,SKU1001,222,Alpine Spring Water 1L
2025-07-14,STR003,SKU1002,203,CrispLite Potato Chips
2025-07-14,STR003,SKU1003,310,FreshBrew Coffee 250g
2025-07-14,STR003,SKU1004,292,GlowSkin Face Wash 100ml
2025-07-14,STR003,SKU1005,374,PureClean Detergent 1kg
2025-07-14,STR004,SKU1001,1938,Alpine Spring Water 1L
2025-07-14,STR004,SKU1002,962,CrispLite Potato Chips
2025-07-14,STR004,SKU1003,1903,FreshBrew Coffee 250g
2025-07-14,STR004,SKU1004,1437,GlowSkin Face Wash 100ml
2025-07-14,STR004,SKU1005,1958,PureClean Detergent 1kg
2025-07-14,STR005,SKU1001,1530,Alpine Spring Water 1L
2025-07-14,STR005,SKU1002,1344,CrispLite Potato Chips
2025-07-14,STR005,SKU1003,1280,FreshBrew Coffee 250g
2025-07-14,STR005,SKU1004,1328,GlowSkin Face Wash 100ml
2025-07-14,STR005,SKU1005,1733,PureClean Detergent 1kg
2025-07-14,STR006,SKU1001,812,Alpine Spring Water 1L
2025-07-14,STR006,SKU1002,727,CrispLite Potato Chips
2025-07-14,STR006,SKU1003,623,FreshBrew Coffee 250g
2025-07-14,STR006,SKU1004,754,GlowSkin Face Wash 100ml
2025-07-14,STR006,SKU1005,931,PureClean Detergent 1kg
2025-07-14,STR007,SKU1001,822,Alpine Spring Water 1L
2025-07-14,STR007,SKU1002,629,CrispLite Potato Chips
2025-07-14,STR007,SKU1003,873,FreshBrew Coffee 250g
2025-07-14,STR007,SKU1004,664,GlowSkin Face Wash 100ml
2025-07-14,STR007,SKU1005,554,PureClean Detergent 1kg
2025-07-14,STR008,SKU1001,708,Alpine Spring Water 1L
2025-07-14,STR008,SKU1002,835,CrispLite Potato Chips
2025-07-14,STR008,SKU1003,664,FreshBrew Coffee 250g
2025-07-14,STR008,SKU1004,543,GlowSkin Face Wash 100ml
2025-07-14,STR008,SKU1005,640,PureClean Detergent 1kg
2025-07-14,STR009,SKU1001,913,Alpine Spring Water 1L
2025-07-14,STR009,SKU1002,578,CrispLite Potato Chips
2025-07-14,STR009,SKU1003,879,FreshBrew Coffee 250g
2025-07-14,STR009,SKU1004,868,GlowSkin Face Wash 100ml
2025-07-14,STR009,SKU1005,692,PureClean Detergent 1kg
2025-07-14,STR010,SKU1001,582,Alpine Spring Water 1L
2025-07-14,STR010,SKU1002,867,CrispLite Potato Chips
2025-07-14,STR010,SKU1003,786,FreshBrew Coffee 250g
2025-07-14,STR010,SKU1004,695,GlowSkin Face Wash 100ml
2025-07-14,STR010,SKU1005,724,PureClean Detergent 1kg
2025-07-15,STR001,SKU1001,335,Alpine Spring Water 1L
2025-07-15,STR001,SKU1002,267,CrispLite Potato Chips
2025-07-15,STR001,SKU1003,377,FreshBrew Coffee 250g
2025-07-15,STR001,SKU1004,375,GlowSkin Face Wash 100ml
2025-07-15,STR001,SKU1005,207,PureClean Detergent 1kg
2025-07-15,STR002,SKU1001,285,Alpine Spring Water 1L
2025-07-15,STR002,SKU1002,381,CrispLite Potato Chips
2025-07-15,STR002,SKU1003,404,FreshBrew Coffee 250g
2025-07-15,STR002,SKU1004,319,GlowSkin Face Wash 100ml
2025-07-15,STR002,SKU1005,373,PureClean Detergent 1kg
2025-07-15,STR003,SKU1001,255,Alpine Spring Water 1L
2025-07-15,STR003,SKU1002,325,CrispLite Potato Chips
2025-07-15,STR003,SKU1003,368,FreshBrew Coffee 250g
2025-07-15,STR003,SKU1004,294,GlowSkin Face Wash 100ml
2025-07-15,STR003,SKU1005,230,PureClean Detergent 1kg
2025-07-15,STR004,SKU1001,1567,Alpine Spring Water 1L
2025-07-15,STR004,SKU1002,1938,CrispLite Potato Chips
2025-07-15,STR004,SKU1003,1503,FreshBrew Coffee 250g
2025-07-15,STR004,SKU1004,1040,GlowSkin Face Wash 100ml
2025-07-15,STR004,SKU1005,1406,PureClean Detergent 1kg
2025-07-15,STR005,SKU1001,1211,Alpine Spring Water 1L
2025-07-15,STR005,SKU1002,1255,CrispLite Potato Chips
2025-07-15,STR005,SKU1003,1788,FreshBrew Coffee 250g
2025-07-15,STR005,SKU1004,1724,GlowSkin Face Wash 100ml
2025-07-15,STR005,SKU1005,2097,PureClean Detergent 1kg
2025-07-15,STR006,SKU1001,785,Alpine Spring Water 1L
2025-07-15,STR006,SKU1002,579,CrispLite Potato Chips
2025-07-15,STR006,SKU1003,606,FreshBrew Coffee 250g
2025-07-15,STR006,SKU1004,558,GlowSkin Face Wash 100ml
2025-07-15,STR006,SKU1005,845,PureClean Detergent 1kg
2025-07-15,STR007,SKU1001,624,Alpine Spring Water 1L
2025-07-15,STR007,SKU1002,792,CrispLite Potato Chips
2025-07-15,STR007,SKU1003,926,FreshBrew Coffee 250g
2025-07-15,STR007,SKU1004,677,GlowSkin Face Wash 100ml
2025-07-15,STR007,SKU1005,951,PureClean Detergent 1kg
2025-07-15,STR008,SKU1001,817,Alpine Spring Water 1L
2025-07-15,STR008,SKU1002,539,CrispLite Potato Chips
2025-07-15,STR008,SKU1003,754,FreshBrew Coffee 250g
2025-07-15,STR008,SKU1004,694,GlowSkin Face Wash 100ml
2025-07-15,STR008,SKU1005,624,PureClean Detergent 1kg
2025-07-15,STR009,SKU1001,523,Alpine Spring Water 1L
2025-07-15,STR009,SKU1002,728,CrispLite Potato Chips
2025-07-15,STR009,SKU1003,461,FreshBrew Coffee 250g
2025-07-15,STR009,SKU1004,830,GlowSkin Face Wash 100ml
2025-07-15,STR009,SKU1005,471,PureClean Detergent 1kg
2025-07-15,STR010,SKU1001,740,Alpine Spring Water 1L
2025-07-15,STR010,SKU1002,589,CrispLite Potato Chips
2025-07-15,STR010,SKU1003,483,FreshBrew Coffee 250g
2025-07-15,STR010,SKU1004,789,GlowSkin Face Wash 100ml
2025-07-15,STR010,SKU1005,808,PureClean Detergent 1kg
2025-07-16,STR001,SKU1001,327,Alpine Spring Water 1L
2025-07-16,STR001,SKU1002,253,CrispLite Potato Chips
2025-07-16,STR001,SKU1003,307,FreshBrew Coffee 250g
2025-07-16,STR001,SKU1004,286,GlowSkin Face Wash 100ml
2025-07-16,STR001,SKU1005,229,PureClean Detergent 1kg
2025-07-16,STR002,SKU1001,370,Alpine Spring Water 1L
2025-07-16,STR002,SKU1002,261,CrispLite Potato Chips
2025-07-16,STR002,SKU1003,333,FreshBrew Coffee 250g
2025-07-16,STR002,SKU1004,321,GlowSkin Face Wash 100ml
2025-07-16,STR002,SKU1005,211,PureClean Detergent 1kg
2025-07-16,STR003,SKU1001,230,Alpine Spring Water 1L
2025-07-16,STR003,SKU1002,220,CrispLite Potato Chips
2025-07-16,STR003,SKU1003,221,FreshBrew Coffee 250g
2025-07-16,STR003,SKU1004,205,GlowSkin Face Wash 100ml
2025-07-16,STR003,SKU1005,309,PureClean Detergent 1kg
2025-07-16,STR004,SKU1001,1778,Alpine Spring Water 1L
2025-07-16,STR004,SKU1002,1882,CrispLite Potato Chips
2025-07-16,STR004,SKU1003,1111,FreshBrew Coffee 250g
2025-07-16,STR004,SKU1004,1040,GlowSkin Face Wash 100ml
2025-07-16,STR004,SKU1005,1105,PureClean Detergent 1kg
2025-07-16,STR005,SKU1001,949,Alpine Spring Water 1L
2025-07-16,STR005,SKU1002,1728,CrispLite Potato Chips
2025-07-16,STR005,SKU1003,2018,FreshBrew Coffee 250g
2025-07-16,STR005,SKU1004,1573,GlowSkin Face Wash 100ml
2025-07-16,STR005,SKU1005,1633,PureClean Detergent 1kg
2025-07-16,STR006,SKU1001,885,Alpine Spring Water 1L
2025-07-16,STR006,SKU1002,542,CrispLite Potato Chips
2025-07-16,STR006,SKU1003,751,FreshBrew Coffee 250g
2025-07-16,STR006,SKU1004,717,GlowSkin Face Wash 100ml
2025-07-16,STR006,SKU1005,568,PureClean Detergent 1kg
2025-07-16,STR007,SKU1001,748,Alpine Spring Water 1L
2025-07-16,STR007,SKU1002,897,CrispLite Potato Chips
2025-07-16,STR007,SKU1003,694,FreshBrew Coffee 250g
2025-07-16,STR007,SKU1004,524,GlowSkin Face Wash 100ml
2025-07-16,STR007,SKU1005,833,PureClean Detergent 1kg
2025-07-16,STR008,SKU1001,818,Alpine Spring Water 1L
2025-07-16,STR008,SKU1002,776,CrispLite Potato Chips
2025-07-16,STR008,SKU1003,508,FreshBrew Coffee 250g
2025-07-16,STR008,SKU1004,765,GlowSkin Face Wash 100ml
2025-07-16,STR008,SKU1005,505,PureClean Detergent 1kg
2025-07-16,STR009,SKU1001,630,Alpine Spring Water 1L
2025-07-16,STR009,SKU1002,852,CrispLite Potato Chips
2025-07-16,STR009,SKU1003,866,FreshBrew Coffee 250g
2025-07-16,STR009,SKU1004,537,GlowSkin Face Wash 100ml
2025-07-16,STR009,SKU1005,726,PureClean Detergent 1kg
2025-07-16,STR010,SKU1001,583,Alpine Spring Water 1L
2025-07-16,STR010,SKU1002,783,CrispLite Potato Chips
2025-07-16,STR010,SKU1003,717,FreshBrew Coffee 250g
2025-07-16,STR010,SKU1004,766,GlowSkin Face Wash 100ml
2025-07-16,STR010,SKU1005,921,PureClean Detergent 1kg
2025-07-17,STR001,SKU1001,344,Alpine Spring Water 1L
2025-07-17,STR001,SKU1002,270,CrispLite Potato Chips
2025-07-17,STR001,SKU1003,245,FreshBrew Coffee 250g
2025-07-17,STR001,SKU1004,342,GlowSkin Face Wash 100ml
2025-07-17,STR001,SKU1005,260,PureClean Detergent 1kg
2025-07-17,STR002,SKU1001,302,Alpine Spring Water 1L
2025-07-17,STR002,SKU1002,220,CrispLite Potato Chips
2025-07-17,STR002,SKU1003,226,FreshBrew Coffee 250g
2025-07-17,STR002,SKU1004,308,GlowSkin Face Wash 100ml
2025-07-17,STR002,SKU1005,373,PureClean Detergent 1kg
2025-07-17,STR003,SKU1001,298,Alpine Spring Water 1L
2025-07-17,STR003,SKU1002,212,CrispLite Potato Chips
2025-07-17,STR003,SKU1003,249,FreshBrew Coffee 250g
2025-07-17,STR003,SKU1004,394,GlowSkin Face Wash 100ml
2025-07-17,STR003,SKU1005,287,PureClean Detergent 1kg
2025-07-17,STR004,SKU1001,1962,Alpine Spring Water 1L
2025-07-17,STR004,SKU1002,1725,CrispLite Potato Chips
2025-07-17,STR004,SKU1003,1296,FreshBrew Coffee 250g
2025-07-17,STR004,SKU1004,1197,GlowSkin Face Wash 100ml
2025-07-17,STR004,SKU1005,1897,PureClean Detergent 1kg
2025-07-17,STR005,SKU1001,1640,Alpine Spring Water 1L
2025-07-17,STR005,SKU1002,1854,CrispLite Potato Chips
2025-07-17,STR005,SKU1003,1480,FreshBrew Coffee 250g
2025-07-17,STR005,SKU1004,1808,GlowSkin Face Wash 100ml
2025-07-17,STR005,SKU1005,1645,PureClean Detergent 1kg
2025-07-17,STR006,SKU1001,559,Alpine Spring Water 1L
2025-07-17,STR006,SKU1002,660,CrispLite Potato Chips
2025-07-17,STR006,SKU1003,849,FreshBrew Coffee 250g
2025-07-17,STR006,SKU1004,537,GlowSkin Face Wash 100ml
2025-07-17,STR006,SKU1005,740,PureClean Detergent 1kg
2025-07-17,STR007,SKU1001,674,Alpine Spring Water 1L
2025-07-17,STR007,SKU1002,825,CrispLite Potato Chips
2025-07-17,STR007,SKU1003,551,FreshBrew Coffee 250g
2025-07-17,STR007,SKU1004,807,GlowSkin Face Wash 100ml
2025-07-17,STR007,SKU1005,582,PureClean Detergent 1kg
2025-07-17,STR008,SKU1001,643,Alpine Spring Water 1L
2025-07-17,STR008,SKU1002,845,CrispLite Potato Chips
2025-07-17,STR008,SKU1003,766,FreshBrew Coffee 250g
2025-07-17,STR008,SKU1004,635,GlowSkin Face Wash 100ml
2025-07-17,STR008,SKU1005,869,PureClean Detergent 1kg
2025-07-17,STR009,SKU1001,578,Alpine Spring Water 1L
2025-07-17,STR009,SKU1002,503,CrispLite Potato Chips
2025-07-17,STR009,SKU1003,709,FreshBrew Coffee 250g
2025-07-17,STR009,SKU1004,626,GlowSkin Face Wash 100ml
2025-07-17,STR009,SKU1005,857,PureClean Detergent 1kg
2025-07-17,STR010,SKU1001,626,Alpine Spring Water 1L
2025-07-17,STR010,SKU1002,669,CrispLite Potato Chips
2025-07-17,STR010,SKU1003,728,FreshBrew Coffee 250g
2025-07-17,STR010,SKU1004,861,GlowSkin Face Wash 100ml
2025-07-17,STR010,SKU1005,477,PureClean Detergent 1kg
2025-07-18,STR001,SKU1001,303,Alpine Spring Water 1L
2025-07-18,STR001,SKU1002,354,CrispLite Potato Chips
2025-07-18,STR001,SKU1003,365,FreshBrew Coffee 250g
2025-07-18,STR001,SKU1004,370,GlowSkin Face Wash 100ml
2025-07-18,STR001,SKU1005,316,PureClean Detergent 1kg
2025-07-18,STR002,SKU1001,246,Alpine Spring Water 1L
2025-07-18,STR002,SKU1002,360,CrispLite Potato Chips
2025-07-18,STR002,SKU1003,369,FreshBrew Coffee 250g
2025-07-18,STR002,SKU1004,214,GlowSkin Face Wash 100ml
2025-07-18,STR002,SKU1005,209,PureClean Detergent 1kg
2025-07-18,STR003,SKU1001,318,Alpine Spring Water 1L
2025-07-18,STR003,SKU1002,254,CrispLite Potato Chips
2025-07-18,STR003,SKU1003,234,FreshBrew Coffee 250g
2025-07-18,STR003,SKU1004,271,GlowSkin Face Wash 100ml
2025-07-18,STR003,SKU1005,389,PureClean Detergent 1kg
2025-07-18,STR004,SKU1001,1574,Alpine Spring Water 1L
2025-07-18,STR004,SKU1002,1258,CrispLite Potato Chips
2025-07-18,STR004,SKU1003,1322,FreshBrew Coffee 250g
2025-07-18,STR004,SKU1004,1922,GlowSkin Face Wash 100ml
2025-07-18,STR004,SKU1005,1371,PureClean Detergent 1kg
2025-07-18,STR005,SKU1001,1697,Alpine Spring Water 1L
2025-07-18,STR005,SKU1002,1590,CrispLite Potato Chips
2025-07-18,STR005,SKU1003,1469,FreshBrew Coffee 250g
2025-07-18,STR005,SKU1004,1432,GlowSkin Face Wash 100ml
2025-07-18,STR005,SKU1005,1368,PureClean Detergent 1kg
2025-07-18,STR006,SKU1001,776,Alpine Spring Water 1L
2025-07-18,STR006,SKU1002,704,CrispLite Potato Chips
2025-07-18,STR006,SKU1003,546,FreshBrew Coffee 250g
2025-07-18,STR006,SKU1004,851,GlowSkin Face Wash 100ml
2025-07-18,STR006,SKU1005,657,PureClean Detergent 1kg
2025-07-18,STR007,SKU1001,812,Alpine Spring Water 1L
2025-07-18,STR007,SKU1002,908,CrispLite Potato Chips
2025-07-18,STR007,SKU1003,809,FreshBrew Coffee 250g
2025-07-18,STR007,SKU1004,823,GlowSkin Face Wash 100ml
2025-07-18,STR007,SKU1005,813,PureClean Detergent 1kg
2025-07-18,STR008,SKU1001,597,Alpine Spring Water 1L
2025-07-18,STR008,SKU1002,709,CrispLite Potato Chips
2025-07-18,STR008,SKU1003,709,FreshBrew Coffee 250g
2025-07-18,STR008,SKU1004,777,GlowSkin Face Wash 100ml
2025-07-18,STR008,SKU1005,550,PureClean Detergent 1kg
2025-07-18,STR009,SKU1001,870,Alpine Spring Water 1L
2025-07-18,STR009,SKU1002,842,CrispLite Potato Chips
2025-07-18,STR009,SKU1003,663,FreshBrew Coffee 250g
2025-07-18,STR009,SKU1004,861,GlowSkin Face Wash 100ml
2025-07-18,STR009,SKU1005,702,PureClean Detergent 1kg
2025-07-18,STR010,SKU1001,840,Alpine Spring Water 1L
2025-07-18,STR010,SKU1002,468,CrispLite Potato Chips
2025-07-18,STR010,SKU1003,559,FreshBrew Coffee 250g
2025-07-18,STR010,SKU1004,722,GlowSkin Face Wash 100ml
2025-07-18,STR010,SKU1005,566,PureClean Detergent 1kg
2025-07-19,STR001,SKU1001,225,Alpine Spring Water 1L
2025-07-19,STR001,SKU1002,259,CrispLite Potato Chips
2025-07-19,STR001,SKU1003,369,FreshBrew Coffee 250g
2025-07-19,STR001,SKU1004,287,GlowSkin Face Wash 100ml
2025-07-19,STR001,SKU1005,194,PureClean Detergent 1kg
2025-07-19,STR002,SKU1001,225,Alpine Spring Water 1L
2025-07-19,STR002,SKU1002,328,CrispLite Potato Chips
2025-07-19,STR002,SKU1003,286,FreshBrew Coffee 250g
2025-07-19,STR002,SKU1004,270,GlowSkin Face Wash 100ml
2025-07-19,STR002,SKU1005,291,PureClean Detergent 1kg
2025-07-19,STR003,SKU1001,208,Alpine Spring Water 1L
2025-07-19,STR003,SKU1002,375,CrispLite Potato Chips
2025-07-19,STR003,SKU1003,320,FreshBrew Coffee 250g
2025-07-19,STR003,SKU1004,408,GlowSkin Face Wash 100ml
2025-07-19,STR003,SKU1005,274,PureClean Detergent 1kg
2025-07-19,STR004,SKU1001,1626,Alpine Spring Water 1L
2025-07-19,STR004,SKU1002,963,CrispLite Potato Chips
2025-07-19,STR004,SKU1003,1298,FreshBrew Coffee 250g
2025-07-19,STR004,SKU1004,2079,GlowSkin Face Wash 100ml
2025-07-19,STR004,SKU1005,2006,PureClean Detergent 1kg
2025-07-19,STR005,SKU1001,1911,Alpine Spring Water 1L
2025-07-19,STR005,SKU1002,1359,CrispLite Potato Chips
2025-07-19,STR005,SKU1003,1164,FreshBrew Coffee 250g
2025-07-19,STR005,SKU1004,2010,GlowSkin Face Wash 100ml
2025-07-19,STR005,SKU1005,995,PureClean Detergent 1kg
2025-07-19,STR006,SKU1001,711,Alpine Spring Water 1L
2025-07-19,STR006,SKU1002,811,CrispLite Potato Chips
2025-07-19,STR006,SKU1003,579,FreshBrew Coffee 250g
2025-07-19,STR006,SKU1004,855,GlowSkin Face Wash 100ml
2025-07-19,STR006,SKU1005,869,PureClean Detergent 1kg
2025-07-19,STR007,SKU1001,631,Alpine Spring Water 1L
2025-07-19,STR007,SKU1002,837,CrispLite Potato Chips
2025-07-19,STR007,SKU1003,596,FreshBrew Coffee 250g
2025-07-19,STR007,SKU1004,589,GlowSkin Face Wash 100ml
2025-07-19,STR007,SKU1005,728,PureClean Detergent 1kg
2025-07-19,STR008,SKU1001,808,Alpine Spring Water 1L
2025-07-19,STR008,SKU1002,685,CrispLite Potato Chips
2025-07-19,STR008,SKU1003,718,FreshBrew Coffee 250g
2025-07-19,STR008,SKU1004,870,GlowSkin Face Wash 100ml
2025-07-19,STR008,SKU1005,565,PureClean Detergent 1kg
2025-07-19,STR009,SKU1001,640,Alpine Spring Water 1L
2025-07-19,STR009,SKU1002,866,CrispLite Potato Chips
2025-07-19,STR009,SKU1003,856,FreshBrew Coffee 250g
2025-07-19,STR009,SKU1004,728,GlowSkin Face Wash 100ml
2025-07-19,STR009,SKU1005,676,PureClean Detergent 1kg
2025-07-19,STR010,SKU1001,653,Alpine Spring Water 1L
2025-07-19,STR010,SKU1002,636,CrispLite Potato Chips
2025-07-19,STR010,SKU1003,803,FreshBrew Coffee 250g
2025-07-19,STR010,SKU1004,523,GlowSkin Face Wash 100ml
2025-07-19,STR010,SKU1005,884,PureClean Detergent 1kg
2025-07-20,STR001,SKU1001,316,Alpine Spring Water 1L
2025-07-20,STR001,SKU1002,353,CrispLite Potato Chips
2025-07-20,STR001,SKU1003,365,FreshBrew Coffee 250g
2025-07-20,STR001,SKU1004,290,GlowSkin Face Wash 100ml
2025-07-20,STR001,SKU1005,277,PureClean Detergent 1kg
2025-07-20,STR002,SKU1001,229,Alpine Spring Water 1L
2025-07-20,STR002,SKU1002,215,CrispLite Potato Chips
2025-07-20,STR002,SKU1003,360,FreshBrew Coffee 250g
2025-07-20,STR002,SKU1004,213,GlowSkin Face Wash 100ml
2025-07-20,STR002,SKU1005,310,PureClean Detergent 1kg
2025-07-20,STR003,SKU1001,300,Alpine Spring Water 1L
2025-07-20,STR003,SKU1002,277,CrispLite Potato Chips
2025-07-20,STR003,SKU1003,353,FreshBrew Coffee 250g
2025-07-20,STR003,SKU1004,271,GlowSkin Face Wash 100ml
2025-07-20,STR003,SKU1005,266,PureClean Detergent 1kg
2025-07-20,STR004,SKU1001,1157,Alpine Spring Water 1L
2025-07-20,STR004,SKU1002,1909,CrispLite Potato Chips
2025-07-20,STR004,SKU1003,1242,FreshBrew Coffee 250g
2025-07-20,STR004,SKU1004,1990,GlowSkin Face Wash 100ml
2025-07-20,STR004,SKU1005,1208,PureClean Detergent 1kg
2025-07-20,STR005,SKU1001,1821,Alpine Spring Water 1L
2025-07-20,STR005,SKU1002,927,CrispLite Potato Chips
2025-07-20,STR005,SKU1003,1961,FreshBrew Coffee 250g
2025-07-20,STR005,SKU1004,1922,GlowSkin Face Wash 100ml
2025-07-20,STR005,SKU1005,1625,PureClean Detergent 1kg
2025-07-20,STR006,SKU1001,660,Alpine Spring Water 1L
2025-07-20,STR006,SKU1002,778,CrispLite Potato Chips
2025-07-20,STR006,SKU1003,697,FreshBrew Coffee 250g
2025-07-20,STR006,SKU1004,819,GlowSkin Face Wash 100ml
2025-07-20,STR006,SKU1005,721,PureClean Detergent 1kg
2025-07-20,STR007,SKU1001,915,Alpine Spring Water 1L
2025-07-20,STR007,SKU1002,494,CrispLite Potato Chips
2025-07-20,STR007,SKU1003,886,FreshBrew Coffee 250g
2025-07-20,STR007,SKU1004,671,GlowSkin Face Wash 100ml
2025-07-20,STR007,SKU1005,603,PureClean Detergent 1kg
2025-07-20,STR008,SKU1001,582,Alpine Spring Water 1L
2025-07-20,STR008,SKU1002,713,CrispLite Potato Chips
2025-07-20,STR008,SKU1003,543,FreshBrew Coffee 250g
2025-07-20,STR008,SKU1004,570,GlowSkin Face Wash 100ml
2025-07-20,STR008,SKU1005,512,PureClean Detergent 1kg
2025-07-20,STR009,SKU1001,862,Alpine Spring Water 1L
2025-07-20,STR009,SKU1002,690,CrispLite Potato Chips
2025-07-20,STR009,SKU1003,862,FreshBrew Coffee 250g
2025-07-20,STR009,SKU1004,635,GlowSkin Face Wash 100ml
2025-07-20,STR009,SKU1005,564,PureClean Detergent 1kg
2025-07-20,STR010,SKU1001,552,Alpine Spring Water 1L
2025-07-20,STR010,SKU1002,851,CrispLite Potato Chips
2025-07-20,STR010,SKU1003,643,FreshBrew Coffee 250g
2025-07-20,STR010,SKU1004,526,GlowSkin Face Wash 100ml
2025-07-20,STR010,SKU1005,874,PureClean Detergent 1kg
2025-07-21,STR001,SKU1001,278,Alpine Spring Water 1L
2025-07-21,STR001,SKU1002,360,CrispLite Potato Chips
2025-07-21,STR001,SKU1003,388,FreshBrew Coffee 250g
2025-07-21,STR001,SKU1004,195,GlowSkin Face Wash 100ml
2025-07-21,STR001,SKU1005,205,PureClean Detergent 1kg
2025-07-21,STR002,SKU1001,380,Alpine Spring Water 1L
2025-07-21,STR002,SKU1002,269,CrispLite Potato Chips
2025-07-21,STR002,SKU1003,237,FreshBrew Coffee 250g
2025-07-21,STR002,SKU1004,218,GlowSkin Face Wash 100ml
2025-07-21,STR002,SKU1005,215,PureClean Detergent 1kg
2025-07-21,STR003,SKU1001,223,Alpine Spring Water 1L
2025-07-21,STR003,SKU1002,262,CrispLite Potato Chips
2025-07-21,STR003,SKU1003,354,FreshBrew Coffee 250g
2025-07-21,STR003,SKU1004,211,GlowSkin Face Wash 100ml
2025-07-21,STR003,SKU1005,229,PureClean Detergent 1kg
2025-07-21,STR004,SKU1001,1704,Alpine Spring Water 1L
2025-07-21,STR004,SKU1002,1228,CrispLite Potato Chips
2025-07-21,STR004,SKU1003,1439,FreshBrew Coffee 250g
2025-07-21,STR004,SKU1004,2019,GlowSkin Face Wash 100ml
2025-07-21,STR004,SKU1005,1494,PureClean Detergent 1kg
2025-07-21,STR005,SKU1001,1407,Alpine Spring Water 1L
2025-07-21,STR005,SKU1002,1860,CrispLite Potato Chips
2025-07-21,STR005,SKU1003,1578,FreshBrew Coffee 250g
2025-07-21,STR005,SKU1004,1838,GlowSkin Face Wash 100ml
2025-07-21,STR005,SKU1005,1370,PureClean Detergent 1kg
2025-07-21,STR006,SKU1001,924,Alpine Spring Water 1L
2025-07-21,STR006,SKU1002,695,CrispLite Potato Chips
2025-07-21,STR006,SKU1003,672,FreshBrew Coffee 250g
2025-07-21,STR006,SKU1004,863,GlowSkin Face Wash 100ml
2025-07-21,STR006,SKU1005,577,PureClean Detergent 1kg
2025-07-21,STR007,SKU1001,874,Alpine Spring Water 1L
2025-07-21,STR007,SKU1002,917,CrispLite Potato Chips
2025-07-21,STR007,SKU1003,744,FreshBrew Coffee 250g
2025-07-21,STR007,SKU1004,551,GlowSkin Face Wash 100ml
2025-07-21,STR007,SKU1005,826,PureClean Detergent 1kg
2025-07-21,STR008,SKU1001,860,Alpine Spring Water 1L
2025-07-21,STR008,SKU1002,919,CrispLite Potato Chips
2025-07-21,STR008,SKU1003,656,FreshBrew Coffee 250g
2025-07-21,STR008,SKU1004,514,GlowSkin Face Wash 100ml
2025-07-21,STR008,SKU1005,708,PureClean Detergent 1kg
2025-07-21,STR009,SKU1001,601,Alpine Spring Water 1L
2025-07-21,STR009,SKU1002,861,CrispLite Potato Chips
2025-07-21,STR009,SKU1003,723,FreshBrew Coffee 250g
2025-07-21,STR009,SKU1004,587,GlowSkin Face Wash 100ml
2025-07-21,STR009,SKU1005,580,PureClean Detergent 1kg
2025-07-21,STR010,SKU1001,697,Alpine Spring Water 1L
2025-07-21,STR010,SKU1002,592,CrispLite Potato Chips
2025-07-21,STR010,SKU1003,636,FreshBrew Coffee 250g
2025-07-21,STR010,SKU1004,639,GlowSkin Face Wash 100ml
2025-07-21,STR010,SKU1005,700,PureClean Detergent 1kg
2025-07-22,STR001,SKU1001,366,Alpine Spring Water 1L
2025-07-22,STR001,SKU1002,287,CrispLite Potato Chips
2025-07-22,STR001,SKU1003,230,FreshBrew Coffee 250g
2025-07-22,STR001,SKU1004,347,GlowSkin Face Wash 100ml
2025-07-22,STR001,SKU1005,285,PureClean Detergent 1kg
2025-07-22,STR002,SKU1001,364,Alpine Spring Water 1L
2025-07-22,STR002,SKU1002,293,CrispLite Potato Chips
2025-07-22,STR002,SKU1003,361,FreshBrew Coffee 250g
2025-07-22,STR002,SKU1004,292,GlowSkin Face Wash 100ml
2025-07-22,STR002,SKU1005,328,PureClean Detergent 1kg
2025-07-22,STR003,SKU1001,333,Alpine Spring Water 1L
2025-07-22,STR003,SKU1002,317,CrispLite Potato Chips
2025-07-22,STR003,SKU1003,377,FreshBrew Coffee 250g
2025-07-22,STR003,SKU1004,303,GlowSkin Face Wash 100ml
2025-07-22,STR003,SKU1005,252,PureClean Detergent 1kg
2025-07-22,STR004,SKU1001,1667,Alpine Spring Water 1L
2025-07-22,STR004,SKU1002,913,CrispLite Potato Chips
2025-07-22,STR004,SKU1003,1074,FreshBrew Coffee 250g
2025-07-22,STR004,SKU1004,1281,GlowSkin Face Wash 100ml
2025-07-22,STR004,SKU1005,1565,PureClean Detergent 1kg
2025-07-22,STR005,SKU1001,1622,Alpine Spring Water 1L
2025-07-22,STR005,SKU1002,1916,CrispLite Potato Chips
2025-07-22,STR005,SKU1003,1820,FreshBrew Coffee 250g
2025-07-22,STR005,SKU1004,1044,GlowSkin Face Wash 100ml
2025-07-22,STR005,SKU1005,1136,PureClean Detergent 1kg
2025-07-22,STR006,SKU1001,540,Alpine Spring Water 1L
2025-07-22,STR006,SKU1002,622,CrispLite Potato Chips
2025-07-22,STR006,SKU1003,852,FreshBrew Coffee 250g
2025-07-22,STR006,SKU1004,794,GlowSkin Face Wash 100ml
2025-07-22,STR006,SKU1005,844,PureClean Detergent 1kg
2025-07-22,STR007,SKU1001,626,Alpine Spring Water 1L
2025-07-22,STR007,SKU1002,660,CrispLite Potato Chips
2025-07-22,STR007,SKU1003,557,FreshBrew Coffee 250g
2025-07-22,STR007,SKU1004,483,GlowSkin Face Wash 100ml
2025-07-22,STR007,SKU1005,528,PureClean Detergent 1kg
2025-07-22,STR008,SKU1001,720,Alpine Spring Water 1L
2025-07-22,STR008,SKU1002,613,CrispLite Potato Chips
2025-07-22,STR008,SKU1003,639,FreshBrew Coffee 250g
2025-07-22,STR008,SKU1004,732,GlowSkin Face Wash 100ml
2025-07-22,STR008,SKU1005,673,PureClean Detergent 1kg
2025-07-22,STR009,SKU1001,809,Alpine Spring Water 1L
2025-07-22,STR009,SKU1002,610,CrispLite Potato Chips
2025-07-22,STR009,SKU1003,691,FreshBrew Coffee 250g
2025-07-22,STR009,SKU1004,591,GlowSkin Face Wash 100ml
2025-07-22,STR009,SKU1005,829,PureClean Detergent 1kg
2025-07-22,STR010,SKU1001,617,Alpine Spring Water 1L
2025-07-22,STR010,SKU1002,695,CrispLite Potato Chips
2025-07-22,STR010,SKU1003,605,FreshBrew Coffee 250g
2025-07-22,STR010,SKU1004,762,GlowSkin Face Wash 100ml
2025-07-22,STR010,SKU1005,925,PureClean Detergent 1kg
2025-07-23,STR001,SKU1001,258,Alpine Spring Water 1L
2025-07-23,STR001,SKU1002,371,CrispLite Potato Chips
2025-07-23,STR001,SKU1003,341,FreshBrew Coffee 250g
2025-07-23,STR001,SKU1004,204,GlowSkin Face Wash 100ml
2025-07-23,STR001,SKU1005,334,PureClean Detergent 1kg
2025-07-23,STR002,SKU1001,400,Alpine Spring Water 1L
2025-07-23,STR002,SKU1002,255,CrispLite Potato Chips
2025-07-23,STR002,SKU1003,376,FreshBrew Coffee 250g
2025-07-23,STR002,SKU1004,373,GlowSkin Face Wash 100ml
2025-07-23,STR002,SKU1005,290,PureClean Detergent 1kg
2025-07-23,STR003,SKU1001,269,Alpine Spring Water 1L
2025-07-23,STR003,SKU1002,354,CrispLite Potato Chips
2025-07-23,STR003,SKU1003,201,FreshBrew Coffee 250g
2025-07-23,STR003,SKU1004,377,GlowSkin Face Wash 100ml
2025-07-23,STR003,SKU1005,325,PureClean Detergent 1kg
2025-07-23,STR004,SKU1001,1547,Alpine Spring Water 1L
2025-07-23,STR004,SKU1002,1778,CrispLite Potato Chips
2025-07-23,STR004,SKU1003,1468,FreshBrew Coffee 250g
2025-07-23,STR004,SKU1004,1062,GlowSkin Face Wash 100ml
2025-07-23,STR004,SKU1005,1734,PureClean Detergent 1kg
2025-07-23,STR005,SKU1001,1700,Alpine Spring Water 1L
2025-07-23,STR005,SKU1002,1238,CrispLite Potato Chips
2025-07-23,STR005,SKU1003,1463,FreshBrew Coffee 250g
2025-07-23,STR005,SKU1004,1368,GlowSkin Face Wash 100ml
2025-07-23,STR005,SKU1005,1502,PureClean Detergent 1kg
2025-07-23,STR006,SKU1001,497,Alpine Spring Water 1L
2025-07-23,STR006,SKU1002,821,CrispLite Potato Chips
2025-07-23,STR006,SKU1003,561,FreshBrew Coffee 250g
2025-07-23,STR006,SKU1004,788,GlowSkin Face Wash 100ml
2025-07-23,STR006,SKU1005,778,PureClean Detergent 1kg
2025-07-23,STR007,SKU1001,544,Alpine Spring Water 1L
2025-07-23,STR007,SKU1002,759,CrispLite Potato Chips
2025-07-23,STR007,SKU1003,692,FreshBrew Coffee 250g
2025-07-23,STR007,SKU1004,552,GlowSkin Face Wash 100ml
2025-07-23,STR007,SKU1005,626,PureClean Detergent 1kg
2025-07-23,STR008,SKU1001,667,Alpine Spring Water 1L
2025-07-23,STR008,SKU1002,792,CrispLite Potato Chips
2025-07-23,STR008,SKU1003,863,FreshBrew Coffee 250g
2025-07-23,STR008,SKU1004,667,GlowSkin Face Wash 100ml
2025-07-23,STR008,SKU1005,612,PureClean Detergent 1kg
2025-07-23,STR009,SKU1001,561,Alpine Spring Water 1L
2025-07-23,STR009,SKU1002,884,CrispLite Potato Chips
2025-07-23,STR009,SKU1003,820,FreshBrew Coffee 250g
2025-07-23,STR009,SKU1004,611,GlowSkin Face Wash 100ml
2025-07-23,STR009,SKU1005,765,PureClean Detergent 1kg
2025-07-23,STR010,SKU1001,516,Alpine Spring Water 1L
2025-07-23,STR010,SKU1002,606,CrispLite Potato Chips
2025-07-23,STR010,SKU1003,779,FreshBrew Coffee 250g
2025-07-23,STR010,SKU1004,709,GlowSkin Face Wash 100ml
2025-07-23,STR010,SKU1005,672,PureClean Detergent 1kg
2025-07-24,STR001,SKU1001,320,Alpine Spring Water 1L
2025-07-24,STR001,SKU1002,259,CrispLite Potato Chips
2025-07-24,STR001,SKU1003,334,FreshBrew Coffee 250g
2025-07-24,STR001,SKU1004,397,GlowSkin Face Wash 100ml
2025-07-24,STR001,SKU1005,316,PureClean Detergent 1kg
2025-07-24,STR002,SKU1001,327,Alpine Spring Water 1L
2025-07-24,STR002,SKU1002,245,CrispLite Potato Chips
2025-07-24,STR002,SKU1003,215,FreshBrew Coffee 250g
2025-07-24,STR002,SKU1004,310,GlowSkin Face Wash 100ml
2025-07-24,STR002,SKU1005,391,PureClean Detergent 1kg
2025-07-24,STR003,SKU1001,252,Alpine Spring Water 1L
2025-07-24,STR003,SKU1002,366,CrispLite Potato Chips
2025-07-24,STR003,SKU1003,381,FreshBrew Coffee 250g
2025-07-24,STR003,SKU1004,210,GlowSkin Face Wash 100ml
2025-07-24,STR003,SKU1005,229,PureClean Detergent 1kg
2025-07-24,STR004,SKU1001,1356,Alpine Spring Water 1L
2025-07-24,STR004,SKU1002,1192,CrispLite Potato Chips
2025-07-24,STR004,SKU1003,1250,FreshBrew Coffee 250g
2025-07-24,STR004,SKU1004,1165,GlowSkin Face Wash 100ml
2025-07-24,STR004,SKU1005,1880,PureClean Detergent 1kg
2025-07-24,STR005,SKU1001,1160,Alpine Spring Water 1L
2025-07-24,STR005,SKU1002,1321,CrispLite Potato Chips
2025-07-24,STR005,SKU1003,1503,FreshBrew Coffee 250g
2025-07-24,STR005,SKU1004,1989,GlowSkin Face Wash 100ml
2025-07-24,STR005,SKU1005,1276,PureClean Detergent 1kg
2025-07-24,STR006,SKU1001,654,Alpine Spring Water 1L
2025-07-24,STR006,SKU1002,846,CrispLite Potato Chips
2025-07-24,STR006,SKU1003,700,FreshBrew Coffee 250g
2025-07-24,STR006,SKU1004,800,GlowSkin Face Wash 100ml
2025-07-24,STR006,SKU1005,751,PureClean Detergent 1kg
2025-07-24,STR007,SKU1001,815,Alpine Spring Water 1L
2025-07-24,STR007,SKU1002,591,CrispLite Potato Chips
2025-07-24,STR007,SKU1003,813,FreshBrew Coffee 250g
2025-07-24,STR007,SKU1004,859,GlowSkin Face Wash 100ml
2025-07-24,STR007,SKU1005,654,PureClean Detergent 1kg
2025-07-24,STR008,SKU1001,629,Alpine Spring Water 1L
2025-07-24,STR008,SKU1002,641,CrispLite Potato Chips
2025-07-24,STR008,SKU1003,766,FreshBrew Coffee 250g
2025-07-24,STR008,SKU1004,875,GlowSkin Face Wash 100ml
2025-07-24,STR008,SKU1005,828,PureClean Detergent 1kg
2025-07-24,STR009,SKU1001,748,Alpine Spring Water 1L
2025-07-24,STR009,SKU1002,636,CrispLite Potato Chips
2025-07-24,STR009,SKU1003,653,FreshBrew Coffee 250g
2025-07-24,STR009,SKU1004,831,GlowSkin Face Wash 100ml
2025-07-24,STR009,SKU1005,909,PureClean Detergent 1kg
2025-07-24,STR010,SKU1001,744,Alpine Spring Water 1L
2025-07-24,STR010,SKU1002,720,CrispLite Potato Chips
2025-07-24,STR010,SKU1003,594,FreshBrew Coffee 250g
2025-07-24,STR010,SKU1004,660,GlowSkin Face Wash 100ml
2025-07-24,STR010,SKU1005,595,PureClean Detergent 1kg
2025-07-25,STR001,SKU1001,210,Alpine Spring Water 1L
2025-07-25,STR001,SKU1002,274,CrispLite Potato Chips
2025-07-25,STR001,SKU1003,258,FreshBrew Coffee 250g
2025-07-25,STR001,SKU1004,319,GlowSkin Face Wash 100ml
2025-07-25,STR001,SKU1005,326,PureClean Detergent 1kg
2025-07-25,STR002,SKU1001,213,Alpine Spring Water 1L
2025-07-25,STR002,SKU1002,283,CrispLite Potato Chips
2025-07-25,STR002,SKU1003,230,FreshBrew Coffee 250g
2025-07-25,STR002,SKU1004,308,GlowSkin Face Wash 100ml
2025-07-25,STR002,SKU1005,341,PureClean Detergent 1kg
2025-07-25,STR003,SKU1001,249,Alpine Spring Water 1L
2025-07-25,STR003,SKU1002,298,CrispLite Potato Chips
2025-07-25,STR003,SKU1003,332,FreshBrew Coffee 250g
2025-07-25,STR003,SKU1004,271,GlowSkin Face Wash 100ml
2025-07-25,STR003,SKU1005,352,PureClean Detergent 1kg
2025-07-25,STR004,SKU1001,1873,Alpine Spring Water 1L
2025-07-25,STR004,SKU1002,1720,CrispLite Potato Chips
2025-07-25,STR004,SKU1003,1364,FreshBrew Coffee 250g
2025-07-25,STR004,SKU1004,1875,GlowSkin Face Wash 100ml
2025-07-25,STR004,SKU1005,1361,PureClean Detergent 1kg
2025-07-25,STR005,SKU1001,1218,Alpine Spring Water 1L
2025-07-25,STR005,SKU1002,1264,CrispLite Potato Chips
2025-07-25,STR005,SKU1003,1976,FreshBrew Coffee 250g
2025-07-25,STR005,SKU1004,1946,GlowSkin Face Wash 100ml
2025-07-25,STR005,SKU1005,2034,PureClean Detergent 1kg
2025-07-25,STR006,SKU1001,726,Alpine Spring Water 1L
2025-07-25,STR006,SKU1002,569,CrispLite Potato Chips
2025-07-25,STR006,SKU1003,834,FreshBrew Coffee 250g
2025-07-25,STR006,SKU1004,668,GlowSkin Face Wash 100ml
2025-07-25,STR006,SKU1005,637,PureClean Detergent 1kg
2025-07-25,STR007,SKU1001,475,Alpine Spring Water 1L
2025-07-25,STR007,SKU1002,799,CrispLite Potato Chips
2025-07-25,STR007,SKU1003,858,FreshBrew Coffee 250g
2025-07-25,STR007,SKU1004,772,GlowSkin Face Wash 100ml
2025-07-25,STR007,SKU1005,871,PureClean Detergent 1kg
2025-07-25,STR008,SKU1001,803,Alpine Spring Water 1L
2025-07-25,STR008,SKU1002,502,CrispLite Potato Chips
2025-07-25,STR008,SKU1003,645,FreshBrew Coffee 250g
2025-07-25,STR008,SKU1004,776,GlowSkin Face Wash 100ml
2025-07-25,STR008,SKU1005,775,PureClean Detergent 1kg
2025-07-25,STR009,SKU1001,712,Alpine Spring Water 1L
2025-07-25,STR009,SKU1002,797,CrispLite Potato Chips
2025-07-25,STR009,SKU1003,748,FreshBrew Coffee 250g
2025-07-25,STR009,SKU1004,767,GlowSkin Face Wash 100ml
2025-07-25,STR009,SKU1005,860,PureClean Detergent 1kg
2025-07-25,STR010,SKU1001,883,Alpine Spring Water 1L
2025-07-25,STR010,SKU1002,514,CrispLite Potato Chips
2025-07-25,STR010,SKU1003,725,FreshBrew Coffee 250g
2025-07-25,STR010,SKU1004,757,GlowSkin Face Wash 100ml
2025-07-25,STR010,SKU1005,638,PureClean Detergent 1kg
2025-07-26,STR001,SKU1001,364,Alpine Spring Water 1L
2025-07-26,STR001,SKU1002,207,CrispLite Potato Chips
2025-07-26,STR001,SKU1003,269,FreshBrew Coffee 250g
2025-07-26,STR001,SKU1004,303,GlowSkin Face Wash 100ml
2025-07-26,STR001,SKU1005,293,PureClean Detergent 1kg
2025-07-26,STR002,SKU1001,207,Alpine Spring Water 1L
2025-07-26,STR002,SKU1002,269,CrispLite Potato Chips
2025-07-26,STR002,SKU1003,336,FreshBrew Coffee 250g
2025-07-26,STR002,SKU1004,403,GlowSkin Face Wash 100ml
2025-07-26,STR002,SKU1005,368,PureClean Detergent 1kg
2025-07-26,STR003,SKU1001,376,Alpine Spring Water 1L
2025-07-26,STR003,SKU1002,276,CrispLite Potato Chips
2025-07-26,STR003,SKU1003,313,FreshBrew Coffee 250g
2025-07-26,STR003,SKU1004,243,GlowSkin Face Wash 100ml
2025-07-26,STR003,SKU1005,384,PureClean Detergent 1kg
2025-07-26,STR004,SKU1001,1689,Alpine Spring Water 1L
2025-07-26,STR004,SKU1002,1580,CrispLite Potato Chips
2025-07-26,STR004,SKU1003,1158,FreshBrew Coffee 250g
2025-07-26,STR004,SKU1004,1934,GlowSkin Face Wash 100ml
2025-07-26,STR004,SKU1005,1389,PureClean Detergent 1kg
2025-07-26,STR005,SKU1001,1255,Alpine Spring Water 1L
2025-07-26,STR005,SKU1002,933,CrispLite Potato Chips
2025-07-26,STR005,SKU1003,1691,FreshBrew Coffee 250g
2025-07-26,STR005,SKU1004,2004,GlowSkin Face Wash 100ml
2025-07-26,STR005,SKU1005,1656,PureClean Detergent 1kg
2025-07-26,STR006,SKU1001,700,Alpine Spring Water 1L
2025-07-26,STR006,SKU1002,690,CrispLite Potato Chips
2025-07-26,STR006,SKU1003,533,FreshBrew Coffee 250g
2025-07-26,STR006,SKU1004,842,GlowSkin Face Wash 100ml
2025-07-26,STR006,SKU1005,576,PureClean Detergent 1kg
2025-07-26,STR007,SKU1001,629,Alpine Spring Water 1L
2025-07-26,STR007,SKU1002,618,CrispLite Potato Chips
2025-07-26,STR007,SKU1003,699,FreshBrew Coffee 250g
2025-07-26,STR007,SKU1004,821,GlowSkin Face Wash 100ml
2025-07-26,STR007,SKU1005,696,PureClean Detergent 1kg
2025-07-26,STR008,SKU1001,769,Alpine Spring Water 1L
2025-07-26,STR008,SKU1002,682,CrispLite Potato Chips
2025-07-26,STR008,SKU1003,664,FreshBrew Coffee 250g
2025-07-26,STR008,SKU1004,640,GlowSkin Face Wash 100ml
2025-07-26,STR008,SKU1005,656,PureClean Detergent 1kg
2025-07-26,STR009,SKU1001,766,Alpine Spring Water 1L
2025-07-26,STR009,SKU1002,629,CrispLite Potato Chips
2025-07-26,STR009,SKU1003,669,FreshBrew Coffee 250g
2025-07-26,STR009,SKU1004,613,GlowSkin Face Wash 100ml
2025-07-26,STR009,SKU1005,737,PureClean Detergent 1kg
2025-07-26,STR010,SKU1001,780,Alpine Spring Water 1L
2025-07-26,STR010,SKU1002,756,CrispLite Potato Chips
2025-07-26,STR010,SKU1003,561,FreshBrew Coffee 250g
2025-07-26,STR010,SKU1004,823,GlowSkin Face Wash 100ml
2025-07-26,STR010,SKU1005,871,PureClean Detergent 1kg
2025-07-27,STR001,SKU1001,374,Alpine Spring Water 1L
2025-07-27,STR001,SKU1002,226,CrispLite Potato Chips
2025-07-27,STR001,SKU1003,211,FreshBrew Coffee 250g
2025-07-27,STR001,SKU1004,300,GlowSkin Face Wash 100ml
2025-07-27,STR001,SKU1005,227,PureClean Detergent 1kg
2025-07-27,STR002,SKU1001,311,Alpine Spring Water 1L
2025-07-27,STR002,SKU1002,232,CrispLite Potato Chips
2025-07-27,STR002,SKU1003,289,FreshBrew Coffee 250g
2025-07-27,STR002,SKU1004,328,GlowSkin Face Wash 100ml
2025-07-27,STR002,SKU1005,325,PureClean Detergent 1kg
2025-07-27,STR003,SKU1001,317,Alpine Spring Water 1L
2025-07-27,STR003,SKU1002,364,CrispLite Potato Chips
2025-07-27,STR003,SKU1003,397,FreshBrew Coffee 250g
2025-07-27,STR003,SKU1004,239,GlowSkin Face Wash 100ml
2025-07-27,STR003,SKU1005,381,PureClean Detergent 1kg
2025-07-27,STR004,SKU1001,1353,Alpine Spring Water 1L
2025-07-27,STR004,SKU1002,1207,CrispLite Potato Chips
2025-07-27,STR004,SKU1003,1904,FreshBrew Coffee 250g
2025-07-27,STR004,SKU1004,1660,GlowSkin Face Wash 100ml
2025-07-27,STR004,SKU1005,1211,PureClean Detergent 1kg
2025-07-27,STR005,SKU1001,1835,Alpine Spring Water 1L
2025-07-27,STR005,SKU1002,959,CrispLite Potato Chips
2025-07-27,STR005,SKU1003,1310,FreshBrew Coffee 250g
2025-07-27,STR005,SKU1004,1243,GlowSkin Face Wash 100ml
2025-07-27,STR005,SKU1005,1072,PureClean Detergent 1kg
2025-07-27,STR006,SKU1001,641,Alpine Spring Water 1L
2025-07-27,STR006,SKU1002,847,CrispLite Potato Chips
2025-07-27,STR006,SKU1003,752,FreshBrew Coffee 250g
2025-07-27,STR006,SKU1004,652,GlowSkin Face Wash 100ml
2025-07-27,STR006,SKU1005,563,PureClean Detergent 1kg
2025-07-27,STR007,SKU1001,884,Alpine Spring Water 1L
2025-07-27,STR007,SKU1002,792,CrispLite Potato Chips
2025-07-27,STR007,SKU1003,849,FreshBrew Coffee 250g
2025-07-27,STR007,SKU1004,626,GlowSkin Face Wash 100ml
2025-07-27,STR007,SKU1005,671,PureClean Detergent 1kg
2025-07-27,STR008,SKU1001,870,Alpine Spring Water 1L
2025-07-27,STR008,SKU1002,619,CrispLite Potato Chips
2025-07-27,STR008,SKU1003,862,FreshBrew Coffee 250g
2025-07-27,STR008,SKU1004,477,GlowSkin Face Wash 100ml
2025-07-27,STR008,SKU1005,511,PureClean Detergent 1kg
2025-07-27,STR009,SKU1001,811,Alpine Spring Water 1L
2025-07-27,STR009,SKU1002,883,CrispLite Potato Chips
2025-07-27,STR009,SKU1003,609,FreshBrew Coffee 250g
2025-07-27,STR009,SKU1004,691,GlowSkin Face Wash 100ml
2025-07-27,STR009,SKU1005,721,PureClean Detergent 1kg
2025-07-27,STR010,SKU1001,635,Alpine Spring Water 1L
2025-07-27,STR010,SKU1002,594,CrispLite Potato Chips
2025-07-27,STR010,SKU1003,636,FreshBrew Coffee 250g
2025-07-27,STR010,SKU1004,675,GlowSkin Face Wash 100ml
2025-07-27,STR010,SKU1005,904,PureClean Detergent 1kg
2025-07-28,STR001,SKU1001,215,Alpine Spring Water 1L
2025-07-28,STR001,SKU1002,392,CrispLite Potato Chips
2025-07-28,STR001,SKU1003,275,FreshBrew Coffee 250g
2025-07-28,STR001,SKU1004,401,GlowSkin Face Wash 100ml
2025-07-28,STR001,SKU1005,346,PureClean Detergent 1kg
2025-07-28,STR002,SKU1001,249,Alpine Spring Water 1L
2025-07-28,STR002,SKU1002,373,CrispLite Potato Chips
2025-07-28,STR002,SKU1003,374,FreshBrew Coffee 250g
2025-07-28,STR002,SKU1004,279,GlowSkin Face Wash 100ml
2025-07-28,STR002,SKU1005,215,PureClean Detergent 1kg
2025-07-28,STR003,SKU1001,247,Alpine Spring Water 1L
2025-07-28,STR003,SKU1002,372,CrispLite Potato Chips
2025-07-28,STR003,SKU1003,364,FreshBrew Coffee 250g
2025-07-28,STR003,SKU1004,370,GlowSkin Face Wash 100ml
2025-07-28,STR003,SKU1005,360,PureClean Detergent 1kg
2025-07-28,STR004,SKU1001,1099,Alpine Spring Water 1L
2025-07-28,STR004,SKU1002,1753,CrispLite Potato Chips
2025-07-28,STR004,SKU1003,1860,FreshBrew Coffee 250g
2025-07-28,STR004,SKU1004,1114,GlowSkin Face Wash 100ml
2025-07-28,STR004,SKU1005,1466,PureClean Detergent 1kg
2025-07-28,STR005,SKU1001,1567,Alpine Spring Water 1L
2025-07-28,STR005,SKU1002,1191,CrispLite Potato Chips
2025-07-28,STR005,SKU1003,1570,FreshBrew Coffee 250g
2025-07-28,STR005,SKU1004,1896,GlowSkin Face Wash 100ml
2025-07-28,STR005,SKU1005,1676,PureClean Detergent 1kg
2025-07-28,STR006,SKU1001,549,Alpine Spring Water 1L
2025-07-28,STR006,SKU1002,793,CrispLite Potato Chips
2025-07-28,STR006,SKU1003,783,FreshBrew Coffee 250g
2025-07-28,STR006,SKU1004,567,GlowSkin Face Wash 100ml
2025-07-28,STR006,SKU1005,859,PureClean Detergent 1kg
2025-07-28,STR007,SKU1001,820,Alpine Spring Water 1L
2025-07-28,STR007,SKU1002,944,CrispLite Potato Chips
2025-07-28,STR007,SKU1003,873,FreshBrew Coffee 250g
2025-07-28,STR007,SKU1004,697,GlowSkin Face Wash 100ml
2025-07-28,STR007,SKU1005,871,PureClean Detergent 1kg
2025-07-28,STR008,SKU1001,562,Alpine Spring Water 1L
2025-07-28,STR008,SKU1002,571,CrispLite Potato Chips
2025-07-28,STR008,SKU1003,502,FreshBrew Coffee 250g
2025-07-28,STR008,SKU1004,682,GlowSkin Face Wash 100ml
2025-07-28,STR008,SKU1005,563,PureClean Detergent 1kg
2025-07-28,STR009,SKU1001,567,Alpine Spring Water 1L
2025-07-28,STR009,SKU1002,496,CrispLite Potato Chips
2025-07-28,STR009,SKU1003,837,FreshBrew Coffee 250g
2025-07-28,STR009,SKU1004,880,GlowSkin Face Wash 100ml
2025-07-28,STR009,SKU1005,850,PureClean Detergent 1kg
2025-07-28,STR010,SKU1001,714,Alpine Spring Water 1L
2025-07-28,STR010,SKU1002,541,CrispLite Potato Chips
2025-07-28,STR010,SKU1003,750,FreshBrew Coffee 250g
2025-07-28,STR010,SKU1004,813,GlowSkin Face Wash 100ml
2025-07-28,STR010,SKU1005,599,PureClean Detergent 1kg
2025-07-29,STR001,SKU1001,390,Alpine Spring Water 1L
2025-07-29,STR001,SKU1002,280,CrispLite Potato Chips
2025-07-29,STR001,SKU1003,308,FreshBrew Coffee 250g
2025-07-29,STR001,SKU1004,275,GlowSkin Face Wash 100ml
2025-07-29,STR001,SKU1005,310,PureClean Detergent 1kg
2025-07-29,STR002,SKU1001,284,Alpine Spring Water 1L
2025-07-29,STR002,SKU1002,289,CrispLite Potato Chips
2025-07-29,STR002,SKU1003,199,FreshBrew Coffee 250g
2025-07-29,STR002,SKU1004,245,GlowSkin Face Wash 100ml
2025-07-29,STR002,SKU1005,296,PureClean Detergent 1kg
2025-07-29,STR003,SKU1001,332,Alpine Spring Water 1L
2025-07-29,STR003,SKU1002,244,CrispLite Potato Chips
2025-07-29,STR003,SKU1003,318,FreshBrew Coffee 250g
2025-07-29,STR003,SKU1004,371,GlowSkin Face Wash 100ml
2025-07-29,STR003,SKU1005,307,PureClean Detergent 1kg
2025-07-29,STR004,SKU1001,1572,Alpine Spring Water 1L
2025-07-29,STR004,SKU1002,1204,CrispLite Potato Chips
2025-07-29,STR004,SKU1003,1623,FreshBrew Coffee 250g
2025-07-29,STR004,SKU1004,1725,GlowSkin Face Wash 100ml
2025-07-29,STR004,SKU1005,1726,PureClean Detergent 1kg
2025-07-29,STR005,SKU1001,1346,Alpine Spring Water 1L
2025-07-29,STR005,SKU1002,1778,CrispLite Potato Chips
2025-07-29,STR005,SKU1003,1374,FreshBrew Coffee 250g
2025-07-29,STR005,SKU1004,1638,GlowSkin Face Wash 100ml
2025-07-29,STR005,SKU1005,1763,PureClean Detergent 1kg
2025-07-29,STR006,SKU1001,811,Alpine Spring Water 1L
2025-07-29,STR006,SKU1002,912,CrispLite Potato Chips
2025-07-29,STR006,SKU1003,556,FreshBrew Coffee 250g
2025-07-29,STR006,SKU1004,785,GlowSkin Face Wash 100ml
2025-07-29,STR006,SKU1005,721,PureClean Detergent 1kg
2025-07-29,STR007,SKU1001,663,Alpine Spring Water 1L
2025-07-29,STR007,SKU1002,703,CrispLite Potato Chips
2025-07-29,STR007,SKU1003,657,FreshBrew Coffee 250g
2025-07-29,STR007,SKU1004,670,GlowSkin Face Wash 100ml
2025-07-29,STR007,SKU1005,821,PureClean Detergent 1kg
2025-07-29,STR008,SKU1001,601,Alpine Spring Water 1L
2025-07-29,STR008,SKU1002,688,CrispLite Potato Chips
2025-07-29,STR008,SKU1003,592,FreshBrew Coffee 250g
2025-07-29,STR008,SKU1004,789,GlowSkin Face Wash 100ml
2025-07-29,STR008,SKU1005,784,PureClean Detergent 1kg
2025-07-29,STR009,SKU1001,521,Alpine Spring Water 1L
2025-07-29,STR009,SKU1002,513,CrispLite Potato Chips
2025-07-29,STR009,SKU1003,635,FreshBrew Coffee 250g
2025-07-29,STR009,SKU1004,484,GlowSkin Face Wash 100ml
2025-07-29,STR009,SKU1005,589,PureClean Detergent 1kg
2025-07-29,STR010,SKU1001,566,Alpine Spring Water 1L
2025-07-29,STR010,SKU1002,584,CrispLite Potato Chips
2025-07-29,STR010,SKU1003,526,FreshBrew Coffee 250g
2025-07-29,STR010,SKU1004,711,GlowSkin Face Wash 100ml
2025-07-29,STR010,SKU1005,817,PureClean Detergent 1kg
2025-07-30,STR001,SKU1001,230,Alpine Spring Water 1L
2025-07-30,STR001,SKU1002,397,CrispLite Potato Chips
2025-07-30,STR001,SKU1003,405,FreshBrew Coffee 250g
2025-07-30,STR001,SKU1004,284,GlowSkin Face Wash 100ml
2025-07-30,STR001,SKU1005,399,PureClean Detergent 1kg
2025-07-30,STR002,SKU1001,289,Alpine Spring Water 1L
2025-07-30,STR002,SKU1002,269,CrispLite Potato Chips
2025-07-30,STR002,SKU1003,404,FreshBrew Coffee 250g
2025-07-30,STR002,SKU1004,297,GlowSkin Face Wash 100ml
2025-07-30,STR002,SKU1005,273,PureClean Detergent 1kg
2025-07-30,STR003,SKU1001,286,Alpine Spring Water 1L
2025-07-30,STR003,SKU1002,330,CrispLite Potato Chips
2025-07-30,STR003,SKU1003,391,FreshBrew Coffee 250g
2025-07-30,STR003,SKU1004,357,GlowSkin Face Wash 100ml
2025-07-30,STR003,SKU1005,341,PureClean Detergent 1kg
2025-07-30,STR004,SKU1001,1407,Alpine Spring Water 1L
2025-07-30,STR004,SKU1002,1883,CrispLite Potato Chips
2025-07-30,STR004,SKU1003,1492,FreshBrew Coffee 250g
2025-07-30,STR004,SKU1004,1729,GlowSkin Face Wash 100ml
2025-07-30,STR004,SKU1005,1508,PureClean Detergent 1kg
2025-07-30,STR005,SKU1001,1532,Alpine Spring Water 1L
2025-07-30,STR005,SKU1002,1489,CrispLite Potato Chips
2025-07-30,STR005,SKU1003,1575,FreshBrew Coffee 250g
2025-07-30,STR005,SKU1004,1164,GlowSkin Face Wash 100ml
2025-07-30,STR005,SKU1005,1494,PureClean Detergent 1kg
2025-07-30,STR006,SKU1001,818,Alpine Spring Water 1L
2025-07-30,STR006,SKU1002,788,CrispLite Potato Chips
2025-07-30,STR006,SKU1003,592,FreshBrew Coffee 250g
2025-07-30,STR006,SKU1004,918,GlowSkin Face Wash 100ml
2025-07-30,STR006,SKU1005,890,PureClean Detergent 1kg
2025-07-30,STR007,SKU1001,619,Alpine Spring Water 1L
2025-07-30,STR007,SKU1002,853,CrispLite Potato Chips
2025-07-30,STR007,SKU1003,543,FreshBrew Coffee 250g
2025-07-30,STR007,SKU1004,908,GlowSkin Face Wash 100ml
2025-07-30,STR007,SKU1005,577,PureClean Detergent 1kg
2025-07-30,STR008,SKU1001,737,Alpine Spring Water 1L
2025-07-30,STR008,SKU1002,723,CrispLite Potato Chips
2025-07-30,STR008,SKU1003,643,FreshBrew Coffee 250g
2025-07-30,STR008,SKU1004,689,GlowSkin Face Wash 100ml
2025-07-30,STR008,SKU1005,729,PureClean Detergent 1kg
2025-07-30,STR009,SKU1001,671,Alpine Spring Water 1L
2025-07-30,STR009,SKU1002,825,CrispLite Potato Chips
2025-07-30,STR009,SKU1003,778,FreshBrew Coffee 250g
2025-07-30,STR009,SKU1004,936,GlowSkin Face Wash 100ml
2025-07-30,STR009,SKU1005,479,PureClean Detergent 1kg
2025-07-30,STR010,SKU1001,746,Alpine Spring Water 1L
2025-07-30,STR010,SKU1002,714,CrispLite Potato Chips
2025-07-30,STR010,SKU1003,670,FreshBrew Coffee 250g
2025-07-30,STR010,SKU1004,881,GlowSkin Face Wash 100ml
2025-07-30,STR010,SKU1005,594,PureClean Detergent 1kg
2025-07-31,STR001,SKU1001,366,Alpine Spring Water 1L
2025-07-31,STR001,SKU1002,379,CrispLite Potato Chips
2025-07-31,STR001,SKU1003,379,FreshBrew Coffee 250g
2025-07-31,STR001,SKU1004,329,GlowSkin Face Wash 100ml
2025-07-31,STR001,SKU1005,333,PureClean Detergent 1kg
2025-07-31,STR002,SKU1001,244,Alpine Spring Water 1L
2025-07-31,STR002,SKU1002,209,CrispLite Potato Chips
2025-07-31,STR002,SKU1003,381,FreshBrew Coffee 250g
2025-07-31,STR002,SKU1004,350,GlowSkin Face Wash 100ml
2025-07-31,STR002,SKU1005,345,PureClean Detergent 1kg
2025-07-31,STR003,SKU1001,242,Alpine Spring Water 1L
2025-07-31,STR003,SKU1002,346,CrispLite Potato Chips
2025-07-31,STR003,SKU1003,296,FreshBrew Coffee 250g
2025-07-31,STR003,SKU1004,299,GlowSkin Face Wash 100ml
2025-07-31,STR003,SKU1005,293,PureClean Detergent 1kg
2025-07-31,STR004,SKU1001,1366,Alpine Spring Water 1L
2025-07-31,STR004,SKU1002,1652,CrispLite Potato Chips
2025-07-31,STR004,SKU1003,1541,FreshBrew Coffee 250g
2025-07-31,STR004,SKU1004,1231,GlowSkin Face Wash 100ml
2025-07-31,STR004,SKU1005,1712,PureClean Detergent 1kg
2025-07-31,STR005,SKU1001,1393,Alpine Spring Water 1L
2025-07-31,STR005,SKU1002,1147,CrispLite Potato Chips
2025-07-31,STR005,SKU1003,1347,FreshBrew Coffee 250g
2025-07-31,STR005,SKU1004,1508,GlowSkin Face Wash 100ml
2025-07-31,STR005,SKU1005,1435,PureClean Detergent 1kg
2025-07-31,STR006,SKU1001,524,Alpine Spring Water 1L
2025-07-31,STR006,SKU1002,595,CrispLite Potato Chips
2025-07-31,STR006,SKU1003,510,FreshBrew Coffee 250g
2025-07-31,STR006,SKU1004,527,GlowSkin Face Wash 100ml
2025-07-31,STR006,SKU1005,591,PureClean Detergent 1kg
2025-07-31,STR007,SKU1001,594,Alpine Spring Water 1L
2025-07-31,STR007,SKU1002,878,CrispLite Potato Chips
2025-07-31,STR007,SKU1003,674,FreshBrew Coffee 250g
2025-07-31,STR007,SKU1004,592,GlowSkin Face Wash 100ml
2025-07-31,STR007,SKU1005,526,PureClean Detergent 1kg
2025-07-31,STR008,SKU1001,945,Alpine Spring Water 1L
2025-07-31,STR008,SKU1002,746,CrispLite Potato Chips
2025-07-31,STR008,SKU1003,918,FreshBrew Coffee 250g
2025-07-31,STR008,SKU1004,489,GlowSkin Face Wash 100ml
2025-07-31,STR008,SKU1005,888,PureClean Detergent 1kg
2025-07-31,STR009,SKU1001,780,Alpine Spring Water 1L
2025-07-31,STR009,SKU1002,565,CrispLite Potato Chips
2025-07-31,STR009,SKU1003,583,FreshBrew Coffee 250g
2025-07-31,STR009,SKU1004,887,GlowSkin Face Wash 100ml
2025-07-31,STR009,SKU1005,634,PureClean Detergent 1kg
2025-07-31,STR010,SKU1001,826,Alpine Spring Water 1L
2025-07-31,STR010,SKU1002,551,CrispLite Potato Chips
2025-07-31,STR010,SKU1003,506,FreshBrew Coffee 250g
2025-07-31,STR010,SKU1004,855,GlowSkin Face Wash 100ml
2025-07-31,STR010,SKU1005,549,PureClean Detergent 1kg
2025-08-01,STR001,SKU1001,282,Alpine Spring Water 1L
2025-08-01,STR001,SKU1002,293,CrispLite Potato Chips
2025-08-01,STR001,SKU1003,303,FreshBrew Coffee 250g
2025-08-01,STR001,SKU1004,218,GlowSkin Face Wash 100ml
2025-08-01,STR001,SKU1005,234,PureClean Detergent 1kg
2025-08-01,STR002,SKU1001,347,Alpine Spring Water 1L
2025-08-01,STR002,SKU1002,250,CrispLite Potato Chips
2025-08-01,STR002,SKU1003,312,FreshBrew Coffee 250g
2025-08-01,STR002,SKU1004,240,GlowSkin Face Wash 100ml
2025-08-01,STR002,SKU1005,217,PureClean Detergent 1kg
2025-08-01,STR003,SKU1001,381,Alpine Spring Water 1L
2025-08-01,STR003,SKU1002,228,CrispLite Potato Chips
2025-08-01,STR003,SKU1003,263,FreshBrew Coffee 250g
2025-08-01,STR003,SKU1004,205,GlowSkin Face Wash 100ml
2025-08-01,STR003,SKU1005,291,PureClean Detergent 1kg
2025-08-01,STR004,SKU1001,1530,Alpine Spring Water 1L
2025-08-01,STR004,SKU1002,1810,CrispLite Potato Chips
2025-08-01,STR004,SKU1003,1218,FreshBrew Coffee 250g
2025-08-01,STR004,SKU1004,1639,GlowSkin Face Wash 100ml
2025-08-01,STR004,SKU1005,1245,PureClean Detergent 1kg
2025-08-01,STR005,SKU1001,1105,Alpine Spring Water 1L
2025-08-01,STR005,SKU1002,1778,CrispLite Potato Chips
2025-08-01,STR005,SKU1003,1987,FreshBrew Coffee 250g
2025-08-01,STR005,SKU1004,1456,GlowSkin Face Wash 100ml
2025-08-01,STR005,SKU1005,1083,PureClean Detergent 1kg
2025-08-01,STR006,SKU1001,546,Alpine Spring Water 1L
2025-08-01,STR006,SKU1002,606,CrispLite Potato Chips
2025-08-01,STR006,SKU1003,878,FreshBrew Coffee 250g
2025-08-01,STR006,SKU1004,525,GlowSkin Face Wash 100ml
2025-08-01,STR006,SKU1005,731,PureClean Detergent 1kg
2025-08-01,STR007,SKU1001,863,Alpine Spring Water 1L
2025-08-01,STR007,SKU1002,626,CrispLite Potato Chips
2025-08-01,STR007,SKU1003,667,FreshBrew Coffee 250g
2025-08-01,STR007,SKU1004,666,GlowSkin Face Wash 100ml
2025-08-01,STR007,SKU1005,756,PureClean Detergent 1kg
2025-08-01,STR008,SKU1001,816,Alpine Spring Water 1L
2025-08-01,STR008,SKU1002,636,CrispLite Potato Chips
2025-08-01,STR008,SKU1003,660,FreshBrew Coffee 250g
2025-08-01,STR008,SKU1004,653,GlowSkin Face Wash 100ml
2025-08-01,STR008,SKU1005,927,PureClean Detergent 1kg
2025-08-01,STR009,SKU1001,583,Alpine Spring Water 1L
2025-08-01,STR009,SKU1002,657,CrispLite Potato Chips
2025-08-01,STR009,SKU1003,826,FreshBrew Coffee 250g
2025-08-01,STR009,SKU1004,564,GlowSkin Face Wash 100ml
2025-08-01,STR009,SKU1005,844,PureClean Detergent 1kg
2025-08-01,STR010,SKU1001,646,Alpine Spring Water 1L
2025-08-01,STR010,SKU1002,794,CrispLite Potato Chips
2025-08-01,STR010,SKU1003,659,FreshBrew Coffee 250g
2025-08-01,STR010,SKU1004,782,GlowSkin Face Wash 100ml
2025-08-01,STR010,SKU1005,846,PureClean Detergent 1kg
2025-08-02,STR001,SKU1001,345,Alpine Spring Water 1L
2025-08-02,STR001,SKU1002,237,CrispLite Potato Chips
2025-08-02,STR001,SKU1003,361,FreshBrew Coffee 250g
2025-08-02,STR001,SKU1004,262,GlowSkin Face Wash 100ml
2025-08-02,STR001,SKU1005,258,PureClean Detergent 1kg
2025-08-02,STR002,SKU1001,267,Alpine Spring Water 1L
2025-08-02,STR002,SKU1002,294,CrispLite Potato Chips
2025-08-02,STR002,SKU1003,282,FreshBrew Coffee 250g
2025-08-02,STR002,SKU1004,321,GlowSkin Face Wash 100ml
2025-08-02,STR002,SKU1005,245,PureClean Detergent 1kg
2025-08-02,STR003,SKU1001,352,Alpine Spring Water 1L
2025-08-02,STR003,SKU1002,237,CrispLite Potato Chips
2025-08-02,STR003,SKU1003,294,FreshBrew Coffee 250g
2025-08-02,STR003,SKU1004,251,GlowSkin Face Wash 100ml
2025-08-02,STR003,SKU1005,374,PureClean Detergent 1kg
2025-08-02,STR004,SKU1001,1143,Alpine Spring Water 1L
2025-08-02,STR004,SKU1002,1525,CrispLite Potato Chips
2025-08-02,STR004,SKU1003,1779,FreshBrew Coffee 250g
2025-08-02,STR004,SKU1004,1659,GlowSkin Face Wash 100ml
2025-08-02,STR004,SKU1005,1976,PureClean Detergent 1kg
2025-08-02,STR005,SKU1001,1880,Alpine Spring Water 1L
2025-08-02,STR005,SKU1002,1398,CrispLite Potato Chips
2025-08-02,STR005,SKU1003,1253,FreshBrew Coffee 250g
2025-08-02,STR005,SKU1004,1244,GlowSkin Face Wash 100ml
2025-08-02,STR005,SKU1005,1132,PureClean Detergent 1kg
2025-08-02,STR006,SKU1001,588,Alpine Spring Water 1L
2025-08-02,STR006,SKU1002,810,CrispLite Potato Chips
2025-08-02,STR006,SKU1003,735,FreshBrew Coffee 250g
2025-08-02,STR006,SKU1004,653,GlowSkin Face Wash 100ml
2025-08-02,STR006,SKU1005,733,PureClean Detergent 1kg
2025-08-02,STR007,SKU1001,575,Alpine Spring Water 1L
2025-08-02,STR007,SKU1002,859,CrispLite Potato Chips
2025-08-02,STR007,SKU1003,726,FreshBrew Coffee 250g
2025-08-02,STR007,SKU1004,853,GlowSkin Face Wash 100ml
2025-08-02,STR007,SKU1005,547,PureClean Detergent 1kg
2025-08-02,STR008,SKU1001,669,Alpine Spring Water 1L
2025-08-02,STR008,SKU1002,535,CrispLite Potato Chips
2025-08-02,STR008,SKU1003,600,FreshBrew Coffee 250g
2025-08-02,STR008,SKU1004,693,GlowSkin Face Wash 100ml
2025-08-02,STR008,SKU1005,694,PureClean Detergent 1kg
2025-08-02,STR009,SKU1001,649,Alpine Spring Water 1L
2025-08-02,STR009,SKU1002,678,CrispLite Potato Chips
2025-08-02,STR009,SKU1003,626,FreshBrew Coffee 250g
2025-08-02,STR009,SKU1004,808,GlowSkin Face Wash 100ml
2025-08-02,STR009,SKU1005,793,PureClean Detergent 1kg
2025-08-02,STR010,SKU1001,609,Alpine Spring Water 1L
2025-08-02,STR010,SKU1002,676,CrispLite Potato Chips
2025-08-02,STR010,SKU1003,713,FreshBrew Coffee 250g
2025-08-02,STR010,SKU1004,782,GlowSkin Face Wash 100ml
2025-08-02,STR010,SKU1005,918,PureClean Detergent 1kg
2025-08-03,STR001,SKU1001,285,Alpine Spring Water 1L
2025-08-03,STR001,SKU1002,386,CrispLite Potato Chips
2025-08-03,STR001,SKU1003,367,FreshBrew Coffee 250g
2025-08-03,STR001,SKU1004,309,GlowSkin Face Wash 100ml
2025-08-03,STR001,SKU1005,325,PureClean Detergent 1kg
2025-08-03,STR002,SKU1001,281,Alpine Spring Water 1L
2025-08-03,STR002,SKU1002,238,CrispLite Potato Chips
2025-08-03,STR002,SKU1003,342,FreshBrew Coffee 250g
2025-08-03,STR002,SKU1004,227,GlowSkin Face Wash 100ml
2025-08-03,STR002,SKU1005,364,PureClean Detergent 1kg
2025-08-03,STR003,SKU1001,291,Alpine Spring Water 1L
2025-08-03,STR003,SKU1002,207,CrispLite Potato Chips
2025-08-03,STR003,SKU1003,400,FreshBrew Coffee 250g
2025-08-03,STR003,SKU1004,388,GlowSkin Face Wash 100ml
2025-08-03,STR003,SKU1005,263,PureClean Detergent 1kg
2025-08-03,STR004,SKU1001,1756,Alpine Spring Water 1L
2025-08-03,STR004,SKU1002,1434,CrispLite Potato Chips
2025-08-03,STR004,SKU1003,1067,FreshBrew Coffee 250g
2025-08-03,STR004,SKU1004,1038,GlowSkin Face Wash 100ml
2025-08-03,STR004,SKU1005,1140,PureClean Detergent 1kg
2025-08-03,STR005,SKU1001,1957,Alpine Spring Water 1L
2025-08-03,STR005,SKU1002,1702,CrispLite Potato Chips
2025-08-03,STR005,SKU1003,1060,FreshBrew Coffee 250g
2025-08-03,STR005,SKU1004,1481,GlowSkin Face Wash 100ml
2025-08-03,STR005,SKU1005,1872,PureClean Detergent 1kg
2025-08-03,STR006,SKU1001,527,Alpine Spring Water 1L
2025-08-03,STR006,SKU1002,621,CrispLite Potato Chips
2025-08-03,STR006,SKU1003,764,FreshBrew Coffee 250g
2025-08-03,STR006,SKU1004,571,GlowSkin Face Wash 100ml
2025-08-03,STR006,SKU1005,497,PureClean Detergent 1kg
2025-08-03,STR007,SKU1001,755,Alpine Spring Water 1L
2025-08-03,STR007,SKU1002,680,CrispLite Potato Chips
2025-08-03,STR007,SKU1003,910,FreshBrew Coffee 250g
2025-08-03,STR007,SKU1004,686,GlowSkin Face Wash 100ml
2025-08-03,STR007,SKU1005,623,PureClean Detergent 1kg
2025-08-03,STR008,SKU1001,666,Alpine Spring Water 1L
2025-08-03,STR008,SKU1002,755,CrispLite Potato Chips
2025-08-03,STR008,SKU1003,879,FreshBrew Coffee 250g
2025-08-03,STR008,SKU1004,544,GlowSkin Face Wash 100ml
2025-08-03,STR008,SKU1005,547,PureClean Detergent 1kg
2025-08-03,STR009,SKU1001,549,Alpine Spring Water 1L
2025-08-03,STR009,SKU1002,709,CrispLite Potato Chips
2025-08-03,STR009,SKU1003,599,FreshBrew Coffee 250g
2025-08-03,STR009,SKU1004,599,GlowSkin Face Wash 100ml
2025-08-03,STR009,SKU1005,759,PureClean Detergent 1kg
2025-08-03,STR010,SKU1001,826,Alpine Spring Water 1L
2025-08-03,STR010,SKU1002,887,CrispLite Potato Chips
2025-08-03,STR010,SKU1003,706,FreshBrew Coffee 250g
2025-08-03,STR010,SKU1004,737,GlowSkin Face Wash 100ml
2025-08-03,STR010,SKU1005,540,PureClean Detergent 1kg
2025-08-04,STR001,SKU1001,349,Alpine Spring Water 1L
2025-08-04,STR001,SKU1002,357,CrispLite Potato Chips
2025-08-04,STR001,SKU1003,281,FreshBrew Coffee 250g
2025-08-04,STR001,SKU1004,252,GlowSkin Face Wash 100ml
2025-08-04,STR001,SKU1005,250,PureClean Detergent 1kg
2025-08-04,STR002,SKU1001,378,Alpine Spring Water 1L
2025-08-04,STR002,SKU1002,310,CrispLite Potato Chips
2025-08-04,STR002,SKU1003,250,FreshBrew Coffee 250g
2025-08-04,STR002,SKU1004,398,GlowSkin Face Wash 100ml
2025-08-04,STR002,SKU1005,325,PureClean Detergent 1kg
2025-08-04,STR003,SKU1001,271,Alpine Spring Water 1L
2025-08-04,STR003,SKU1002,300,CrispLite Potato Chips
2025-08-04,STR003,SKU1003,233,FreshBrew Coffee 250g
2025-08-04,STR003,SKU1004,303,GlowSkin Face Wash 100ml
2025-08-04,STR003,SKU1005,350,PureClean Detergent 1kg
2025-08-04,STR004,SKU1001,1519,Alpine Spring Water 1L
2025-08-04,STR004,SKU1002,1950,CrispLite Potato Chips
2025-08-04,STR004,SKU1003,1693,FreshBrew Coffee 250g
2025-08-04,STR004,SKU1004,1515,GlowSkin Face Wash 100ml
2025-08-04,STR004,SKU1005,2086,PureClean Detergent 1kg
2025-08-04,STR005,SKU1001,1510,Alpine Spring Water 1L
2025-08-04,STR005,SKU1002,1717,CrispLite Potato Chips
2025-08-04,STR005,SKU1003,1559,FreshBrew Coffee 250g
2025-08-04,STR005,SKU1004,1851,GlowSkin Face Wash 100ml
2025-08-04,STR005,SKU1005,1801,PureClean Detergent 1kg
2025-08-04,STR006,SKU1001,650,Alpine Spring Water 1L
2025-08-04,STR006,SKU1002,588,CrispLite Potato Chips
2025-08-04,STR006,SKU1003,629,FreshBrew Coffee 250g
2025-08-04,STR006,SKU1004,624,GlowSkin Face Wash 100ml
2025-08-04,STR006,SKU1005,655,PureClean Detergent 1kg
2025-08-04,STR007,SKU1001,544,Alpine Spring Water 1L
2025-08-04,STR007,SKU1002,808,CrispLite Potato Chips
2025-08-04,STR007,SKU1003,686,FreshBrew Coffee 250g
2025-08-04,STR007,SKU1004,679,GlowSkin Face Wash 100ml
2025-08-04,STR007,SKU1005,617,PureClean Detergent 1kg
2025-08-04,STR008,SKU1001,746,Alpine Spring Water 1L
2025-08-04,STR008,SKU1002,773,CrispLite Potato Chips
2025-08-04,STR008,SKU1003,675,FreshBrew Coffee 250g
2025-08-04,STR008,SKU1004,562,GlowSkin Face Wash 100ml
2025-08-04,STR008,SKU1005,846,PureClean Detergent 1kg
2025-08-04,STR009,SKU1001,895,Alpine Spring Water 1L
2025-08-04,STR009,SKU1002,759,CrispLite Potato Chips
2025-08-04,STR009,SKU1003,770,FreshBrew Coffee 250g
2025-08-04,STR009,SKU1004,665,GlowSkin Face Wash 100ml
2025-08-04,STR009,SKU1005,834,PureClean Detergent 1kg
2025-08-04,STR010,SKU1001,763,Alpine Spring Water 1L
2025-08-04,STR010,SKU1002,796,CrispLite Potato Chips
2025-08-04,STR010,SKU1003,681,FreshBrew Coffee 250g
2025-08-04,STR010,SKU1004,673,GlowSkin Face Wash 100ml
2025-08-04,STR010,SKU1005,533,PureClean Detergent 1kg
2025-08-05,STR001,SKU1001,254,Alpine Spring Water 1L
2025-08-05,STR001,SKU1002,281,CrispLite Potato Chips
2025-08-05,STR001,SKU1003,396,FreshBrew Coffee 250g
2025-08-05,STR001,SKU1004,386,GlowSkin Face Wash 100ml
2025-08-05,STR001,SKU1005,210,PureClean Detergent 1kg
2025-08-05,STR002,SKU1001,307,Alpine Spring Water 1L
2025-08-05,STR002,SKU1002,297,CrispLite Potato Chips
2025-08-05,STR002,SKU1003,282,FreshBrew Coffee 250g
2025-08-05,STR002,SKU1004,241,GlowSkin Face Wash 100ml
2025-08-05,STR002,SKU1005,329,PureClean Detergent 1kg
2025-08-05,STR003,SKU1001,352,Alpine Spring Water 1L
2025-08-05,STR003,SKU1002,380,CrispLite Potato Chips
2025-08-05,STR003,SKU1003,359,FreshBrew Coffee 250g
2025-08-05,STR003,SKU1004,361,GlowSkin Face Wash 100ml
2025-08-05,STR003,SKU1005,337,PureClean Detergent 1kg
2025-08-05,STR004,SKU1001,2113,Alpine Spring Water 1L
2025-08-05,STR004,SKU1002,1881,CrispLite Potato Chips
2025-08-05,STR004,SKU1003,1156,FreshBrew Coffee 250g
2025-08-05,STR004,SKU1004,1600,GlowSkin Face Wash 100ml
2025-08-05,STR004,SKU1005,1866,PureClean Detergent 1kg
2025-08-05,STR005,SKU1001,1847,Alpine Spring Water 1L
2025-08-05,STR005,SKU1002,1110,CrispLite Potato Chips
2025-08-05,STR005,SKU1003,1182,FreshBrew Coffee 250g
2025-08-05,STR005,SKU1004,1708,GlowSkin Face Wash 100ml
2025-08-05,STR005,SKU1005,1444,PureClean Detergent 1kg
2025-08-05,STR006,SKU1001,700,Alpine Spring Water 1L
2025-08-05,STR006,SKU1002,506,CrispLite Potato Chips
2025-08-05,STR006,SKU1003,890,FreshBrew Coffee 250g
2025-08-05,STR006,SKU1004,747,GlowSkin Face Wash 100ml
2025-08-05,STR006,SKU1005,670,PureClean Detergent 1kg
2025-08-05,STR007,SKU1001,683,Alpine Spring Water 1L
2025-08-05,STR007,SKU1002,647,CrispLite Potato Chips
2025-08-05,STR007,SKU1003,880,FreshBrew Coffee 250g
2025-08-05,STR007,SKU1004,510,GlowSkin Face Wash 100ml
2025-08-05,STR007,SKU1005,630,PureClean Detergent 1kg
2025-08-05,STR008,SKU1001,683,Alpine Spring Water 1L
2025-08-05,STR008,SKU1002,635,CrispLite Potato Chips
2025-08-05,STR008,SKU1003,876,FreshBrew Coffee 250g
2025-08-05,STR008,SKU1004,852,GlowSkin Face Wash 100ml
2025-08-05,STR008,SKU1005,816,PureClean Detergent 1kg
2025-08-05,STR009,SKU1001,699,Alpine Spring Water 1L
2025-08-05,STR009,SKU1002,656,CrispLite Potato Chips
2025-08-05,STR009,SKU1003,592,FreshBrew Coffee 250g
2025-08-05,STR009,SKU1004,887,GlowSkin Face Wash 100ml
2025-08-05,STR009,SKU1005,806,PureClean Detergent 1kg
2025-08-05,STR010,SKU1001,826,Alpine Spring Water 1L
2025-08-05,STR010,SKU1002,702,CrispLite Potato Chips
2025-08-05,STR010,SKU1003,727,FreshBrew Coffee 250g
2025-08-05,STR010,SKU1004,550,GlowSkin Face Wash 100ml
2025-08-05,STR010,SKU1005,894,PureClean Detergent 1kg
2025-08-06,STR001,SKU1001,373,Alpine Spring Water 1L
2025-08-06,STR001,SKU1002,373,CrispLite Potato Chips
2025-08-06,STR001,SKU1003,227,FreshBrew Coffee 250g
2025-08-06,STR001,SKU1004,253,GlowSkin Face Wash 100ml
2025-08-06,STR001,SKU1005,328,PureClean Detergent 1kg
2025-08-06,STR002,SKU1001,291,Alpine Spring Water 1L
2025-08-06,STR002,SKU1002,244,CrispLite Potato Chips
2025-08-06,STR002,SKU1003,389,FreshBrew Coffee 250g
2025-08-06,STR002,SKU1004,233,GlowSkin Face Wash 100ml
2025-08-06,STR002,SKU1005,264,PureClean Detergent 1kg
2025-08-06,STR003,SKU1001,199,Alpine Spring Water 1L
2025-08-06,STR003,SKU1002,327,CrispLite Potato Chips
2025-08-06,STR003,SKU1003,283,FreshBrew Coffee 250g
2025-08-06,STR003,SKU1004,331,GlowSkin Face Wash 100ml
2025-08-06,STR003,SKU1005,221,PureClean Detergent 1kg
2025-08-06,STR004,SKU1001,1488,Alpine Spring Water 1L
2025-08-06,STR004,SKU1002,1201,CrispLite Potato Chips
2025-08-06,STR004,SKU1003,1741,FreshBrew Coffee 250g
2025-08-06,STR004,SKU1004,1442,GlowSkin Face Wash 100ml
2025-08-06,STR004,SKU1005,1516,PureClean Detergent 1kg
2025-08-06,STR005,SKU1001,1271,Alpine Spring Water 1L
2025-08-06,STR005,SKU1002,1275,CrispLite Potato Chips
2025-08-06,STR005,SKU1003,2033,FreshBrew Coffee 250g
2025-08-06,STR005,SKU1004,2072,GlowSkin Face Wash 100ml
2025-08-06,STR005,SKU1005,1288,PureClean Detergent 1kg
2025-08-06,STR006,SKU1001,919,Alpine Spring Water 1L
2025-08-06,STR006,SKU1002,574,CrispLite Potato Chips
2025-08-06,STR006,SKU1003,770,FreshBrew Coffee 250g
2025-08-06,STR006,SKU1004,531,GlowSkin Face Wash 100ml
2025-08-06,STR006,SKU1005,846,PureClean Detergent 1kg
2025-08-06,STR007,SKU1001,844,Alpine Spring Water 1L
2025-08-06,STR007,SKU1002,580,CrispLite Potato Chips
2025-08-06,STR007,SKU1003,520,FreshBrew Coffee 250g
2025-08-06,STR007,SKU1004,838,GlowSkin Face Wash 100ml
2025-08-06,STR007,SKU1005,536,PureClean Detergent 1kg
2025-08-06,STR008,SKU1001,573,Alpine Spring Water 1L
2025-08-06,STR008,SKU1002,711,CrispLite Potato Chips
2025-08-06,STR008,SKU1003,803,FreshBrew Coffee 250g
2025-08-06,STR008,SKU1004,763,GlowSkin Face Wash 100ml
2025-08-06,STR008,SKU1005,641,PureClean Detergent 1kg
2025-08-06,STR009,SKU1001,840,Alpine Spring Water 1L
2025-08-06,STR009,SKU1002,834,CrispLite Potato Chips
2025-08-06,STR009,SKU1003,740,FreshBrew Coffee 250g
2025-08-06,STR009,SKU1004,579,GlowSkin Face Wash 100ml
2025-08-06,STR009,SKU1005,611,PureClean Detergent 1kg
2025-08-06,STR010,SKU1001,740,Alpine Spring Water 1L
2025-08-06,STR010,SKU1002,711,CrispLite Potato Chips
2025-08-06,STR010,SKU1003,820,FreshBrew Coffee 250g
2025-08-06,STR010,SKU1004,617,GlowSkin Face Wash 100ml
2025-08-06,STR010,SKU1005,806,PureClean Detergent 1kg
2025-08-07,STR001,SKU1001,359,Alpine Spring Water 1L
2025-08-07,STR001,SKU1002,345,CrispLite Potato Chips
2025-08-07,STR001,SKU1003,202,FreshBrew Coffee 250g
2025-08-07,STR001,SKU1004,322,GlowSkin Face Wash 100ml
2025-08-07,STR001,SKU1005,406,PureClean Detergent 1kg
2025-08-07,STR002,SKU1001,294,Alpine Spring Water 1L
2025-08-07,STR002,SKU1002,295,CrispLite Potato Chips
2025-08-07,STR002,SKU1003,333,FreshBrew Coffee 250g
2025-08-07,STR002,SKU1004,377,GlowSkin Face Wash 100ml
2025-08-07,STR002,SKU1005,296,PureClean Detergent 1kg
2025-08-07,STR003,SKU1001,378,Alpine Spring Water 1L
2025-08-07,STR003,SKU1002,383,CrispLite Potato Chips
2025-08-07,STR003,SKU1003,251,FreshBrew Coffee 250g
2025-08-07,STR003,SKU1004,309,GlowSkin Face Wash 100ml
2025-08-07,STR003,SKU1005,251,PureClean Detergent 1kg
2025-08-07,STR004,SKU1001,1887,Alpine Spring Water 1L
2025-08-07,STR004,SKU1002,1539,CrispLite Potato Chips
2025-08-07,STR004,SKU1003,1484,FreshBrew Coffee 250g
2025-08-07,STR004,SKU1004,2035,GlowSkin Face Wash 100ml
2025-08-07,STR004,SKU1005,1322,PureClean Detergent 1kg
2025-08-07,STR005,SKU1001,1315,Alpine Spring Water 1L
2025-08-07,STR005,SKU1002,1513,CrispLite Potato Chips
2025-08-07,STR005,SKU1003,1763,FreshBrew Coffee 250g
2025-08-07,STR005,SKU1004,1496,GlowSkin Face Wash 100ml
2025-08-07,STR005,SKU1005,1468,PureClean Detergent 1kg
2025-08-07,STR006,SKU1001,823,Alpine Spring Water 1L
2025-08-07,STR006,SKU1002,824,CrispLite Potato Chips
2025-08-07,STR006,SKU1003,682,FreshBrew Coffee 250g
2025-08-07,STR006,SKU1004,510,GlowSkin Face Wash 100ml
2025-08-07,STR006,SKU1005,661,PureClean Detergent 1kg
2025-08-07,STR007,SKU1001,616,Alpine Spring Water 1L
2025-08-07,STR007,SKU1002,837,CrispLite Potato Chips
2025-08-07,STR007,SKU1003,504,FreshBrew Coffee 250g
2025-08-07,STR007,SKU1004,645,GlowSkin Face Wash 100ml
2025-08-07,STR007,SKU1005,862,PureClean Detergent 1kg
2025-08-07,STR008,SKU1001,579,Alpine Spring Water 1L
2025-08-07,STR008,SKU1002,731,CrispLite Potato Chips
2025-08-07,STR008,SKU1003,849,FreshBrew Coffee 250g
2025-08-07,STR008,SKU1004,653,GlowSkin Face Wash 100ml
2025-08-07,STR008,SKU1005,777,PureClean Detergent 1kg
2025-08-07,STR009,SKU1001,491,Alpine Spring Water 1L
2025-08-07,STR009,SKU1002,851,CrispLite Potato Chips
2025-08-07,STR009,SKU1003,831,FreshBrew Coffee 250g
2025-08-07,STR009,SKU1004,722,GlowSkin Face Wash 100ml
2025-08-07,STR009,SKU1005,717,PureClean Detergent 1kg
2025-08-07,STR010,SKU1001,814,Alpine Spring Water 1L
2025-08-07,STR010,SKU1002,876,CrispLite Potato Chips
2025-08-07,STR010,SKU1003,655,FreshBrew Coffee 250g
2025-08-07,STR010,SKU1004,559,GlowSkin Face Wash 100ml
2025-08-07,STR010,SKU1005,725,PureClean Detergent 1kg
2025-08-08,STR001,SKU1001,376,Alpine Spring Water 1L
2025-08-08,STR001,SKU1002,302,CrispLite Potato Chips
2025-08-08,STR001,SKU1003,283,FreshBrew Coffee 250g
2025-08-08,STR001,SKU1004,340,GlowSkin Face Wash 100ml
2025-08-08,STR001,SKU1005,357,PureClean Detergent 1kg
2025-08-08,STR002,SKU1001,388,Alpine Spring Water 1L
2025-08-08,STR002,SKU1002,401,CrispLite Potato Chips
2025-08-08,STR002,SKU1003,276,FreshBrew Coffee 250g
2025-08-08,STR002,SKU1004,212,GlowSkin Face Wash 100ml
2025-08-08,STR002,SKU1005,261,PureClean Detergent 1kg
2025-08-08,STR003,SKU1001,316,Alpine Spring Water 1L
2025-08-08,STR003,SKU1002,219,CrispLite Potato Chips
2025-08-08,STR003,SKU1003,278,FreshBrew Coffee 250g
2025-08-08,STR003,SKU1004,364,GlowSkin Face Wash 100ml
2025-08-08,STR003,SKU1005,196,PureClean Detergent 1kg
2025-08-08,STR004,SKU1001,1429,Alpine Spring Water 1L
2025-08-08,STR004,SKU1002,1288,CrispLite Potato Chips
2025-08-08,STR004,SKU1003,1237,FreshBrew Coffee 250g
2025-08-08,STR004,SKU1004,1847,GlowSkin Face Wash 100ml
2025-08-08,STR004,SKU1005,1552,PureClean Detergent 1kg
2025-08-08,STR005,SKU1001,1786,Alpine Spring Water 1L
2025-08-08,STR005,SKU1002,1918,CrispLite Potato Chips
2025-08-08,STR005,SKU1003,1985,FreshBrew Coffee 250g
2025-08-08,STR005,SKU1004,1173,GlowSkin Face Wash 100ml
2025-08-08,STR005,SKU1005,1074,PureClean Detergent 1kg
2025-08-08,STR006,SKU1001,706,Alpine Spring Water 1L
2025-08-08,STR006,SKU1002,761,CrispLite Potato Chips
2025-08-08,STR006,SKU1003,780,FreshBrew Coffee 250g
2025-08-08,STR006,SKU1004,789,GlowSkin Face Wash 100ml
2025-08-08,STR006,SKU1005,583,PureClean Detergent 1kg
2025-08-08,STR007,SKU1001,602,Alpine Spring Water 1L
2025-08-08,STR007,SKU1002,906,CrispLite Potato Chips
2025-08-08,STR007,SKU1003,610,FreshBrew Coffee 250g
2025-08-08,STR007,SKU1004,744,GlowSkin Face Wash 100ml
2025-08-08,STR007,SKU1005,813,PureClean Detergent 1kg
2025-08-08,STR008,SKU1001,681,Alpine Spring Water 1L
2025-08-08,STR008,SKU1002,709,CrispLite Potato Chips
2025-08-08,STR008,SKU1003,562,FreshBrew Coffee 250g
2025-08-08,STR008,SKU1004,556,GlowSkin Face Wash 100ml
2025-08-08,STR008,SKU1005,538,PureClean Detergent 1kg
2025-08-08,STR009,SKU1001,871,Alpine Spring Water 1L
2025-08-08,STR009,SKU1002,871,CrispLite Potato Chips
2025-08-08,STR009,SKU1003,659,FreshBrew Coffee 250g
2025-08-08,STR009,SKU1004,651,GlowSkin Face Wash 100ml
2025-08-08,STR009,SKU1005,533,PureClean Detergent 1kg
2025-08-08,STR010,SKU1001,579,Alpine Spring Water 1L
2025-08-08,STR010,SKU1002,698,CrispLite Potato Chips
2025-08-08,STR010,SKU1003,625,FreshBrew Coffee 250g
2025-08-08,STR010,SKU1004,689,GlowSkin Face Wash 100ml
2025-08-08,STR010,SKU1005,595,PureClean Detergent 1kg
2025-08-09,STR001,SKU1001,254,Alpine Spring Water 1L
2025-08-09,STR001,SKU1002,231,CrispLite Potato Chips
2025-08-09,STR001,SKU1003,326,FreshBrew Coffee 250g
2025-08-09,STR001,SKU1004,384,GlowSkin Face Wash 100ml
2025-08-09,STR001,SKU1005,384,PureClean Detergent 1kg
2025-08-09,STR002,SKU1001,257,Alpine Spring Water 1L
2025-08-09,STR002,SKU1002,314,CrispLite Potato Chips
2025-08-09,STR002,SKU1003,371,FreshBrew Coffee 250g
2025-08-09,STR002,SKU1004,370,GlowSkin Face Wash 100ml
2025-08-09,STR002,SKU1005,279,PureClean Detergent 1kg
2025-08-09,STR003,SKU1001,276,Alpine Spring Water 1L
2025-08-09,STR003,SKU1002,206,CrispLite Potato Chips
2025-08-09,STR003,SKU1003,305,FreshBrew Coffee 250g
2025-08-09,STR003,SKU1004,257,GlowSkin Face Wash 100ml
2025-08-09,STR003,SKU1005,209,PureClean Detergent 1kg
2025-08-09,STR004,SKU1001,1173,Alpine Spring Water 1L
2025-08-09,STR004,SKU1002,2065,CrispLite Potato Chips
2025-08-09,STR004,SKU1003,1145,FreshBrew Coffee 250g
2025-08-09,STR004,SKU1004,1617,GlowSkin Face Wash 100ml
2025-08-09,STR004,SKU1005,1123,PureClean Detergent 1kg
2025-08-09,STR005,SKU1001,1020,Alpine Spring Water 1L
2025-08-09,STR005,SKU1002,1740,CrispLite Potato Chips
2025-08-09,STR005,SKU1003,1885,FreshBrew Coffee 250g
2025-08-09,STR005,SKU1004,1296,GlowSkin Face Wash 100ml
2025-08-09,STR005,SKU1005,1034,PureClean Detergent 1kg
2025-08-09,STR006,SKU1001,601,Alpine Spring Water 1L
2025-08-09,STR006,SKU1002,663,CrispLite Potato Chips
2025-08-09,STR006,SKU1003,804,FreshBrew Coffee 250g
2025-08-09,STR006,SKU1004,564,GlowSkin Face Wash 100ml
2025-08-09,STR006,SKU1005,776,PureClean Detergent 1kg
2025-08-09,STR007,SKU1001,706,Alpine Spring Water 1L
2025-08-09,STR007,SKU1002,854,CrispLite Potato Chips
2025-08-09,STR007,SKU1003,887,FreshBrew Coffee 250g
2025-08-09,STR007,SKU1004,844,GlowSkin Face Wash 100ml
2025-08-09,STR007,SKU1005,618,PureClean Detergent 1kg
2025-08-09,STR008,SKU1001,793,Alpine Spring Water 1L
2025-08-09,STR008,SKU1002,862,CrispLite Potato Chips
2025-08-09,STR008,SKU1003,769,FreshBrew Coffee 250g
2025-08-09,STR008,SKU1004,885,GlowSkin Face Wash 100ml
2025-08-09,STR008,SKU1005,935,PureClean Detergent 1kg
2025-08-09,STR009,SKU1001,837,Alpine Spring Water 1L
2025-08-09,STR009,SKU1002,953,CrispLite Potato Chips
2025-08-09,STR009,SKU1003,697,FreshBrew Coffee 250g
2025-08-09,STR009,SKU1004,830,GlowSkin Face Wash 100ml
2025-08-09,STR009,SKU1005,792,PureClean Detergent 1kg
2025-08-09,STR010,SKU1001,648,Alpine Spring Water 1L
2025-08-09,STR010,SKU1002,731,CrispLite Potato Chips
2025-08-09,STR010,SKU1003,727,FreshBrew Coffee 250g
2025-08-09,STR010,SKU1004,708,GlowSkin Face Wash 100ml
2025-08-09,STR010,SKU1005,494,PureClean Detergent 1kg
2025-08-10,STR001,SKU1001,210,Alpine Spring Water 1L
2025-08-10,STR001,SKU1002,293,CrispLite Potato Chips
2025-08-10,STR001,SKU1003,325,FreshBrew Coffee 250g
2025-08-10,STR001,SKU1004,273,GlowSkin Face Wash 100ml
2025-08-10,STR001,SKU1005,297,PureClean Detergent 1kg
2025-08-10,STR002,SKU1001,255,Alpine Spring Water 1L
2025-08-10,STR002,SKU1002,247,CrispLite Potato Chips
2025-08-10,STR002,SKU1003,359,FreshBrew Coffee 250g
2025-08-10,STR002,SKU1004,334,GlowSkin Face Wash 100ml
2025-08-10,STR002,SKU1005,210,PureClean Detergent 1kg
2025-08-10,STR003,SKU1001,392,Alpine Spring Water 1L
2025-08-10,STR003,SKU1002,371,CrispLite Potato Chips
2025-08-10,STR003,SKU1003,206,FreshBrew Coffee 250g
2025-08-10,STR003,SKU1004,224,GlowSkin Face Wash 100ml
2025-08-10,STR003,SKU1005,351,PureClean Detergent 1kg
2025-08-10,STR004,SKU1001,1754,Alpine Spring Water 1L
2025-08-10,STR004,SKU1002,1814,CrispLite Potato Chips
2025-08-10,STR004,SKU1003,1663,FreshBrew Coffee 250g
2025-08-10,STR004,SKU1004,1888,GlowSkin Face Wash 100ml
2025-08-10,STR004,SKU1005,1075,PureClean Detergent 1kg
2025-08-10,STR005,SKU1001,1505,Alpine Spring Water 1L
2025-08-10,STR005,SKU1002,1265,CrispLite Potato Chips
2025-08-10,STR005,SKU1003,1452,FreshBrew Coffee 250g
2025-08-10,STR005,SKU1004,1805,GlowSkin Face Wash 100ml
2025-08-10,STR005,SKU1005,1902,PureClean Detergent 1kg
2025-08-10,STR006,SKU1001,781,Alpine Spring Water 1L
2025-08-10,STR006,SKU1002,690,CrispLite Potato Chips
2025-08-10,STR006,SKU1003,759,FreshBrew Coffee 250g
2025-08-10,STR006,SKU1004,601,GlowSkin Face Wash 100ml
2025-08-10,STR006,SKU1005,637,PureClean Detergent 1kg
2025-08-10,STR007,SKU1001,884,Alpine Spring Water 1L
2025-08-10,STR007,SKU1002,579,CrispLite Potato Chips
2025-08-10,STR007,SKU1003,831,FreshBrew Coffee 250g
2025-08-10,STR007,SKU1004,876,GlowSkin Face Wash 100ml
2025-08-10,STR007,SKU1005,924,PureClean Detergent 1kg
2025-08-10,STR008,SKU1001,882,Alpine Spring Water 1L
2025-08-10,STR008,SKU1002,668,CrispLite Potato Chips
2025-08-10,STR008,SKU1003,819,FreshBrew Coffee 250g
2025-08-10,STR008,SKU1004,796,GlowSkin Face Wash 100ml
2025-08-10,STR008,SKU1005,678,PureClean Detergent 1kg
2025-08-10,STR009,SKU1001,762,Alpine Spring Water 1L
2025-08-10,STR009,SKU1002,573,CrispLite Potato Chips
2025-08-10,STR009,SKU1003,715,FreshBrew Coffee 250g
2025-08-10,STR009,SKU1004,835,GlowSkin Face Wash 100ml
2025-08-10,STR009,SKU1005,894,PureClean Detergent 1kg
2025-08-10,STR010,SKU1001,799,Alpine Spring Water 1L
2025-08-10,STR010,SKU1002,728,CrispLite Potato Chips
2025-08-10,STR010,SKU1003,651,FreshBrew Coffee 250g
2025-08-10,STR010,SKU1004,549,GlowSkin Face Wash 100ml
2025-08-10,STR010,SKU1005,801,PureClean Detergent 1kg
2025-08-11,STR001,SKU1001,238,Alpine Spring Water 1L
2025-08-11,STR001,SKU1002,225,CrispLite Potato Chips
2025-08-11,STR001,SKU1003,213,FreshBrew Coffee 250g
2025-08-11,STR001,SKU1004,266,GlowSkin Face Wash 100ml
2025-08-11,STR001,SKU1005,256,PureClean Detergent 1kg
2025-08-11,STR002,SKU1001,249,Alpine Spring Water 1L
2025-08-11,STR002,SKU1002,226,CrispLite Potato Chips
2025-08-11,STR002,SKU1003,336,FreshBrew Coffee 250g
2025-08-11,STR002,SKU1004,337,GlowSkin Face Wash 100ml
2025-08-11,STR002,SKU1005,329,PureClean Detergent 1kg
2025-08-11,STR003,SKU1001,385,Alpine Spring Water 1L
2025-08-11,STR003,SKU1002,316,CrispLite Potato Chips
2025-08-11,STR003,SKU1003,355,FreshBrew Coffee 250g
2025-08-11,STR003,SKU1004,390,GlowSkin Face Wash 100ml
2025-08-11,STR003,SKU1005,220,PureClean Detergent 1kg
2025-08-11,STR004,SKU1001,1874,Alpine Spring Water 1L
2025-08-11,STR004,SKU1002,2000,CrispLite Potato Chips
2025-08-11,STR004,SKU1003,1316,FreshBrew Coffee 250g
2025-08-11,STR004,SKU1004,1991,GlowSkin Face Wash 100ml
2025-08-11,STR004,SKU1005,1072,PureClean Detergent 1kg
2025-08-11,STR005,SKU1001,1485,Alpine Spring Water 1L
2025-08-11,STR005,SKU1002,1996,CrispLite Potato Chips
2025-08-11,STR005,SKU1003,2044,FreshBrew Coffee 250g
2025-08-11,STR005,SKU1004,1924,GlowSkin Face Wash 100ml
2025-08-11,STR005,SKU1005,1004,PureClean Detergent 1kg
2025-08-11,STR006,SKU1001,557,Alpine Spring Water 1L
2025-08-11,STR006,SKU1002,564,CrispLite Potato Chips
2025-08-11,STR006,SKU1003,637,FreshBrew Coffee 250g
2025-08-11,STR006,SKU1004,708,GlowSkin Face Wash 100ml
2025-08-11,STR006,SKU1005,876,PureClean Detergent 1kg
2025-08-11,STR007,SKU1001,846,Alpine Spring Water 1L
2025-08-11,STR007,SKU1002,527,CrispLite Potato Chips
2025-08-11,STR007,SKU1003,600,FreshBrew Coffee 250g
2025-08-11,STR007,SKU1004,787,GlowSkin Face Wash 100ml
2025-08-11,STR007,SKU1005,937,PureClean Detergent 1kg
2025-08-11,STR008,SKU1001,633,Alpine Spring Water 1L
2025-08-11,STR008,SKU1002,578,CrispLite Potato Chips
2025-08-11,STR008,SKU1003,742,FreshBrew Coffee 250g
2025-08-11,STR008,SKU1004,818,GlowSkin Face Wash 100ml
2025-08-11,STR008,SKU1005,721,PureClean Detergent 1kg
2025-08-11,STR009,SKU1001,748,Alpine Spring Water 1L
2025-08-11,STR009,SKU1002,530,CrispLite Potato Chips
2025-08-11,STR009,SKU1003,796,FreshBrew Coffee 250g
2025-08-11,STR009,SKU1004,703,GlowSkin Face Wash 100ml
2025-08-11,STR009,SKU1005,850,PureClean Detergent 1kg
2025-08-11,STR010,SKU1001,513,Alpine Spring Water 1L
2025-08-11,STR010,SKU1002,542,CrispLite Potato Chips
2025-08-11,STR010,SKU1003,564,FreshBrew Coffee 250g
2025-08-11,STR010,SKU1004,638,GlowSkin Face Wash 100ml
2025-08-11,STR010,SKU1005,842,PureClean Detergent 1kg
2025-08-12,STR001,SKU1001,380,Alpine Spring Water 1L
2025-08-12,STR001,SKU1002,265,CrispLite Potato Chips
2025-08-12,STR001,SKU1003,289,FreshBrew Coffee 250g
2025-08-12,STR001,SKU1004,222,GlowSkin Face Wash 100ml
2025-08-12,STR001,SKU1005,270,PureClean Detergent 1kg
2025-08-12,STR002,SKU1001,214,Alpine Spring Water 1L
2025-08-12,STR002,SKU1002,223,CrispLite Potato Chips
2025-08-12,STR002,SKU1003,361,FreshBrew Coffee 250g
2025-08-12,STR002,SKU1004,240,GlowSkin Face Wash 100ml
2025-08-12,STR002,SKU1005,297,PureClean Detergent 1kg
2025-08-12,STR003,SKU1001,305,Alpine Spring Water 1L
2025-08-12,STR003,SKU1002,252,CrispLite Potato Chips
2025-08-12,STR003,SKU1003,390,FreshBrew Coffee 250g
2025-08-12,STR003,SKU1004,299,GlowSkin Face Wash 100ml
2025-08-12,STR003,SKU1005,306,PureClean Detergent 1kg
2025-08-12,STR004,SKU1001,1401,Alpine Spring Water 1L
2025-08-12,STR004,SKU1002,1329,CrispLite Potato Chips
2025-08-12,STR004,SKU1003,1724,FreshBrew Coffee 250g
2025-08-12,STR004,SKU1004,1969,GlowSkin Face Wash 100ml
2025-08-12,STR004,SKU1005,1395,PureClean Detergent 1kg
2025-08-12,STR005,SKU1001,1851,Alpine Spring Water 1L
2025-08-12,STR005,SKU1002,1211,CrispLite Potato Chips
2025-08-12,STR005,SKU1003,1670,FreshBrew Coffee 250g
2025-08-12,STR005,SKU1004,1582,GlowSkin Face Wash 100ml
2025-08-12,STR005,SKU1005,1694,PureClean Detergent 1kg
2025-08-12,STR006,SKU1001,664,Alpine Spring Water 1L
2025-08-12,STR006,SKU1002,640,CrispLite Potato Chips
2025-08-12,STR006,SKU1003,908,FreshBrew Coffee 250g
2025-08-12,STR006,SKU1004,682,GlowSkin Face Wash 100ml
2025-08-12,STR006,SKU1005,705,PureClean Detergent 1kg
2025-08-12,STR007,SKU1001,626,Alpine Spring Water 1L
2025-08-12,STR007,SKU1002,674,CrispLite Potato Chips
2025-08-12,STR007,SKU1003,731,FreshBrew Coffee 250g
2025-08-12,STR007,SKU1004,705,GlowSkin Face Wash 100ml
2025-08-12,STR007,SKU1005,865,PureClean Detergent 1kg
2025-08-12,STR008,SKU1001,730,Alpine Spring Water 1L
2025-08-12,STR008,SKU1002,899,CrispLite Potato Chips
2025-08-12,STR008,SKU1003,566,FreshBrew Coffee 250g
2025-08-12,STR008,SKU1004,706,GlowSkin Face Wash 100ml
2025-08-12,STR008,SKU1005,592,PureClean Detergent 1kg
2025-08-12,STR009,SKU1001,493,Alpine Spring Water 1L
2025-08-12,STR009,SKU1002,799,CrispLite Potato Chips
2025-08-12,STR009,SKU1003,833,FreshBrew Coffee 250g
2025-08-12,STR009,SKU1004,680,GlowSkin Face Wash 100ml
2025-08-12,STR009,SKU1005,881,PureClean Detergent 1kg
2025-08-12,STR010,SKU1001,681,Alpine Spring Water 1L
2025-08-12,STR010,SKU1002,793,CrispLite Potato Chips
2025-08-12,STR010,SKU1003,607,FreshBrew Coffee 250g
2025-08-12,STR010,SKU1004,845,GlowSkin Face Wash 100ml
2025-08-12,STR010,SKU1005,598,PureClean Detergent 1kg
2025-08-13,STR001,SKU1001,251,Alpine Spring Water 1L
2025-08-13,STR001,SKU1002,348,CrispLite Potato Chips
2025-08-13,STR001,SKU1003,300,FreshBrew Coffee 250g
2025-08-13,STR001,SKU1004,219,GlowSkin Face Wash 100ml
2025-08-13,STR001,SKU1005,333,PureClean Detergent 1kg
2025-08-13,STR002,SKU1001,221,Alpine Spring Water 1L
2025-08-13,STR002,SKU1002,213,CrispLite Potato Chips
2025-08-13,STR002,SKU1003,267,FreshBrew Coffee 250g
2025-08-13,STR002,SKU1004,266,GlowSkin Face Wash 100ml
2025-08-13,STR002,SKU1005,301,PureClean Detergent 1kg
2025-08-13,STR003,SKU1001,288,Alpine Spring Water 1L
2025-08-13,STR003,SKU1002,359,CrispLite Potato Chips
2025-08-13,STR003,SKU1003,203,FreshBrew Coffee 250g
2025-08-13,STR003,SKU1004,242,GlowSkin Face Wash 100ml
2025-08-13,STR003,SKU1005,197,PureClean Detergent 1kg
2025-08-13,STR004,SKU1001,1987,Alpine Spring Water 1L
2025-08-13,STR004,SKU1002,1670,CrispLite Potato Chips
2025-08-13,STR004,SKU1003,1902,FreshBrew Coffee 250g
2025-08-13,STR004,SKU1004,1063,GlowSkin Face Wash 100ml
2025-08-13,STR004,SKU1005,1666,PureClean Detergent 1kg
2025-08-13,STR005,SKU1001,1138,Alpine Spring Water 1L
2025-08-13,STR005,SKU1002,1260,CrispLite Potato Chips
2025-08-13,STR005,SKU1003,1070,FreshBrew Coffee 250g
2025-08-13,STR005,SKU1004,1601,GlowSkin Face Wash 100ml
2025-08-13,STR005,SKU1005,989,PureClean Detergent 1kg
2025-08-13,STR006,SKU1001,585,Alpine Spring Water 1L
2025-08-13,STR006,SKU1002,517,CrispLite Potato Chips
2025-08-13,STR006,SKU1003,647,FreshBrew Coffee 250g
2025-08-13,STR006,SKU1004,802,GlowSkin Face Wash 100ml
2025-08-13,STR006,SKU1005,895,PureClean Detergent 1kg
2025-08-13,STR007,SKU1001,866,Alpine Spring Water 1L
2025-08-13,STR007,SKU1002,646,CrispLite Potato Chips
2025-08-13,STR007,SKU1003,862,FreshBrew Coffee 250g
2025-08-13,STR007,SKU1004,780,GlowSkin Face Wash 100ml
2025-08-13,STR007,SKU1005,854,PureClean Detergent 1kg
2025-08-13,STR008,SKU1001,530,Alpine Spring Water 1L
2025-08-13,STR008,SKU1002,746,CrispLite Potato Chips
2025-08-13,STR008,SKU1003,869,FreshBrew Coffee 250g
2025-08-13,STR008,SKU1004,826,GlowSkin Face Wash 100ml
2025-08-13,STR008,SKU1005,777,PureClean Detergent 1kg
2025-08-13,STR009,SKU1001,654,Alpine Spring Water 1L
2025-08-13,STR009,SKU1002,720,CrispLite Potato Chips
2025-08-13,STR009,SKU1003,794,FreshBrew Coffee 250g
2025-08-13,STR009,SKU1004,687,GlowSkin Face Wash 100ml
2025-08-13,STR009,SKU1005,727,PureClean Detergent 1kg
2025-08-13,STR010,SKU1001,725,Alpine Spring Water 1L
2025-08-13,STR010,SKU1002,599,CrispLite Potato Chips
2025-08-13,STR010,SKU1003,707,FreshBrew Coffee 250g
2025-08-13,STR010,SKU1004,546,GlowSkin Face Wash 100ml
2025-08-13,STR010,SKU1005,522,PureClean Detergent 1kg
2025-08-14,STR001,SKU1001,326,Alpine Spring Water 1L
2025-08-14,STR001,SKU1002,220,CrispLite Potato Chips
2025-08-14,STR001,SKU1003,252,FreshBrew Coffee 250g
2025-08-14,STR001,SKU1004,327,GlowSkin Face Wash 100ml
2025-08-14,STR001,SKU1005,318,PureClean Detergent 1kg
2025-08-14,STR002,SKU1001,359,Alpine Spring Water 1L
2025-08-14,STR002,SKU1002,197,CrispLite Potato Chips
2025-08-14,STR002,SKU1003,401,FreshBrew Coffee 250g
2025-08-14,STR002,SKU1004,251,GlowSkin Face Wash 100ml
2025-08-14,STR002,SKU1005,295,PureClean Detergent 1kg
2025-08-14,STR003,SKU1001,354,Alpine Spring Water 1L
2025-08-14,STR003,SKU1002,347,CrispLite Potato Chips
2025-08-14,STR003,SKU1003,357,FreshBrew Coffee 250g
2025-08-14,STR003,SKU1004,290,GlowSkin Face Wash 100ml
2025-08-14,STR003,SKU1005,364,PureClean Detergent 1kg
2025-08-14,STR004,SKU1001,1604,Alpine Spring Water 1L
2025-08-14,STR004,SKU1002,1410,CrispLite Potato Chips
2025-08-14,STR004,SKU1003,1599,FreshBrew Coffee 250g
2025-08-14,STR004,SKU1004,1718,GlowSkin Face Wash 100ml
2025-08-14,STR004,SKU1005,1407,PureClean Detergent 1kg
2025-08-14,STR005,SKU1001,1073,Alpine Spring Water 1L
2025-08-14,STR005,SKU1002,1460,CrispLite Potato Chips
2025-08-14,STR005,SKU1003,1148,FreshBrew Coffee 250g
2025-08-14,STR005,SKU1004,1559,GlowSkin Face Wash 100ml
2025-08-14,STR005,SKU1005,1589,PureClean Detergent 1kg
2025-08-14,STR006,SKU1001,877,Alpine Spring Water 1L
2025-08-14,STR006,SKU1002,509,CrispLite Potato Chips
2025-08-14,STR006,SKU1003,897,FreshBrew Coffee 250g
2025-08-14,STR006,SKU1004,808,GlowSkin Face Wash 100ml
2025-08-14,STR006,SKU1005,711,PureClean Detergent 1kg
2025-08-14,STR007,SKU1001,886,Alpine Spring Water 1L
2025-08-14,STR007,SKU1002,837,CrispLite Potato Chips
2025-08-14,STR007,SKU1003,828,FreshBrew Coffee 250g
2025-08-14,STR007,SKU1004,685,GlowSkin Face Wash 100ml
2025-08-14,STR007,SKU1005,648,PureClean Detergent 1kg
2025-08-14,STR008,SKU1001,703,Alpine Spring Water 1L
2025-08-14,STR008,SKU1002,536,CrispLite Potato Chips
2025-08-14,STR008,SKU1003,658,FreshBrew Coffee 250g
2025-08-14,STR008,SKU1004,704,GlowSkin Face Wash 100ml
2025-08-14,STR008,SKU1005,594,PureClean Detergent 1kg
2025-08-14,STR009,SKU1001,894,Alpine Spring Water 1L
2025-08-14,STR009,SKU1002,760,CrispLite Potato Chips
2025-08-14,STR009,SKU1003,669,FreshBrew Coffee 250g
2025-08-14,STR009,SKU1004,699,GlowSkin Face Wash 100ml
2025-08-14,STR009,SKU1005,743,PureClean Detergent 1kg
2025-08-14,STR010,SKU1001,601,Alpine Spring Water 1L
2025-08-14,STR010,SKU1002,573,CrispLite Potato Chips
2025-08-14,STR010,SKU1003,886,FreshBrew Coffee 250g
2025-08-14,STR010,SKU1004,606,GlowSkin Face Wash 100ml
2025-08-14,STR010,SKU1005,746,PureClean Detergent 1kg
2025-08-15,STR001,SKU1001,247,Alpine Spring Water 1L
2025-08-15,STR001,SKU1002,197,CrispLite Potato Chips
2025-08-15,STR001,SKU1003,289,FreshBrew Coffee 250g
2025-08-15,STR001,SKU1004,373,GlowSkin Face Wash 100ml
2025-08-15,STR001,SKU1005,297,PureClean Detergent 1kg
2025-08-15,STR002,SKU1001,276,Alpine Spring Water 1L
2025-08-15,STR002,SKU1002,249,CrispLite Potato Chips
2025-08-15,STR002,SKU1003,295,FreshBrew Coffee 250g
2025-08-15,STR002,SKU1004,267,GlowSkin Face Wash 100ml
2025-08-15,STR002,SKU1005,208,PureClean Detergent 1kg
2025-08-15,STR003,SKU1001,303,Alpine Spring Water 1L
2025-08-15,STR003,SKU1002,397,CrispLite Potato Chips
2025-08-15,STR003,SKU1003,275,FreshBrew Coffee 250g
2025-08-15,STR003,SKU1004,314,GlowSkin Face Wash 100ml
2025-08-15,STR003,SKU1005,225,PureClean Detergent 1kg
2025-08-15,STR004,SKU1001,1936,Alpine Spring Water 1L
2025-08-15,STR004,SKU1002,1886,CrispLite Potato Chips
2025-08-15,STR004,SKU1003,2030,FreshBrew Coffee 250g
2025-08-15,STR004,SKU1004,1292,GlowSkin Face Wash 100ml
2025-08-15,STR004,SKU1005,1633,PureClean Detergent 1kg
2025-08-15,STR005,SKU1001,1754,Alpine Spring Water 1L
2025-08-15,STR005,SKU1002,1121,CrispLite Potato Chips
2025-08-15,STR005,SKU1003,1278,FreshBrew Coffee 250g
2025-08-15,STR005,SKU1004,1954,GlowSkin Face Wash 100ml
2025-08-15,STR005,SKU1005,1940,PureClean Detergent 1kg
2025-08-15,STR006,SKU1001,713,Alpine Spring Water 1L
2025-08-15,STR006,SKU1002,607,CrispLite Potato Chips
2025-08-15,STR006,SKU1003,910,FreshBrew Coffee 250g
2025-08-15,STR006,SKU1004,617,GlowSkin Face Wash 100ml
2025-08-15,STR006,SKU1005,578,PureClean Detergent 1kg
2025-08-15,STR007,SKU1001,729,Alpine Spring Water 1L
2025-08-15,STR007,SKU1002,632,CrispLite Potato Chips
2025-08-15,STR007,SKU1003,637,FreshBrew Coffee 250g
2025-08-15,STR007,SKU1004,511,GlowSkin Face Wash 100ml
2025-08-15,STR007,SKU1005,568,PureClean Detergent 1kg
2025-08-15,STR008,SKU1001,651,Alpine Spring Water 1L
2025-08-15,STR008,SKU1002,656,CrispLite Potato Chips
2025-08-15,STR008,SKU1003,756,FreshBrew Coffee 250g
2025-08-15,STR008,SKU1004,716,GlowSkin Face Wash 100ml
2025-08-15,STR008,SKU1005,776,PureClean Detergent 1kg
2025-08-15,STR009,SKU1001,585,Alpine Spring Water 1L
2025-08-15,STR009,SKU1002,571,CrispLite Potato Chips
2025-08-15,STR009,SKU1003,586,FreshBrew Coffee 250g
2025-08-15,STR009,SKU1004,928,GlowSkin Face Wash 100ml
2025-08-15,STR009,SKU1005,835,PureClean Detergent 1kg
2025-08-15,STR010,SKU1001,641,Alpine Spring Water 1L
2025-08-15,STR010,SKU1002,695,CrispLite Potato Chips
2025-08-15,STR010,SKU1003,733,FreshBrew Coffee 250g
2025-08-15,STR010,SKU1004,493,GlowSkin Face Wash 100ml
2025-08-15,STR010,SKU1005,707,PureClean Detergent 1kg
2025-08-16,STR001,SKU1001,288,Alpine Spring Water 1L
2025-08-16,STR001,SKU1002,275,CrispLite Potato Chips
2025-08-16,STR001,SKU1003,357,FreshBrew Coffee 250g
2025-08-16,STR001,SKU1004,285,GlowSkin Face Wash 100ml
2025-08-16,STR001,SKU1005,304,PureClean Detergent 1kg
2025-08-16,STR002,SKU1001,305,Alpine Spring Water 1L
2025-08-16,STR002,SKU1002,223,CrispLite Potato Chips
2025-08-16,STR002,SKU1003,381,FreshBrew Coffee 250g
2025-08-16,STR002,SKU1004,301,GlowSkin Face Wash 100ml
2025-08-16,STR002,SKU1005,387,PureClean Detergent 1kg
2025-08-16,STR003,SKU1001,257,Alpine Spring Water 1L
2025-08-16,STR003,SKU1002,303,CrispLite Potato Chips
2025-08-16,STR003,SKU1003,259,FreshBrew Coffee 250g
2025-08-16,STR003,SKU1004,356,GlowSkin Face Wash 100ml
2025-08-16,STR003,SKU1005,285,PureClean Detergent 1kg
2025-08-16,STR004,SKU1001,1416,Alpine Spring Water 1L
2025-08-16,STR004,SKU1002,1044,CrispLite Potato Chips
2025-08-16,STR004,SKU1003,1921,FreshBrew Coffee 250g
2025-08-16,STR004,SKU1004,1236,GlowSkin Face Wash 100ml
2025-08-16,STR004,SKU1005,1274,PureClean Detergent 1kg
2025-08-16,STR005,SKU1001,1816,Alpine Spring Water 1L
2025-08-16,STR005,SKU1002,1699,CrispLite Potato Chips
2025-08-16,STR005,SKU1003,1746,FreshBrew Coffee 250g
2025-08-16,STR005,SKU1004,1901,GlowSkin Face Wash 100ml
2025-08-16,STR005,SKU1005,1658,PureClean Detergent 1kg
2025-08-16,STR006,SKU1001,560,Alpine Spring Water 1L
2025-08-16,STR006,SKU1002,848,CrispLite Potato Chips
2025-08-16,STR006,SKU1003,627,FreshBrew Coffee 250g
2025-08-16,STR006,SKU1004,704,GlowSkin Face Wash 100ml
2025-08-16,STR006,SKU1005,811,PureClean Detergent 1kg
2025-08-16,STR007,SKU1001,503,Alpine Spring Water 1L
2025-08-16,STR007,SKU1002,613,CrispLite Potato Chips
2025-08-16,STR007,SKU1003,904,FreshBrew Coffee 250g
2025-08-16,STR007,SKU1004,950,GlowSkin Face Wash 100ml
2025-08-16,STR007,SKU1005,891,PureClean Detergent 1kg
2025-08-16,STR008,SKU1001,845,Alpine Spring Water 1L
2025-08-16,STR008,SKU1002,616,CrispLite Potato Chips
2025-08-16,STR008,SKU1003,797,FreshBrew Coffee 250g
2025-08-16,STR008,SKU1004,910,GlowSkin Face Wash 100ml
2025-08-16,STR008,SKU1005,849,PureClean Detergent 1kg
2025-08-16,STR009,SKU1001,781,Alpine Spring Water 1L
2025-08-16,STR009,SKU1002,683,CrispLite Potato Chips
2025-08-16,STR009,SKU1003,506,FreshBrew Coffee 250g
2025-08-16,STR009,SKU1004,529,GlowSkin Face Wash 100ml
2025-08-16,STR009,SKU1005,805,PureClean Detergent 1kg
2025-08-16,STR010,SKU1001,662,Alpine Spring Water 1L
2025-08-16,STR010,SKU1002,892,CrispLite Potato Chips
2025-08-16,STR010,SKU1003,862,FreshBrew Coffee 250g
2025-08-16,STR010,SKU1004,817,GlowSkin Face Wash 100ml
2025-08-16,STR010,SKU1005,831,PureClean Detergent 1kg
2025-08-17,STR001,SKU1001,248,Alpine Spring Water 1L
2025-08-17,STR001,SKU1002,314,CrispLite Potato Chips
2025-08-17,STR001,SKU1003,334,FreshBrew Coffee 250g
2025-08-17,STR001,SKU1004,330,GlowSkin Face Wash 100ml
2025-08-17,STR001,SKU1005,375,PureClean Detergent 1kg
2025-08-17,STR002,SKU1001,269,Alpine Spring Water 1L
2025-08-17,STR002,SKU1002,210,CrispLite Potato Chips
2025-08-17,STR002,SKU1003,289,FreshBrew Coffee 250g
2025-08-17,STR002,SKU1004,396,GlowSkin Face Wash 100ml
2025-08-17,STR002,SKU1005,245,PureClean Detergent 1kg
2025-08-17,STR003,SKU1001,367,Alpine Spring Water 1L
2025-08-17,STR003,SKU1002,362,CrispLite Potato Chips
2025-08-17,STR003,SKU1003,352,FreshBrew Coffee 250g
2025-08-17,STR003,SKU1004,264,GlowSkin Face Wash 100ml
2025-08-17,STR003,SKU1005,223,PureClean Detergent 1kg
2025-08-17,STR004,SKU1001,1547,Alpine Spring Water 1L
2025-08-17,STR004,SKU1002,1488,CrispLite Potato Chips
2025-08-17,STR004,SKU1003,1289,FreshBrew Coffee 250g
2025-08-17,STR004,SKU1004,1520,GlowSkin Face Wash 100ml
2025-08-17,STR004,SKU1005,1324,PureClean Detergent 1kg
2025-08-17,STR005,SKU1001,2012,Alpine Spring Water 1L
2025-08-17,STR005,SKU1002,1465,CrispLite Potato Chips
2025-08-17,STR005,SKU1003,1424,FreshBrew Coffee 250g
2025-08-17,STR005,SKU1004,1165,GlowSkin Face Wash 100ml
2025-08-17,STR005,SKU1005,1759,PureClean Detergent 1kg
2025-08-17,STR006,SKU1001,715,Alpine Spring Water 1L
2025-08-17,STR006,SKU1002,548,CrispLite Potato Chips
2025-08-17,STR006,SKU1003,692,FreshBrew Coffee 250g
2025-08-17,STR006,SKU1004,629,GlowSkin Face Wash 100ml
2025-08-17,STR006,SKU1005,693,PureClean Detergent 1kg
2025-08-17,STR007,SKU1001,554,Alpine Spring Water 1L
2025-08-17,STR007,SKU1002,799,CrispLite Potato Chips
2025-08-17,STR007,SKU1003,558,FreshBrew Coffee 250g
2025-08-17,STR007,SKU1004,594,GlowSkin Face Wash 100ml
2025-08-17,STR007,SKU1005,602,PureClean Detergent 1kg
2025-08-17,STR008,SKU1001,880,Alpine Spring Water 1L
2025-08-17,STR008,SKU1002,738,CrispLite Potato Chips
2025-08-17,STR008,SKU1003,545,FreshBrew Coffee 250g
2025-08-17,STR008,SKU1004,627,GlowSkin Face Wash 100ml
2025-08-17,STR008,SKU1005,667,PureClean Detergent 1kg
2025-08-17,STR009,SKU1001,593,Alpine Spring Water 1L
2025-08-17,STR009,SKU1002,907,CrispLite Potato Chips
2025-08-17,STR009,SKU1003,482,FreshBrew Coffee 250g
2025-08-17,STR009,SKU1004,875,GlowSkin Face Wash 100ml
2025-08-17,STR009,SKU1005,641,PureClean Detergent 1kg
2025-08-17,STR010,SKU1001,573,Alpine Spring Water 1L
2025-08-17,STR010,SKU1002,750,CrispLite Potato Chips
2025-08-17,STR010,SKU1003,544,FreshBrew Coffee 250g
2025-08-17,STR010,SKU1004,534,GlowSkin Face Wash 100ml
2025-08-17,STR010,SKU1005,850,PureClean Detergent 1kg
2025-08-18,STR001,SKU1001,208,Alpine Spring Water 1L
2025-08-18,STR001,SKU1002,268,CrispLite Potato Chips
2025-08-18,STR001,SKU1003,280,FreshBrew Coffee 250g
2025-08-18,STR001,SKU1004,376,GlowSkin Face Wash 100ml
2025-08-18,STR001,SKU1005,372,PureClean Detergent 1kg
2025-08-18,STR002,SKU1001,272,Alpine Spring Water 1L
2025-08-18,STR002,SKU1002,207,CrispLite Potato Chips
2025-08-18,STR002,SKU1003,224,FreshBrew Coffee 250g
2025-08-18,STR002,SKU1004,351,GlowSkin Face Wash 100ml
2025-08-18,STR002,SKU1005,282,PureClean Detergent 1kg
2025-08-18,STR003,SKU1001,307,Alpine Spring Water 1L
2025-08-18,STR003,SKU1002,267,CrispLite Potato Chips
2025-08-18,STR003,SKU1003,204,FreshBrew Coffee 250g
2025-08-18,STR003,SKU1004,400,GlowSkin Face Wash 100ml
2025-08-18,STR003,SKU1005,344,PureClean Detergent 1kg
2025-08-18,STR004,SKU1001,1370,Alpine Spring Water 1L
2025-08-18,STR004,SKU1002,1883,CrispLite Potato Chips
2025-08-18,STR004,SKU1003,2012,FreshBrew Coffee 250g
2025-08-18,STR004,SKU1004,2011,GlowSkin Face Wash 100ml
2025-08-18,STR004,SKU1005,1482,PureClean Detergent 1kg
2025-08-18,STR005,SKU1001,1288,Alpine Spring Water 1L
2025-08-18,STR005,SKU1002,1261,CrispLite Potato Chips
2025-08-18,STR005,SKU1003,1520,FreshBrew Coffee 250g
2025-08-18,STR005,SKU1004,1663,GlowSkin Face Wash 100ml
2025-08-18,STR005,SKU1005,1920,PureClean Detergent 1kg
2025-08-18,STR006,SKU1001,681,Alpine Spring Water 1L
2025-08-18,STR006,SKU1002,581,CrispLite Potato Chips
2025-08-18,STR006,SKU1003,567,FreshBrew Coffee 250g
2025-08-18,STR006,SKU1004,621,GlowSkin Face Wash 100ml
2025-08-18,STR006,SKU1005,611,PureClean Detergent 1kg
2025-08-18,STR007,SKU1001,856,Alpine Spring Water 1L
2025-08-18,STR007,SKU1002,886,CrispLite Potato Chips
2025-08-18,STR007,SKU1003,793,FreshBrew Coffee 250g
2025-08-18,STR007,SKU1004,720,GlowSkin Face Wash 100ml
2025-08-18,STR007,SKU1005,900,PureClean Detergent 1kg
2025-08-18,STR008,SKU1001,588,Alpine Spring Water 1L
2025-08-18,STR008,SKU1002,592,CrispLite Potato Chips
2025-08-18,STR008,SKU1003,748,FreshBrew Coffee 250g
2025-08-18,STR008,SKU1004,883,GlowSkin Face Wash 100ml
2025-08-18,STR008,SKU1005,583,PureClean Detergent 1kg
2025-08-18,STR009,SKU1001,637,Alpine Spring Water 1L
2025-08-18,STR009,SKU1002,794,CrispLite Potato Chips
2025-08-18,STR009,SKU1003,753,FreshBrew Coffee 250g
2025-08-18,STR009,SKU1004,945,GlowSkin Face Wash 100ml
2025-08-18,STR009,SKU1005,520,PureClean Detergent 1kg
2025-08-18,STR010,SKU1001,861,Alpine Spring Water 1L
2025-08-18,STR010,SKU1002,635,CrispLite Potato Chips
2025-08-18,STR010,SKU1003,553,FreshBrew Coffee 250g
2025-08-18,STR010,SKU1004,527,GlowSkin Face Wash 100ml
2025-08-18,STR010,SKU1005,741,PureClean Detergent 1kg
2025-08-19,STR001,SKU1001,313,Alpine Spring Water 1L
2025-08-19,STR001,SKU1002,242,CrispLite Potato Chips
2025-08-19,STR001,SKU1003,385,FreshBrew Coffee 250g
2025-08-19,STR001,SKU1004,349,GlowSkin Face Wash 100ml
2025-08-19,STR001,SKU1005,377,PureClean Detergent 1kg
2025-08-19,STR002,SKU1001,290,Alpine Spring Water 1L
2025-08-19,STR002,SKU1002,225,CrispLite Potato Chips
2025-08-19,STR002,SKU1003,357,FreshBrew Coffee 250g
2025-08-19,STR002,SKU1004,360,GlowSkin Face Wash 100ml
2025-08-19,STR002,SKU1005,280,PureClean Detergent 1kg
2025-08-19,STR003,SKU1001,318,Alpine Spring Water 1L
2025-08-19,STR003,SKU1002,334,CrispLite Potato Chips
2025-08-19,STR003,SKU1003,207,FreshBrew Coffee 250g
2025-08-19,STR003,SKU1004,199,GlowSkin Face Wash 100ml
2025-08-19,STR003,SKU1005,353,PureClean Detergent 1kg
2025-08-19,STR004,SKU1001,1945,Alpine Spring Water 1L
2025-08-19,STR004,SKU1002,1584,CrispLite Potato Chips
2025-08-19,STR004,SKU1003,1500,FreshBrew Coffee 250g
2025-08-19,STR004,SKU1004,1806,GlowSkin Face Wash 100ml
2025-08-19,STR004,SKU1005,1173,PureClean Detergent 1kg
2025-08-19,STR005,SKU1001,1295,Alpine Spring Water 1L
2025-08-19,STR005,SKU1002,1085,CrispLite Potato Chips
2025-08-19,STR005,SKU1003,1909,FreshBrew Coffee 250g
2025-08-19,STR005,SKU1004,1536,GlowSkin Face Wash 100ml
2025-08-19,STR005,SKU1005,1764,PureClean Detergent 1kg
2025-08-19,STR006,SKU1001,646,Alpine Spring Water 1L
2025-08-19,STR006,SKU1002,655,CrispLite Potato Chips
2025-08-19,STR006,SKU1003,844,FreshBrew Coffee 250g
2025-08-19,STR006,SKU1004,635,GlowSkin Face Wash 100ml
2025-08-19,STR006,SKU1005,553,PureClean Detergent 1kg
2025-08-19,STR007,SKU1001,625,Alpine Spring Water 1L
2025-08-19,STR007,SKU1002,641,CrispLite Potato Chips
2025-08-19,STR007,SKU1003,891,FreshBrew Coffee 250g
2025-08-19,STR007,SKU1004,801,GlowSkin Face Wash 100ml
2025-08-19,STR007,SKU1005,787,PureClean Detergent 1kg
2025-08-19,STR008,SKU1001,692,Alpine Spring Water 1L
2025-08-19,STR008,SKU1002,797,CrispLite Potato Chips
2025-08-19,STR008,SKU1003,858,FreshBrew Coffee 250g
2025-08-19,STR008,SKU1004,843,GlowSkin Face Wash 100ml
2025-08-19,STR008,SKU1005,617,PureClean Detergent 1kg
2025-08-19,STR009,SKU1001,745,Alpine Spring Water 1L
2025-08-19,STR009,SKU1002,606,CrispLite Potato Chips
2025-08-19,STR009,SKU1003,701,FreshBrew Coffee 250g
2025-08-19,STR009,SKU1004,777,GlowSkin Face Wash 100ml
2025-08-19,STR009,SKU1005,596,PureClean Detergent 1kg
2025-08-19,STR010,SKU1001,659,Alpine Spring Water 1L
2025-08-19,STR010,SKU1002,527,CrispLite Potato Chips
2025-08-19,STR010,SKU1003,859,FreshBrew Coffee 250g
2025-08-19,STR010,SKU1004,912,GlowSkin Face Wash 100ml
2025-08-19,STR010,SKU1005,511,PureClean Detergent 1kg
2025-08-20,STR001,SKU1001,398,Alpine Spring Water 1L
2025-08-20,STR001,SKU1002,237,CrispLite Potato Chips
2025-08-20,STR001,SKU1003,212,FreshBrew Coffee 250g
2025-08-20,STR001,SKU1004,329,GlowSkin Face Wash 100ml
2025-08-20,STR001,SKU1005,272,PureClean Detergent 1kg
2025-08-20,STR002,SKU1001,330,Alpine Spring Water 1L
2025-08-20,STR002,SKU1002,274,CrispLite Potato Chips
2025-08-20,STR002,SKU1003,244,FreshBrew Coffee 250g
2025-08-20,STR002,SKU1004,354,GlowSkin Face Wash 100ml
2025-08-20,STR002,SKU1005,370,PureClean Detergent 1kg
2025-08-20,STR003,SKU1001,343,Alpine Spring Water 1L
2025-08-20,STR003,SKU1002,324,CrispLite Potato Chips
2025-08-20,STR003,SKU1003,369,FreshBrew Coffee 250g
2025-08-20,STR003,SKU1004,298,GlowSkin Face Wash 100ml
2025-08-20,STR003,SKU1005,359,PureClean Detergent 1kg
2025-08-20,STR004,SKU1001,1301,Alpine Spring Water 1L
2025-08-20,STR004,SKU1002,1626,CrispLite Potato Chips
2025-08-20,STR004,SKU1003,1126,FreshBrew Coffee 250g
2025-08-20,STR004,SKU1004,1967,GlowSkin Face Wash 100ml
2025-08-20,STR004,SKU1005,1238,PureClean Detergent 1kg
2025-08-20,STR005,SKU1001,1726,Alpine Spring Water 1L
2025-08-20,STR005,SKU1002,1316,CrispLite Potato Chips
2025-08-20,STR005,SKU1003,1246,FreshBrew Coffee 250g
2025-08-20,STR005,SKU1004,1347,GlowSkin Face Wash 100ml
2025-08-20,STR005,SKU1005,1617,PureClean Detergent 1kg
2025-08-20,STR006,SKU1001,850,Alpine Spring Water 1L
2025-08-20,STR006,SKU1002,665,CrispLite Potato Chips
2025-08-20,STR006,SKU1003,568,FreshBrew Coffee 250g
2025-08-20,STR006,SKU1004,752,GlowSkin Face Wash 100ml
2025-08-20,STR006,SKU1005,805,PureClean Detergent 1kg
2025-08-20,STR007,SKU1001,788,Alpine Spring Water 1L
2025-08-20,STR007,SKU1002,722,CrispLite Potato Chips
2025-08-20,STR007,SKU1003,834,FreshBrew Coffee 250g
2025-08-20,STR007,SKU1004,694,GlowSkin Face Wash 100ml
2025-08-20,STR007,SKU1005,556,PureClean Detergent 1kg
2025-08-20,STR008,SKU1001,600,Alpine Spring Water 1L
2025-08-20,STR008,SKU1002,678,CrispLite Potato Chips
2025-08-20,STR008,SKU1003,515,FreshBrew Coffee 250g
2025-08-20,STR008,SKU1004,681,GlowSkin Face Wash 100ml
2025-08-20,STR008,SKU1005,854,PureClean Detergent 1kg
2025-08-20,STR009,SKU1001,635,Alpine Spring Water 1L
2025-08-20,STR009,SKU1002,881,CrispLite Potato Chips
2025-08-20,STR009,SKU1003,925,FreshBrew Coffee 250g
2025-08-20,STR009,SKU1004,704,GlowSkin Face Wash 100ml
2025-08-20,STR009,SKU1005,718,PureClean Detergent 1kg
2025-08-20,STR010,SKU1001,537,Alpine Spring Water 1L
2025-08-20,STR010,SKU1002,654,CrispLite Potato Chips
2025-08-20,STR010,SKU1003,813,FreshBrew Coffee 250g
2025-08-20,STR010,SKU1004,839,GlowSkin Face Wash 100ml
2025-08-20,STR010,SKU1005,677,PureClean Detergent 1kg
2025-08-21,STR001,SKU1001,343,Alpine Spring Water 1L
2025-08-21,STR001,SKU1002,265,CrispLite Potato Chips
2025-08-21,STR001,SKU1003,201,FreshBrew Coffee 250g
2025-08-21,STR001,SKU1004,317,GlowSkin Face Wash 100ml
2025-08-21,STR001,SKU1005,360,PureClean Detergent 1kg
2025-08-21,STR002,SKU1001,313,Alpine Spring Water 1L
2025-08-21,STR002,SKU1002,240,CrispLite Potato Chips
2025-08-21,STR002,SKU1003,298,FreshBrew Coffee 250g
2025-08-21,STR002,SKU1004,308,GlowSkin Face Wash 100ml
2025-08-21,STR002,SKU1005,352,PureClean Detergent 1kg
2025-08-21,STR003,SKU1001,214,Alpine Spring Water 1L
2025-08-21,STR003,SKU1002,334,CrispLite Potato Chips
2025-08-21,STR003,SKU1003,266,FreshBrew Coffee 250g
2025-08-21,STR003,SKU1004,271,GlowSkin Face Wash 100ml
2025-08-21,STR003,SKU1005,340,PureClean Detergent 1kg
2025-08-21,STR004,SKU1001,1107,Alpine Spring Water 1L
2025-08-21,STR004,SKU1002,2074,CrispLite Potato Chips
2025-08-21,STR004,SKU1003,1148,FreshBrew Coffee 250g
2025-08-21,STR004,SKU1004,1550,GlowSkin Face Wash 100ml
2025-08-21,STR004,SKU1005,1479,PureClean Detergent 1kg
2025-08-21,STR005,SKU1001,1956,Alpine Spring Water 1L
2025-08-21,STR005,SKU1002,1704,CrispLite Potato Chips
2025-08-21,STR005,SKU1003,1161,FreshBrew Coffee 250g
2025-08-21,STR005,SKU1004,1548,GlowSkin Face Wash 100ml
2025-08-21,STR005,SKU1005,1566,PureClean Detergent 1kg
2025-08-21,STR006,SKU1001,625,Alpine Spring Water 1L
2025-08-21,STR006,SKU1002,817,CrispLite Potato Chips
2025-08-21,STR006,SKU1003,528,FreshBrew Coffee 250g
2025-08-21,STR006,SKU1004,666,GlowSkin Face Wash 100ml
2025-08-21,STR006,SKU1005,797,PureClean Detergent 1kg
2025-08-21,STR007,SKU1001,715,Alpine Spring Water 1L
2025-08-21,STR007,SKU1002,632,CrispLite Potato Chips
2025-08-21,STR007,SKU1003,582,FreshBrew Coffee 250g
2025-08-21,STR007,SKU1004,888,GlowSkin Face Wash 100ml
2025-08-21,STR007,SKU1005,827,PureClean Detergent 1kg
2025-08-21,STR008,SKU1001,750,Alpine Spring Water 1L
2025-08-21,STR008,SKU1002,792,CrispLite Potato Chips
2025-08-21,STR008,SKU1003,609,FreshBrew Coffee 250g
2025-08-21,STR008,SKU1004,883,GlowSkin Face Wash 100ml
2025-08-21,STR008,SKU1005,617,PureClean Detergent 1kg
2025-08-21,STR009,SKU1001,878,Alpine Spring Water 1L
2025-08-21,STR009,SKU1002,833,CrispLite Potato Chips
2025-08-21,STR009,SKU1003,640,FreshBrew Coffee 250g
2025-08-21,STR009,SKU1004,784,GlowSkin Face Wash 100ml
2025-08-21,STR009,SKU1005,499,PureClean Detergent 1kg
2025-08-21,STR010,SKU1001,519,Alpine Spring Water 1L
2025-08-21,STR010,SKU1002,581,CrispLite Potato Chips
2025-08-21,STR010,SKU1003,626,FreshBrew Coffee 250g
2025-08-21,STR010,SKU1004,621,GlowSkin Face Wash 100ml
2025-08-21,STR010,SKU1005,857,PureClean Detergent 1kg
2025-08-22,STR001,SKU1001,232,Alpine Spring Water 1L
2025-08-22,STR001,SKU1002,376,CrispLite Potato Chips
2025-08-22,STR001,SKU1003,343,FreshBrew Coffee 250g
2025-08-22,STR001,SKU1004,319,GlowSkin Face Wash 100ml
2025-08-22,STR001,SKU1005,323,PureClean Detergent 1kg
2025-08-22,STR002,SKU1001,250,Alpine Spring Water 1L
2025-08-22,STR002,SKU1002,313,CrispLite Potato Chips
2025-08-22,STR002,SKU1003,387,FreshBrew Coffee 250g
2025-08-22,STR002,SKU1004,334,GlowSkin Face Wash 100ml
2025-08-22,STR002,SKU1005,228,PureClean Detergent 1kg
2025-08-22,STR003,SKU1001,238,Alpine Spring Water 1L
2025-08-22,STR003,SKU1002,325,CrispLite Potato Chips
2025-08-22,STR003,SKU1003,358,FreshBrew Coffee 250g
2025-08-22,STR003,SKU1004,320,GlowSkin Face Wash 100ml
2025-08-22,STR003,SKU1005,307,PureClean Detergent 1kg
2025-08-22,STR004,SKU1001,1773,Alpine Spring Water 1L
2025-08-22,STR004,SKU1002,1160,CrispLite Potato Chips
2025-08-22,STR004,SKU1003,1115,FreshBrew Coffee 250g
2025-08-22,STR004,SKU1004,1824,GlowSkin Face Wash 100ml
2025-08-22,STR004,SKU1005,1703,PureClean Detergent 1kg
2025-08-22,STR005,SKU1001,1172,Alpine Spring Water 1L
2025-08-22,STR005,SKU1002,1159,CrispLite Potato Chips
2025-08-22,STR005,SKU1003,1436,FreshBrew Coffee 250g
2025-08-22,STR005,SKU1004,1634,GlowSkin Face Wash 100ml
2025-08-22,STR005,SKU1005,1398,PureClean Detergent 1kg
2025-08-22,STR006,SKU1001,666,Alpine Spring Water 1L
2025-08-22,STR006,SKU1002,544,CrispLite Potato Chips
2025-08-22,STR006,SKU1003,828,FreshBrew Coffee 250g
2025-08-22,STR006,SKU1004,698,GlowSkin Face Wash 100ml
2025-08-22,STR006,SKU1005,825,PureClean Detergent 1kg
2025-08-22,STR007,SKU1001,705,Alpine Spring Water 1L
2025-08-22,STR007,SKU1002,599,CrispLite Potato Chips
2025-08-22,STR007,SKU1003,774,FreshBrew Coffee 250g
2025-08-22,STR007,SKU1004,555,GlowSkin Face Wash 100ml
2025-08-22,STR007,SKU1005,767,PureClean Detergent 1kg
2025-08-22,STR008,SKU1001,804,Alpine Spring Water 1L
2025-08-22,STR008,SKU1002,841,CrispLite Potato Chips
2025-08-22,STR008,SKU1003,757,FreshBrew Coffee 250g
2025-08-22,STR008,SKU1004,542,GlowSkin Face Wash 100ml
2025-08-22,STR008,SKU1005,809,PureClean Detergent 1kg
2025-08-22,STR009,SKU1001,830,Alpine Spring Water 1L
2025-08-22,STR009,SKU1002,523,CrispLite Potato Chips
2025-08-22,STR009,SKU1003,816,FreshBrew Coffee 250g
2025-08-22,STR009,SKU1004,713,GlowSkin Face Wash 100ml
2025-08-22,STR009,SKU1005,518,PureClean Detergent 1kg
2025-08-22,STR010,SKU1001,486,Alpine Spring Water 1L
2025-08-22,STR010,SKU1002,694,CrispLite Potato Chips
2025-08-22,STR010,SKU1003,607,FreshBrew Coffee 250g
2025-08-22,STR010,SKU1004,756,GlowSkin Face Wash 100ml
2025-08-22,STR010,SKU1005,537,PureClean Detergent 1kg
2025-08-23,STR001,SKU1001,353,Alpine Spring Water 1L
2025-08-23,STR001,SKU1002,332,CrispLite Potato Chips
2025-08-23,STR001,SKU1003,278,FreshBrew Coffee 250g
2025-08-23,STR001,SKU1004,290,GlowSkin Face Wash 100ml
2025-08-23,STR001,SKU1005,376,PureClean Detergent 1kg
2025-08-23,STR002,SKU1001,315,Alpine Spring Water 1L
2025-08-23,STR002,SKU1002,315,CrispLite Potato Chips
2025-08-23,STR002,SKU1003,401,FreshBrew Coffee 250g
2025-08-23,STR002,SKU1004,364,GlowSkin Face Wash 100ml
2025-08-23,STR002,SKU1005,337,PureClean Detergent 1kg
2025-08-23,STR003,SKU1001,370,Alpine Spring Water 1L
2025-08-23,STR003,SKU1002,206,CrispLite Potato Chips
2025-08-23,STR003,SKU1003,348,FreshBrew Coffee 250g
2025-08-23,STR003,SKU1004,387,GlowSkin Face Wash 100ml
2025-08-23,STR003,SKU1005,353,PureClean Detergent 1kg
2025-08-23,STR004,SKU1001,1330,Alpine Spring Water 1L
2025-08-23,STR004,SKU1002,1316,CrispLite Potato Chips
2025-08-23,STR004,SKU1003,1568,FreshBrew Coffee 250g
2025-08-23,STR004,SKU1004,1620,GlowSkin Face Wash 100ml
2025-08-23,STR004,SKU1005,1834,PureClean Detergent 1kg
2025-08-23,STR005,SKU1001,1806,Alpine Spring Water 1L
2025-08-23,STR005,SKU1002,1453,CrispLite Potato Chips
2025-08-23,STR005,SKU1003,1071,FreshBrew Coffee 250g
2025-08-23,STR005,SKU1004,1120,GlowSkin Face Wash 100ml
2025-08-23,STR005,SKU1005,1046,PureClean Detergent 1kg
2025-08-23,STR006,SKU1001,836,Alpine Spring Water 1L
2025-08-23,STR006,SKU1002,813,CrispLite Potato Chips
2025-08-23,STR006,SKU1003,772,FreshBrew Coffee 250g
2025-08-23,STR006,SKU1004,864,GlowSkin Face Wash 100ml
2025-08-23,STR006,SKU1005,515,PureClean Detergent 1kg
2025-08-23,STR007,SKU1001,728,Alpine Spring Water 1L
2025-08-23,STR007,SKU1002,557,CrispLite Potato Chips
2025-08-23,STR007,SKU1003,524,FreshBrew Coffee 250g
2025-08-23,STR007,SKU1004,593,GlowSkin Face Wash 100ml
2025-08-23,STR007,SKU1005,675,PureClean Detergent 1kg
2025-08-23,STR008,SKU1001,661,Alpine Spring Water 1L
2025-08-23,STR008,SKU1002,835,CrispLite Potato Chips
2025-08-23,STR008,SKU1003,695,FreshBrew Coffee 250g
2025-08-23,STR008,SKU1004,569,GlowSkin Face Wash 100ml
2025-08-23,STR008,SKU1005,943,PureClean Detergent 1kg
2025-08-23,STR009,SKU1001,715,Alpine Spring Water 1L
2025-08-23,STR009,SKU1002,854,CrispLite Potato Chips
2025-08-23,STR009,SKU1003,531,FreshBrew Coffee 250g
2025-08-23,STR009,SKU1004,667,GlowSkin Face Wash 100ml
2025-08-23,STR009,SKU1005,766,PureClean Detergent 1kg
2025-08-23,STR010,SKU1001,860,Alpine Spring Water 1L
2025-08-23,STR010,SKU1002,815,CrispLite Potato Chips
2025-08-23,STR010,SKU1003,853,FreshBrew Coffee 250g
2025-08-23,STR010,SKU1004,896,GlowSkin Face Wash 100ml
2025-08-23,STR010,SKU1005,694,PureClean Detergent 1kg
2025-08-24,STR001,SKU1001,224,Alpine Spring Water 1L
2025-08-24,STR001,SKU1002,289,CrispLite Potato Chips
2025-08-24,STR001,SKU1003,321,FreshBrew Coffee 250g
2025-08-24,STR001,SKU1004,362,GlowSkin Face Wash 100ml
2025-08-24,STR001,SKU1005,355,PureClean Detergent 1kg
2025-08-24,STR002,SKU1001,340,Alpine Spring Water 1L
2025-08-24,STR002,SKU1002,256,CrispLite Potato Chips
2025-08-24,STR002,SKU1003,260,FreshBrew Coffee 250g
2025-08-24,STR002,SKU1004,274,GlowSkin Face Wash 100ml
2025-08-24,STR002,SKU1005,390,PureClean Detergent 1kg
2025-08-24,STR003,SKU1001,221,Alpine Spring Water 1L
2025-08-24,STR003,SKU1002,212,CrispLite Potato Chips
2025-08-24,STR003,SKU1003,317,FreshBrew Coffee 250g
2025-08-24,STR003,SKU1004,241,GlowSkin Face Wash 100ml
2025-08-24,STR003,SKU1005,377,PureClean Detergent 1kg
2025-08-24,STR004,SKU1001,1726,Alpine Spring Water 1L
2025-08-24,STR004,SKU1002,1752,CrispLite Potato Chips
2025-08-24,STR004,SKU1003,1337,FreshBrew Coffee 250g
2025-08-24,STR004,SKU1004,1185,GlowSkin Face Wash 100ml
2025-08-24,STR004,SKU1005,1709,PureClean Detergent 1kg
2025-08-24,STR005,SKU1001,1590,Alpine Spring Water 1L
2025-08-24,STR005,SKU1002,1409,CrispLite Potato Chips
2025-08-24,STR005,SKU1003,1779,FreshBrew Coffee 250g
2025-08-24,STR005,SKU1004,1618,GlowSkin Face Wash 100ml
2025-08-24,STR005,SKU1005,1747,PureClean Detergent 1kg
2025-08-24,STR006,SKU1001,904,Alpine Spring Water 1L
2025-08-24,STR006,SKU1002,819,CrispLite Potato Chips
2025-08-24,STR006,SKU1003,691,FreshBrew Coffee 250g
2025-08-24,STR006,SKU1004,741,GlowSkin Face Wash 100ml
2025-08-24,STR006,SKU1005,681,PureClean Detergent 1kg
2025-08-24,STR007,SKU1001,727,Alpine Spring Water 1L
2025-08-24,STR007,SKU1002,635,CrispLite Potato Chips
2025-08-24,STR007,SKU1003,849,FreshBrew Coffee 250g
2025-08-24,STR007,SKU1004,821,GlowSkin Face Wash 100ml
2025-08-24,STR007,SKU1005,810,PureClean Detergent 1kg
2025-08-24,STR008,SKU1001,669,Alpine Spring Water 1L
2025-08-24,STR008,SKU1002,807,CrispLite Potato Chips
2025-08-24,STR008,SKU1003,882,FreshBrew Coffee 250g
2025-08-24,STR008,SKU1004,695,GlowSkin Face Wash 100ml
2025-08-24,STR008,SKU1005,494,PureClean Detergent 1kg
2025-08-24,STR009,SKU1001,752,Alpine Spring Water 1L
2025-08-24,STR009,SKU1002,543,CrispLite Potato Chips
2025-08-24,STR009,SKU1003,549,FreshBrew Coffee 250g
2025-08-24,STR009,SKU1004,589,GlowSkin Face Wash 100ml
2025-08-24,STR009,SKU1005,542,PureClean Detergent 1kg
2025-08-24,STR010,SKU1001,820,Alpine Spring Water 1L
2025-08-24,STR010,SKU1002,684,CrispLite Potato Chips
2025-08-24,STR010,SKU1003,937,FreshBrew Coffee 250g
2025-08-24,STR010,SKU1004,573,GlowSkin Face Wash 100ml
2025-08-24,STR010,SKU1005,719,PureClean Detergent 1kg
2025-08-25,STR001,SKU1001,395,Alpine Spring Water 1L
2025-08-25,STR001,SKU1002,271,CrispLite Potato Chips
2025-08-25,STR001,SKU1003,336,FreshBrew Coffee 250g
2025-08-25,STR001,SKU1004,207,GlowSkin Face Wash 100ml
2025-08-25,STR001,SKU1005,376,PureClean Detergent 1kg
2025-08-25,STR002,SKU1001,384,Alpine Spring Water 1L
2025-08-25,STR002,SKU1002,339,CrispLite Potato Chips
2025-08-25,STR002,SKU1003,387,FreshBrew Coffee 250g
2025-08-25,STR002,SKU1004,396,GlowSkin Face Wash 100ml
2025-08-25,STR002,SKU1005,282,PureClean Detergent 1kg
2025-08-25,STR003,SKU1001,298,Alpine Spring Water 1L
2025-08-25,STR003,SKU1002,345,CrispLite Potato Chips
2025-08-25,STR003,SKU1003,304,FreshBrew Coffee 250g
2025-08-25,STR003,SKU1004,396,GlowSkin Face Wash 100ml
2025-08-25,STR003,SKU1005,381,PureClean Detergent 1kg
2025-08-25,STR004,SKU1001,1872,Alpine Spring Water 1L
2025-08-25,STR004,SKU1002,1434,CrispLite Potato Chips
2025-08-25,STR004,SKU1003,1662,FreshBrew Coffee 250g
2025-08-25,STR004,SKU1004,1519,GlowSkin Face Wash 100ml
2025-08-25,STR004,SKU1005,1932,PureClean Detergent 1kg
2025-08-25,STR005,SKU1001,1555,Alpine Spring Water 1L
2025-08-25,STR005,SKU1002,1414,CrispLite Potato Chips
2025-08-25,STR005,SKU1003,1800,FreshBrew Coffee 250g
2025-08-25,STR005,SKU1004,1901,GlowSkin Face Wash 100ml
2025-08-25,STR005,SKU1005,1439,PureClean Detergent 1kg
2025-08-25,STR006,SKU1001,541,Alpine Spring Water 1L
2025-08-25,STR006,SKU1002,740,CrispLite Potato Chips
2025-08-25,STR006,SKU1003,593,FreshBrew Coffee 250g
2025-08-25,STR006,SKU1004,822,GlowSkin Face Wash 100ml
2025-08-25,STR006,SKU1005,587,PureClean Detergent 1kg
2025-08-25,STR007,SKU1001,506,Alpine Spring Water 1L
2025-08-25,STR007,SKU1002,695,CrispLite Potato Chips
2025-08-25,STR007,SKU1003,593,FreshBrew Coffee 250g
2025-08-25,STR007,SKU1004,631,GlowSkin Face Wash 100ml
2025-08-25,STR007,SKU1005,589,PureClean Detergent 1kg
2025-08-25,STR008,SKU1001,825,Alpine Spring Water 1L
2025-08-25,STR008,SKU1002,695,CrispLite Potato Chips
2025-08-25,STR008,SKU1003,669,FreshBrew Coffee 250g
2025-08-25,STR008,SKU1004,718,GlowSkin Face Wash 100ml
2025-08-25,STR008,SKU1005,778,PureClean Detergent 1kg
2025-08-25,STR009,SKU1001,530,Alpine Spring Water 1L
2025-08-25,STR009,SKU1002,776,CrispLite Potato Chips
2025-08-25,STR009,SKU1003,888,FreshBrew Coffee 250g
2025-08-25,STR009,SKU1004,649,GlowSkin Face Wash 100ml
2025-08-25,STR009,SKU1005,547,PureClean Detergent 1kg
2025-08-25,STR010,SKU1001,757,Alpine Spring Water 1L
2025-08-25,STR010,SKU1002,665,CrispLite Potato Chips
2025-08-25,STR010,SKU1003,668,FreshBrew Coffee 250g
2025-08-25,STR010,SKU1004,722,GlowSkin Face Wash 100ml
2025-08-25,STR010,SKU1005,921,PureClean Detergent 1kg
2025-08-26,STR001,SKU1001,284,Alpine Spring Water 1L
2025-08-26,STR001,SKU1002,365,CrispLite Potato Chips
2025-08-26,STR001,SKU1003,284,FreshBrew Coffee 250g
2025-08-26,STR001,SKU1004,272,GlowSkin Face Wash 100ml
2025-08-26,STR001,SKU1005,380,PureClean Detergent 1kg
2025-08-26,STR002,SKU1001,357,Alpine Spring Water 1L
2025-08-26,STR002,SKU1002,260,CrispLite Potato Chips
2025-08-26,STR002,SKU1003,193,FreshBrew Coffee 250g
2025-08-26,STR002,SKU1004,339,GlowSkin Face Wash 100ml
2025-08-26,STR002,SKU1005,360,PureClean Detergent 1kg
2025-08-26,STR003,SKU1001,380,Alpine Spring Water 1L
2025-08-26,STR003,SKU1002,295,CrispLite Potato Chips
2025-08-26,STR003,SKU1003,348,FreshBrew Coffee 250g
2025-08-26,STR003,SKU1004,354,GlowSkin Face Wash 100ml
2025-08-26,STR003,SKU1005,301,PureClean Detergent 1kg
2025-08-26,STR004,SKU1001,1332,Alpine Spring Water 1L
2025-08-26,STR004,SKU1002,1148,CrispLite Potato Chips
2025-08-26,STR004,SKU1003,1718,FreshBrew Coffee 250g
2025-08-26,STR004,SKU1004,1036,GlowSkin Face Wash 100ml
2025-08-26,STR004,SKU1005,1286,PureClean Detergent 1kg
2025-08-26,STR005,SKU1001,1697,Alpine Spring Water 1L
2025-08-26,STR005,SKU1002,1172,CrispLite Potato Chips
2025-08-26,STR005,SKU1003,1005,FreshBrew Coffee 250g
2025-08-26,STR005,SKU1004,1937,GlowSkin Face Wash 100ml
2025-08-26,STR005,SKU1005,1880,PureClean Detergent 1kg
2025-08-26,STR006,SKU1001,754,Alpine Spring Water 1L
2025-08-26,STR006,SKU1002,804,CrispLite Potato Chips
2025-08-26,STR006,SKU1003,559,FreshBrew Coffee 250g
2025-08-26,STR006,SKU1004,862,GlowSkin Face Wash 100ml
2025-08-26,STR006,SKU1005,779,PureClean Detergent 1kg
2025-08-26,STR007,SKU1001,614,Alpine Spring Water 1L
2025-08-26,STR007,SKU1002,527,CrispLite Potato Chips
2025-08-26,STR007,SKU1003,751,FreshBrew Coffee 250g
2025-08-26,STR007,SKU1004,629,GlowSkin Face Wash 100ml
2025-08-26,STR007,SKU1005,648,PureClean Detergent 1kg
2025-08-26,STR008,SKU1001,783,Alpine Spring Water 1L
2025-08-26,STR008,SKU1002,562,CrispLite Potato Chips
2025-08-26,STR008,SKU1003,753,FreshBrew Coffee 250g
2025-08-26,STR008,SKU1004,666,GlowSkin Face Wash 100ml
2025-08-26,STR008,SKU1005,761,PureClean Detergent 1kg
2025-08-26,STR009,SKU1001,787,Alpine Spring Water 1L
2025-08-26,STR009,SKU1002,721,CrispLite Potato Chips
2025-08-26,STR009,SKU1003,832,FreshBrew Coffee 250g
2025-08-26,STR009,SKU1004,792,GlowSkin Face Wash 100ml
2025-08-26,STR009,SKU1005,634,PureClean Detergent 1kg
2025-08-26,STR010,SKU1001,801,Alpine Spring Water 1L
2025-08-26,STR010,SKU1002,647,CrispLite Potato Chips
2025-08-26,STR010,SKU1003,844,FreshBrew Coffee 250g
2025-08-26,STR010,SKU1004,891,GlowSkin Face Wash 100ml
2025-08-26,STR010,SKU1005,589,PureClean Detergent 1kg
2025-08-27,STR001,SKU1001,382,Alpine Spring Water 1L
2025-08-27,STR001,SKU1002,262,CrispLite Potato Chips
2025-08-27,STR001,SKU1003,301,FreshBrew Coffee 250g
2025-08-27,STR001,SKU1004,201,GlowSkin Face Wash 100ml
2025-08-27,STR001,SKU1005,373,PureClean Detergent 1kg
2025-08-27,STR002,SKU1001,298,Alpine Spring Water 1L
2025-08-27,STR002,SKU1002,226,CrispLite Potato Chips
2025-08-27,STR002,SKU1003,314,FreshBrew Coffee 250g
2025-08-27,STR002,SKU1004,346,GlowSkin Face Wash 100ml
2025-08-27,STR002,SKU1005,208,PureClean Detergent 1kg
2025-08-27,STR003,SKU1001,275,Alpine Spring Water 1L
2025-08-27,STR003,SKU1002,250,CrispLite Potato Chips
2025-08-27,STR003,SKU1003,236,FreshBrew Coffee 250g
2025-08-27,STR003,SKU1004,240,GlowSkin Face Wash 100ml
2025-08-27,STR003,SKU1005,267,PureClean Detergent 1kg
2025-08-27,STR004,SKU1001,1397,Alpine Spring Water 1L
2025-08-27,STR004,SKU1002,1200,CrispLite Potato Chips
2025-08-27,STR004,SKU1003,1895,FreshBrew Coffee 250g
2025-08-27,STR004,SKU1004,1816,GlowSkin Face Wash 100ml
2025-08-27,STR004,SKU1005,1096,PureClean Detergent 1kg
2025-08-27,STR005,SKU1001,965,Alpine Spring Water 1L
2025-08-27,STR005,SKU1002,1111,CrispLite Potato Chips
2025-08-27,STR005,SKU1003,1548,FreshBrew Coffee 250g
2025-08-27,STR005,SKU1004,1926,GlowSkin Face Wash 100ml
2025-08-27,STR005,SKU1005,1025,PureClean Detergent 1kg
2025-08-27,STR006,SKU1001,548,Alpine Spring Water 1L
2025-08-27,STR006,SKU1002,763,CrispLite Potato Chips
2025-08-27,STR006,SKU1003,712,FreshBrew Coffee 250g
2025-08-27,STR006,SKU1004,928,GlowSkin Face Wash 100ml
2025-08-27,STR006,SKU1005,738,PureClean Detergent 1kg
2025-08-27,STR007,SKU1001,500,Alpine Spring Water 1L
2025-08-27,STR007,SKU1002,856,CrispLite Potato Chips
2025-08-27,STR007,SKU1003,717,FreshBrew Coffee 250g
2025-08-27,STR007,SKU1004,660,GlowSkin Face Wash 100ml
2025-08-27,STR007,SKU1005,610,PureClean Detergent 1kg
2025-08-27,STR008,SKU1001,857,Alpine Spring Water 1L
2025-08-27,STR008,SKU1002,630,CrispLite Potato Chips
2025-08-27,STR008,SKU1003,818,FreshBrew Coffee 250g
2025-08-27,STR008,SKU1004,618,GlowSkin Face Wash 100ml
2025-08-27,STR008,SKU1005,826,PureClean Detergent 1kg
2025-08-27,STR009,SKU1001,617,Alpine Spring Water 1L
2025-08-27,STR009,SKU1002,740,CrispLite Potato Chips
2025-08-27,STR009,SKU1003,745,FreshBrew Coffee 250g
2025-08-27,STR009,SKU1004,944,GlowSkin Face Wash 100ml
2025-08-27,STR009,SKU1005,652,PureClean Detergent 1kg
2025-08-27,STR010,SKU1001,905,Alpine Spring Water 1L
2025-08-27,STR010,SKU1002,872,CrispLite Potato Chips
2025-08-27,STR010,SKU1003,816,FreshBrew Coffee 250g
2025-08-27,STR010,SKU1004,552,GlowSkin Face Wash 100ml
2025-08-27,STR010,SKU1005,499,PureClean Detergent 1kg
2025-08-28,STR001,SKU1001,248,Alpine Spring Water 1L
2025-08-28,STR001,SKU1002,283,CrispLite Potato Chips
2025-08-28,STR001,SKU1003,391,FreshBrew Coffee 250g
2025-08-28,STR001,SKU1004,366,GlowSkin Face Wash 100ml
2025-08-28,STR001,SKU1005,383,PureClean Detergent 1kg
2025-08-28,STR002,SKU1001,254,Alpine Spring Water 1L
2025-08-28,STR002,SKU1002,355,CrispLite Potato Chips
2025-08-28,STR002,SKU1003,231,FreshBrew Coffee 250g
2025-08-28,STR002,SKU1004,400,GlowSkin Face Wash 100ml
2025-08-28,STR002,SKU1005,258,PureClean Detergent 1kg
2025-08-28,STR003,SKU1001,342,Alpine Spring Water 1L
2025-08-28,STR003,SKU1002,286,CrispLite Potato Chips
2025-08-28,STR003,SKU1003,341,FreshBrew Coffee 250g
2025-08-28,STR003,SKU1004,290,GlowSkin Face Wash 100ml
2025-08-28,STR003,SKU1005,390,PureClean Detergent 1kg
2025-08-28,STR004,SKU1001,1559,Alpine Spring Water 1L
2025-08-28,STR004,SKU1002,1069,CrispLite Potato Chips
2025-08-28,STR004,SKU1003,995,FreshBrew Coffee 250g
2025-08-28,STR004,SKU1004,1903,GlowSkin Face Wash 100ml
2025-08-28,STR004,SKU1005,1315,PureClean Detergent 1kg
2025-08-28,STR005,SKU1001,1255,Alpine Spring Water 1L
2025-08-28,STR005,SKU1002,1238,CrispLite Potato Chips
2025-08-28,STR005,SKU1003,1173,FreshBrew Coffee 250g
2025-08-28,STR005,SKU1004,1505,GlowSkin Face Wash 100ml
2025-08-28,STR005,SKU1005,1778,PureClean Detergent 1kg
2025-08-28,STR006,SKU1001,802,Alpine Spring Water 1L
2025-08-28,STR006,SKU1002,688,CrispLite Potato Chips
2025-08-28,STR006,SKU1003,592,FreshBrew Coffee 250g
2025-08-28,STR006,SKU1004,730,GlowSkin Face Wash 100ml
2025-08-28,STR006,SKU1005,833,PureClean Detergent 1kg
2025-08-28,STR007,SKU1001,542,Alpine Spring Water 1L
2025-08-28,STR007,SKU1002,589,CrispLite Potato Chips
2025-08-28,STR007,SKU1003,855,FreshBrew Coffee 250g
2025-08-28,STR007,SKU1004,773,GlowSkin Face Wash 100ml
2025-08-28,STR007,SKU1005,583,PureClean Detergent 1kg
2025-08-28,STR008,SKU1001,804,Alpine Spring Water 1L
2025-08-28,STR008,SKU1002,876,CrispLite Potato Chips
2025-08-28,STR008,SKU1003,700,FreshBrew Coffee 250g
2025-08-28,STR008,SKU1004,844,GlowSkin Face Wash 100ml
2025-08-28,STR008,SKU1005,830,PureClean Detergent 1kg
2025-08-28,STR009,SKU1001,792,Alpine Spring Water 1L
2025-08-28,STR009,SKU1002,863,CrispLite Potato Chips
2025-08-28,STR009,SKU1003,859,FreshBrew Coffee 250g
2025-08-28,STR009,SKU1004,545,GlowSkin Face Wash 100ml
2025-08-28,STR009,SKU1005,621,PureClean Detergent 1kg
2025-08-28,STR010,SKU1001,811,Alpine Spring Water 1L
2025-08-28,STR010,SKU1002,849,CrispLite Potato Chips
2025-08-28,STR010,SKU1003,858,FreshBrew Coffee 250g
2025-08-28,STR010,SKU1004,755,GlowSkin Face Wash 100ml
2025-08-28,STR010,SKU1005,588,PureClean Detergent 1kg
2025-08-29,STR001,SKU1001,320,Alpine Spring Water 1L
2025-08-29,STR001,SKU1002,370,CrispLite Potato Chips
2025-08-29,STR001,SKU1003,211,FreshBrew Coffee 250g
2025-08-29,STR001,SKU1004,388,GlowSkin Face Wash 100ml
2025-08-29,STR001,SKU1005,360,PureClean Detergent 1kg
2025-08-29,STR002,SKU1001,369,Alpine Spring Water 1L
2025-08-29,STR002,SKU1002,393,CrispLite Potato Chips
2025-08-29,STR002,SKU1003,309,FreshBrew Coffee 250g
2025-08-29,STR002,SKU1004,340,GlowSkin Face Wash 100ml
2025-08-29,STR002,SKU1005,219,PureClean Detergent 1kg
2025-08-29,STR003,SKU1001,300,Alpine Spring Water 1L
2025-08-29,STR003,SKU1002,212,CrispLite Potato Chips
2025-08-29,STR003,SKU1003,303,FreshBrew Coffee 250g
2025-08-29,STR003,SKU1004,323,GlowSkin Face Wash 100ml
2025-08-29,STR003,SKU1005,277,PureClean Detergent 1kg
2025-08-29,STR004,SKU1001,1481,Alpine Spring Water 1L
2025-08-29,STR004,SKU1002,1242,CrispLite Potato Chips
2025-08-29,STR004,SKU1003,1280,FreshBrew Coffee 250g
2025-08-29,STR004,SKU1004,1485,GlowSkin Face Wash 100ml
2025-08-29,STR004,SKU1005,1678,PureClean Detergent 1kg
2025-08-29,STR005,SKU1001,1462,Alpine Spring Water 1L
2025-08-29,STR005,SKU1002,1985,CrispLite Potato Chips
2025-08-29,STR005,SKU1003,1775,FreshBrew Coffee 250g
2025-08-29,STR005,SKU1004,1729,GlowSkin Face Wash 100ml
2025-08-29,STR005,SKU1005,1266,PureClean Detergent 1kg
2025-08-29,STR006,SKU1001,601,Alpine Spring Water 1L
2025-08-29,STR006,SKU1002,887,CrispLite Potato Chips
2025-08-29,STR006,SKU1003,675,FreshBrew Coffee 250g
2025-08-29,STR006,SKU1004,761,GlowSkin Face Wash 100ml
2025-08-29,STR006,SKU1005,695,PureClean Detergent 1kg
2025-08-29,STR007,SKU1001,773,Alpine Spring Water 1L
2025-08-29,STR007,SKU1002,922,CrispLite Potato Chips
2025-08-29,STR007,SKU1003,675,FreshBrew Coffee 250g
2025-08-29,STR007,SKU1004,791,GlowSkin Face Wash 100ml
2025-08-29,STR007,SKU1005,607,PureClean Detergent 1kg
2025-08-29,STR008,SKU1001,659,Alpine Spring Water 1L
2025-08-29,STR008,SKU1002,604,CrispLite Potato Chips
2025-08-29,STR008,SKU1003,826,FreshBrew Coffee 250g
2025-08-29,STR008,SKU1004,764,GlowSkin Face Wash 100ml
2025-08-29,STR008,SKU1005,839,PureClean Detergent 1kg
2025-08-29,STR009,SKU1001,520,Alpine Spring Water 1L
2025-08-29,STR009,SKU1002,850,CrispLite Potato Chips
2025-08-29,STR009,SKU1003,597,FreshBrew Coffee 250g
2025-08-29,STR009,SKU1004,704,GlowSkin Face Wash 100ml
2025-08-29,STR009,SKU1005,707,PureClean Detergent 1kg
2025-08-29,STR010,SKU1001,696,Alpine Spring Water 1L
2025-08-29,STR010,SKU1002,851,CrispLite Potato Chips
2025-08-29,STR010,SKU1003,673,FreshBrew Coffee 250g
2025-08-29,STR010,SKU1004,604,GlowSkin Face Wash 100ml
2025-08-29,STR010,SKU1005,845,PureClean Detergent 1kg
2025-08-30,STR001,SKU1001,211,Alpine Spring Water 1L
2025-08-30,STR001,SKU1002,359,CrispLite Potato Chips
2025-08-30,STR001,SKU1003,218,FreshBrew Coffee 250g
2025-08-30,STR001,SKU1004,249,GlowSkin Face Wash 100ml
2025-08-30,STR001,SKU1005,244,PureClean Detergent 1kg
2025-08-30,STR002,SKU1001,278,Alpine Spring Water 1L
2025-08-30,STR002,SKU1002,376,CrispLite Potato Chips
2025-08-30,STR002,SKU1003,365,FreshBrew Coffee 250g
2025-08-30,STR002,SKU1004,257,GlowSkin Face Wash 100ml
2025-08-30,STR002,SKU1005,297,PureClean Detergent 1kg
2025-08-30,STR003,SKU1001,390,Alpine Spring Water 1L
2025-08-30,STR003,SKU1002,274,CrispLite Potato Chips
2025-08-30,STR003,SKU1003,316,FreshBrew Coffee 250g
2025-08-30,STR003,SKU1004,217,GlowSkin Face Wash 100ml
2025-08-30,STR003,SKU1005,376,PureClean Detergent 1kg
2025-08-30,STR004,SKU1001,1754,Alpine Spring Water 1L
2025-08-30,STR004,SKU1002,1698,CrispLite Potato Chips
2025-08-30,STR004,SKU1003,1558,FreshBrew Coffee 250g
2025-08-30,STR004,SKU1004,1578,GlowSkin Face Wash 100ml
2025-08-30,STR004,SKU1005,1400,PureClean Detergent 1kg
2025-08-30,STR005,SKU1001,2068,Alpine Spring Water 1L
2025-08-30,STR005,SKU1002,1958,CrispLite Potato Chips
2025-08-30,STR005,SKU1003,1409,FreshBrew Coffee 250g
2025-08-30,STR005,SKU1004,1158,GlowSkin Face Wash 100ml
2025-08-30,STR005,SKU1005,1401,PureClean Detergent 1kg
2025-08-30,STR006,SKU1001,847,Alpine Spring Water 1L
2025-08-30,STR006,SKU1002,720,CrispLite Potato Chips
2025-08-30,STR006,SKU1003,815,FreshBrew Coffee 250g
2025-08-30,STR006,SKU1004,732,GlowSkin Face Wash 100ml
2025-08-30,STR006,SKU1005,649,PureClean Detergent 1kg
2025-08-30,STR007,SKU1001,760,Alpine Spring Water 1L
2025-08-30,STR007,SKU1002,828,CrispLite Potato Chips
2025-08-30,STR007,SKU1003,736,FreshBrew Coffee 250g
2025-08-30,STR007,SKU1004,615,GlowSkin Face Wash 100ml
2025-08-30,STR007,SKU1005,711,PureClean Detergent 1kg
2025-08-30,STR008,SKU1001,821,Alpine Spring Water 1L
2025-08-30,STR008,SKU1002,586,CrispLite Potato Chips
2025-08-30,STR008,SKU1003,697,FreshBrew Coffee 250g
2025-08-30,STR008,SKU1004,616,GlowSkin Face Wash 100ml
2025-08-30,STR008,SKU1005,528,PureClean Detergent 1kg
2025-08-30,STR009,SKU1001,667,Alpine Spring Water 1L
2025-08-30,STR009,SKU1002,859,CrispLite Potato Chips
2025-08-30,STR009,SKU1003,810,FreshBrew Coffee 250g
2025-08-30,STR009,SKU1004,677,GlowSkin Face Wash 100ml
2025-08-30,STR009,SKU1005,689,PureClean Detergent 1kg
2025-08-30,STR010,SKU1001,827,Alpine Spring Water 1L
2025-08-30,STR010,SKU1002,793,CrispLite Potato Chips
2025-08-30,STR010,SKU1003,554,FreshBrew Coffee 250g
2025-08-30,STR010,SKU1004,866,GlowSkin Face Wash 100ml
2025-08-30,STR010,SKU1005,847,PureClean Detergent 1kg
2025-08-31,STR001,SKU1001,326,Alpine Spring Water 1L
2025-08-31,STR001,SKU1002,379,CrispLite Potato Chips
2025-08-31,STR001,SKU1003,310,FreshBrew Coffee 250g
2025-08-31,STR001,SKU1004,345,GlowSkin Face Wash 100ml
2025-08-31,STR001,SKU1005,383,PureClean Detergent 1kg
2025-08-31,STR002,SKU1001,259,Alpine Spring Water 1L
2025-08-31,STR002,SKU1002,233,CrispLite Potato Chips
2025-08-31,STR002,SKU1003,314,FreshBrew Coffee 250g
2025-08-31,STR002,SKU1004,275,GlowSkin Face Wash 100ml
2025-08-31,STR002,SKU1005,311,PureClean Detergent 1kg
2025-08-31,STR003,SKU1001,311,Alpine Spring Water 1L
2025-08-31,STR003,SKU1002,402,CrispLite Potato Chips
2025-08-31,STR003,SKU1003,340,FreshBrew Coffee 250g
2025-08-31,STR003,SKU1004,315,GlowSkin Face Wash 100ml
2025-08-31,STR003,SKU1005,383,PureClean Detergent 1kg
2025-08-31,STR004,SKU1001,1692,Alpine Spring Water 1L
2025-08-31,STR004,SKU1002,1125,CrispLite Potato Chips
2025-08-31,STR004,SKU1003,1319,FreshBrew Coffee 250g
2025-08-31,STR004,SKU1004,1857,GlowSkin Face Wash 100ml
2025-08-31,STR004,SKU1005,1162,PureClean Detergent 1kg
2025-08-31,STR005,SKU1001,1095,Alpine Spring Water 1L
2025-08-31,STR005,SKU1002,2025,CrispLite Potato Chips
2025-08-31,STR005,SKU1003,1646,FreshBrew Coffee 250g
2025-08-31,STR005,SKU1004,1503,GlowSkin Face Wash 100ml
2025-08-31,STR005,SKU1005,1578,PureClean Detergent 1kg
2025-08-31,STR006,SKU1001,909,Alpine Spring Water 1L
2025-08-31,STR006,SKU1002,728,CrispLite Potato Chips
2025-08-31,STR006,SKU1003,519,FreshBrew Coffee 250g
2025-08-31,STR006,SKU1004,878,GlowSkin Face Wash 100ml
2025-08-31,STR006,SKU1005,795,PureClean Detergent 1kg
2025-08-31,STR007,SKU1001,817,Alpine Spring Water 1L
2025-08-31,STR007,SKU1002,642,CrispLite Potato Chips
2025-08-31,STR007,SKU1003,625,FreshBrew Coffee 250g
2025-08-31,STR007,SKU1004,909,GlowSkin Face Wash 100ml
2025-08-31,STR007,SKU1005,893,PureClean Detergent 1kg
2025-08-31,STR008,SKU1001,772,Alpine Spring Water 1L
2025-08-31,STR008,SKU1002,656,CrispLite Potato Chips
2025-08-31,STR008,SKU1003,729,FreshBrew Coffee 250g
2025-08-31,STR008,SKU1004,676,GlowSkin Face Wash 100ml
2025-08-31,STR008,SKU1005,736,PureClean Detergent 1kg
2025-08-31,STR009,SKU1001,599,Alpine Spring Water 1L
2025-08-31,STR009,SKU1002,535,CrispLite Potato Chips
2025-08-31,STR009,SKU1003,776,FreshBrew Coffee 250g
2025-08-31,STR009,SKU1004,560,GlowSkin Face Wash 100ml
2025-08-31,STR009,SKU1005,842,PureClean Detergent 1kg
2025-08-31,STR010,SKU1001,682,Alpine Spring Water 1L
2025-08-31,STR010,SKU1002,874,CrispLite Potato Chips
2025-08-31,STR010,SKU1003,518,FreshBrew Coffee 250g
2025-08-31,STR010,SKU1004,637,GlowSkin Face Wash 100ml
2025-08-31,STR010,SKU1005,528,PureClean Detergent 1kg
2025-09-01,STR001,SKU1001,380,Alpine Spring Water 1L
2025-09-01,STR001,SKU1002,227,CrispLite Potato Chips
2025-09-01,STR001,SKU1003,291,FreshBrew Coffee 250g
2025-09-01,STR001,SKU1004,339,GlowSkin Face Wash 100ml
2025-09-01,STR001,SKU1005,285,PureClean Detergent 1kg
2025-09-01,STR002,SKU1001,279,Alpine Spring Water 1L
2025-09-01,STR002,SKU1002,197,CrispLite Potato Chips
2025-09-01,STR002,SKU1003,312,FreshBrew Coffee 250g
2025-09-01,STR002,SKU1004,275,GlowSkin Face Wash 100ml
2025-09-01,STR002,SKU1005,255,PureClean Detergent 1kg
2025-09-01,STR003,SKU1001,368,Alpine Spring Water 1L
2025-09-01,STR003,SKU1002,357,CrispLite Potato Chips
2025-09-01,STR003,SKU1003,407,FreshBrew Coffee 250g
2025-09-01,STR003,SKU1004,263,GlowSkin Face Wash 100ml
2025-09-01,STR003,SKU1005,364,PureClean Detergent 1kg
2025-09-01,STR004,SKU1001,1854,Alpine Spring Water 1L
2025-09-01,STR004,SKU1002,1718,CrispLite Potato Chips
2025-09-01,STR004,SKU1003,1904,FreshBrew Coffee 250g
2025-09-01,STR004,SKU1004,1486,GlowSkin Face Wash 100ml
2025-09-01,STR004,SKU1005,1661,PureClean Detergent 1kg
2025-09-01,STR005,SKU1001,1798,Alpine Spring Water 1L
2025-09-01,STR005,SKU1002,1303,CrispLite Potato Chips
2025-09-01,STR005,SKU1003,1161,FreshBrew Coffee 250g
2025-09-01,STR005,SKU1004,1373,GlowSkin Face Wash 100ml
2025-09-01,STR005,SKU1005,1929,PureClean Detergent 1kg
2025-09-01,STR006,SKU1001,517,Alpine Spring Water 1L
2025-09-01,STR006,SKU1002,540,CrispLite Potato Chips
2025-09-01,STR006,SKU1003,732,FreshBrew Coffee 250g
2025-09-01,STR006,SKU1004,830,GlowSkin Face Wash 100ml
2025-09-01,STR006,SKU1005,593,PureClean Detergent 1kg
2025-09-01,STR007,SKU1001,628,Alpine Spring Water 1L
2025-09-01,STR007,SKU1002,526,CrispLite Potato Chips
2025-09-01,STR007,SKU1003,792,FreshBrew Coffee 250g
2025-09-01,STR007,SKU1004,835,GlowSkin Face Wash 100ml
2025-09-01,STR007,SKU1005,622,PureClean Detergent 1kg
2025-09-01,STR008,SKU1001,782,Alpine Spring Water 1L
2025-09-01,STR008,SKU1002,669,CrispLite Potato Chips
2025-09-01,STR008,SKU1003,786,FreshBrew Coffee 250g
2025-09-01,STR008,SKU1004,905,GlowSkin Face Wash 100ml
2025-09-01,STR008,SKU1005,765,PureClean Detergent 1kg
2025-09-01,STR009,SKU1001,813,Alpine Spring Water 1L
2025-09-01,STR009,SKU1002,758,CrispLite Potato Chips
2025-09-01,STR009,SKU1003,920,FreshBrew Coffee 250g
2025-09-01,STR009,SKU1004,891,GlowSkin Face Wash 100ml
2025-09-01,STR009,SKU1005,832,PureClean Detergent 1kg
2025-09-01,STR010,SKU1001,876,Alpine Spring Water 1L
2025-09-01,STR010,SKU1002,748,CrispLite Potato Chips
2025-09-01,STR010,SKU1003,712,FreshBrew Coffee 250g
2025-09-01,STR010,SKU1004,753,GlowSkin Face Wash 100ml
2025-09-01,STR010,SKU1005,660,PureClean Detergent 1kg
2025-09-02,STR001,SKU1001,235,Alpine Spring Water 1L
2025-09-02,STR001,SKU1002,203,CrispLite Potato Chips
2025-09-02,STR001,SKU1003,315,FreshBrew Coffee 250g
2025-09-02,STR001,SKU1004,301,GlowSkin Face Wash 100ml
2025-09-02,STR001,SKU1005,338,PureClean Detergent 1kg
2025-09-02,STR002,SKU1001,228,Alpine Spring Water 1L
2025-09-02,STR002,SKU1002,352,CrispLite Potato Chips
2025-09-02,STR002,SKU1003,406,FreshBrew Coffee 250g
2025-09-02,STR002,SKU1004,357,GlowSkin Face Wash 100ml
2025-09-02,STR002,SKU1005,372,PureClean Detergent 1kg
2025-09-02,STR003,SKU1001,344,Alpine Spring Water 1L
2025-09-02,STR003,SKU1002,288,CrispLite Potato Chips
2025-09-02,STR003,SKU1003,386,FreshBrew Coffee 250g
2025-09-02,STR003,SKU1004,300,GlowSkin Face Wash 100ml
2025-09-02,STR003,SKU1005,304,PureClean Detergent 1kg
2025-09-02,STR004,SKU1001,936,Alpine Spring Water 1L
2025-09-02,STR004,SKU1002,1662,CrispLite Potato Chips
2025-09-02,STR004,SKU1003,1849,FreshBrew Coffee 250g
2025-09-02,STR004,SKU1004,1884,GlowSkin Face Wash 100ml
2025-09-02,STR004,SKU1005,1584,PureClean Detergent 1kg
2025-09-02,STR005,SKU1001,1312,Alpine Spring Water 1L
2025-09-02,STR005,SKU1002,1016,CrispLite Potato Chips
2025-09-02,STR005,SKU1003,1397,FreshBrew Coffee 250g
2025-09-02,STR005,SKU1004,1412,GlowSkin Face Wash 100ml
2025-09-02,STR005,SKU1005,1143,PureClean Detergent 1kg
2025-09-02,STR006,SKU1001,774,Alpine Spring Water 1L
2025-09-02,STR006,SKU1002,558,CrispLite Potato Chips
2025-09-02,STR006,SKU1003,836,FreshBrew Coffee 250g
2025-09-02,STR006,SKU1004,879,GlowSkin Face Wash 100ml
2025-09-02,STR006,SKU1005,742,PureClean Detergent 1kg
2025-09-02,STR007,SKU1001,771,Alpine Spring Water 1L
2025-09-02,STR007,SKU1002,735,CrispLite Potato Chips
2025-09-02,STR007,SKU1003,619,FreshBrew Coffee 250g
2025-09-02,STR007,SKU1004,712,GlowSkin Face Wash 100ml
2025-09-02,STR007,SKU1005,911,PureClean Detergent 1kg
2025-09-02,STR008,SKU1001,621,Alpine Spring Water 1L
2025-09-02,STR008,SKU1002,825,CrispLite Potato Chips
2025-09-02,STR008,SKU1003,549,FreshBrew Coffee 250g
2025-09-02,STR008,SKU1004,811,GlowSkin Face Wash 100ml
2025-09-02,STR008,SKU1005,588,PureClean Detergent 1kg
2025-09-02,STR009,SKU1001,574,Alpine Spring Water 1L
2025-09-02,STR009,SKU1002,917,CrispLite Potato Chips
2025-09-02,STR009,SKU1003,513,FreshBrew Coffee 250g
2025-09-02,STR009,SKU1004,720,GlowSkin Face Wash 100ml
2025-09-02,STR009,SKU1005,610,PureClean Detergent 1kg
2025-09-02,STR010,SKU1001,866,Alpine Spring Water 1L
2025-09-02,STR010,SKU1002,874,CrispLite Potato Chips
2025-09-02,STR010,SKU1003,561,FreshBrew Coffee 250g
2025-09-02,STR010,SKU1004,861,GlowSkin Face Wash 100ml
2025-09-02,STR010,SKU1005,694,PureClean Detergent 1kg
2025-09-03,STR001,SKU1001,298,Alpine Spring Water 1L
2025-09-03,STR001,SKU1002,220,CrispLite Potato Chips
2025-09-03,STR001,SKU1003,359,FreshBrew Coffee 250g
2025-09-03,STR001,SKU1004,368,GlowSkin Face Wash 100ml
2025-09-03,STR001,SKU1005,382,PureClean Detergent 1kg
2025-09-03,STR002,SKU1001,289,Alpine Spring Water 1L
2025-09-03,STR002,SKU1002,248,CrispLite Potato Chips
2025-09-03,STR002,SKU1003,253,FreshBrew Coffee 250g
2025-09-03,STR002,SKU1004,221,GlowSkin Face Wash 100ml
2025-09-03,STR002,SKU1005,209,PureClean Detergent 1kg
2025-09-03,STR003,SKU1001,391,Alpine Spring Water 1L
2025-09-03,STR003,SKU1002,219,CrispLite Potato Chips
2025-09-03,STR003,SKU1003,307,FreshBrew Coffee 250g
2025-09-03,STR003,SKU1004,378,GlowSkin Face Wash 100ml
2025-09-03,STR003,SKU1005,246,PureClean Detergent 1kg
2025-09-03,STR004,SKU1001,1162,Alpine Spring Water 1L
2025-09-03,STR004,SKU1002,1363,CrispLite Potato Chips
2025-09-03,STR004,SKU1003,2143,FreshBrew Coffee 250g
2025-09-03,STR004,SKU1004,1758,GlowSkin Face Wash 100ml
2025-09-03,STR004,SKU1005,1880,PureClean Detergent 1kg
2025-09-03,STR005,SKU1001,1260,Alpine Spring Water 1L
2025-09-03,STR005,SKU1002,977,CrispLite Potato Chips
2025-09-03,STR005,SKU1003,1712,FreshBrew Coffee 250g
2025-09-03,STR005,SKU1004,1959,GlowSkin Face Wash 100ml
2025-09-03,STR005,SKU1005,1705,PureClean Detergent 1kg
2025-09-03,STR006,SKU1001,850,Alpine Spring Water 1L
2025-09-03,STR006,SKU1002,642,CrispLite Potato Chips
2025-09-03,STR006,SKU1003,538,FreshBrew Coffee 250g
2025-09-03,STR006,SKU1004,792,GlowSkin Face Wash 100ml
2025-09-03,STR006,SKU1005,870,PureClean Detergent 1kg
2025-09-03,STR007,SKU1001,535,Alpine Spring Water 1L
2025-09-03,STR007,SKU1002,628,CrispLite Potato Chips
2025-09-03,STR007,SKU1003,778,FreshBrew Coffee 250g
2025-09-03,STR007,SKU1004,669,GlowSkin Face Wash 100ml
2025-09-03,STR007,SKU1005,709,PureClean Detergent 1kg
2025-09-03,STR008,SKU1001,589,Alpine Spring Water 1L
2025-09-03,STR008,SKU1002,625,CrispLite Potato Chips
2025-09-03,STR008,SKU1003,802,FreshBrew Coffee 250g
2025-09-03,STR008,SKU1004,581,GlowSkin Face Wash 100ml
2025-09-03,STR008,SKU1005,619,PureClean Detergent 1kg
2025-09-03,STR009,SKU1001,810,Alpine Spring Water 1L
2025-09-03,STR009,SKU1002,957,CrispLite Potato Chips
2025-09-03,STR009,SKU1003,810,FreshBrew Coffee 250g
2025-09-03,STR009,SKU1004,585,GlowSkin Face Wash 100ml
2025-09-03,STR009,SKU1005,559,PureClean Detergent 1kg
2025-09-03,STR010,SKU1001,540,Alpine Spring Water 1L
2025-09-03,STR010,SKU1002,763,CrispLite Potato Chips
2025-09-03,STR010,SKU1003,809,FreshBrew Coffee 250g
2025-09-03,STR010,SKU1004,813,GlowSkin Face Wash 100ml
2025-09-03,STR010,SKU1005,866,PureClean Detergent 1kg
2025-09-04,STR001,SKU1001,222,Alpine Spring Water 1L
2025-09-04,STR001,SKU1002,407,CrispLite Potato Chips
2025-09-04,STR001,SKU1003,301,FreshBrew Coffee 250g
2025-09-04,STR001,SKU1004,230,GlowSkin Face Wash 100ml
2025-09-04,STR001,SKU1005,235,PureClean Detergent 1kg
2025-09-04,STR002,SKU1001,381,Alpine Spring Water 1L
2025-09-04,STR002,SKU1002,310,CrispLite Potato Chips
2025-09-04,STR002,SKU1003,388,FreshBrew Coffee 250g
2025-09-04,STR002,SKU1004,303,GlowSkin Face Wash 100ml
2025-09-04,STR002,SKU1005,268,PureClean Detergent 1kg
2025-09-04,STR003,SKU1001,341,Alpine Spring Water 1L
2025-09-04,STR003,SKU1002,278,CrispLite Potato Chips
2025-09-04,STR003,SKU1003,292,FreshBrew Coffee 250g
2025-09-04,STR003,SKU1004,345,GlowSkin Face Wash 100ml
2025-09-04,STR003,SKU1005,224,PureClean Detergent 1kg
2025-09-04,STR004,SKU1001,1030,Alpine Spring Water 1L
2025-09-04,STR004,SKU1002,1563,CrispLite Potato Chips
2025-09-04,STR004,SKU1003,1879,FreshBrew Coffee 250g
2025-09-04,STR004,SKU1004,1650,GlowSkin Face Wash 100ml
2025-09-04,STR004,SKU1005,1362,PureClean Detergent 1kg
2025-09-04,STR005,SKU1001,1955,Alpine Spring Water 1L
2025-09-04,STR005,SKU1002,1232,CrispLite Potato Chips
2025-09-04,STR005,SKU1003,1529,FreshBrew Coffee 250g
2025-09-04,STR005,SKU1004,1653,GlowSkin Face Wash 100ml
2025-09-04,STR005,SKU1005,1640,PureClean Detergent 1kg
2025-09-04,STR006,SKU1001,545,Alpine Spring Water 1L
2025-09-04,STR006,SKU1002,652,CrispLite Potato Chips
2025-09-04,STR006,SKU1003,860,FreshBrew Coffee 250g
2025-09-04,STR006,SKU1004,892,GlowSkin Face Wash 100ml
2025-09-04,STR006,SKU1005,671,PureClean Detergent 1kg
2025-09-04,STR007,SKU1001,839,Alpine Spring Water 1L
2025-09-04,STR007,SKU1002,840,CrispLite Potato Chips
2025-09-04,STR007,SKU1003,654,FreshBrew Coffee 250g
2025-09-04,STR007,SKU1004,862,GlowSkin Face Wash 100ml
2025-09-04,STR007,SKU1005,827,PureClean Detergent 1kg
2025-09-04,STR008,SKU1001,618,Alpine Spring Water 1L
2025-09-04,STR008,SKU1002,799,CrispLite Potato Chips
2025-09-04,STR008,SKU1003,734,FreshBrew Coffee 250g
2025-09-04,STR008,SKU1004,653,GlowSkin Face Wash 100ml
2025-09-04,STR008,SKU1005,598,PureClean Detergent 1kg
2025-09-04,STR009,SKU1001,918,Alpine Spring Water 1L
2025-09-04,STR009,SKU1002,533,CrispLite Potato Chips
2025-09-04,STR009,SKU1003,875,FreshBrew Coffee 250g
2025-09-04,STR009,SKU1004,949,GlowSkin Face Wash 100ml
2025-09-04,STR009,SKU1005,764,PureClean Detergent 1kg
2025-09-04,STR010,SKU1001,902,Alpine Spring Water 1L
2025-09-04,STR010,SKU1002,826,CrispLite Potato Chips
2025-09-04,STR010,SKU1003,710,FreshBrew Coffee 250g
2025-09-04,STR010,SKU1004,868,GlowSkin Face Wash 100ml
2025-09-04,STR010,SKU1005,737,PureClean Detergent 1kg
2025-09-05,STR001,SKU1001,353,Alpine Spring Water 1L
2025-09-05,STR001,SKU1002,246,CrispLite Potato Chips
2025-09-05,STR001,SKU1003,370,FreshBrew Coffee 250g
2025-09-05,STR001,SKU1004,395,GlowSkin Face Wash 100ml
2025-09-05,STR001,SKU1005,393,PureClean Detergent 1kg
2025-09-05,STR002,SKU1001,232,Alpine Spring Water 1L
2025-09-05,STR002,SKU1002,372,CrispLite Potato Chips
2025-09-05,STR002,SKU1003,253,FreshBrew Coffee 250g
2025-09-05,STR002,SKU1004,340,GlowSkin Face Wash 100ml
2025-09-05,STR002,SKU1005,238,PureClean Detergent 1kg
2025-09-05,STR003,SKU1001,379,Alpine Spring Water 1L
2025-09-05,STR003,SKU1002,294,CrispLite Potato Chips
2025-09-05,STR003,SKU1003,386,FreshBrew Coffee 250g
2025-09-05,STR003,SKU1004,229,GlowSkin Face Wash 100ml
2025-09-05,STR003,SKU1005,289,PureClean Detergent 1kg
2025-09-05,STR004,SKU1001,1377,Alpine Spring Water 1L
2025-09-05,STR004,SKU1002,1499,CrispLite Potato Chips
2025-09-05,STR004,SKU1003,1565,FreshBrew Coffee 250g
2025-09-05,STR004,SKU1004,1855,GlowSkin Face Wash 100ml
2025-09-05,STR004,SKU1005,1617,PureClean Detergent 1kg
2025-09-05,STR005,SKU1001,1608,Alpine Spring Water 1L
2025-09-05,STR005,SKU1002,1288,CrispLite Potato Chips
2025-09-05,STR005,SKU1003,1531,FreshBrew Coffee 250g
2025-09-05,STR005,SKU1004,1220,GlowSkin Face Wash 100ml
2025-09-05,STR005,SKU1005,1461,PureClean Detergent 1kg
2025-09-05,STR006,SKU1001,792,Alpine Spring Water 1L
2025-09-05,STR006,SKU1002,607,CrispLite Potato Chips
2025-09-05,STR006,SKU1003,877,FreshBrew Coffee 250g
2025-09-05,STR006,SKU1004,564,GlowSkin Face Wash 100ml
2025-09-05,STR006,SKU1005,732,PureClean Detergent 1kg
2025-09-05,STR007,SKU1001,773,Alpine Spring Water 1L
2025-09-05,STR007,SKU1002,584,CrispLite Potato Chips
2025-09-05,STR007,SKU1003,830,FreshBrew Coffee 250g
2025-09-05,STR007,SKU1004,618,GlowSkin Face Wash 100ml
2025-09-05,STR007,SKU1005,875,PureClean Detergent 1kg
2025-09-05,STR008,SKU1001,593,Alpine Spring Water 1L
2025-09-05,STR008,SKU1002,681,CrispLite Potato Chips
2025-09-05,STR008,SKU1003,485,FreshBrew Coffee 250g
2025-09-05,STR008,SKU1004,587,GlowSkin Face Wash 100ml
2025-09-05,STR008,SKU1005,822,PureClean Detergent 1kg
2025-09-05,STR009,SKU1001,930,Alpine Spring Water 1L
2025-09-05,STR009,SKU1002,833,CrispLite Potato Chips
2025-09-05,STR009,SKU1003,688,FreshBrew Coffee 250g
2025-09-05,STR009,SKU1004,678,GlowSkin Face Wash 100ml
2025-09-05,STR009,SKU1005,812,PureClean Detergent 1kg
2025-09-05,STR010,SKU1001,539,Alpine Spring Water 1L
2025-09-05,STR010,SKU1002,558,CrispLite Potato Chips
2025-09-05,STR010,SKU1003,665,FreshBrew Coffee 250g
2025-09-05,STR010,SKU1004,870,GlowSkin Face Wash 100ml
2025-09-05,STR010,SKU1005,771,PureClean Detergent 1kg
2025-09-06,STR001,SKU1001,362,Alpine Spring Water 1L
2025-09-06,STR001,SKU1002,372,CrispLite Potato Chips
2025-09-06,STR001,SKU1003,212,FreshBrew Coffee 250g
2025-09-06,STR001,SKU1004,406,GlowSkin Face Wash 100ml
2025-09-06,STR001,SKU1005,313,PureClean Detergent 1kg
2025-09-06,STR002,SKU1001,380,Alpine Spring Water 1L
2025-09-06,STR002,SKU1002,405,CrispLite Potato Chips
2025-09-06,STR002,SKU1003,311,FreshBrew Coffee 250g
2025-09-06,STR002,SKU1004,398,GlowSkin Face Wash 100ml
2025-09-06,STR002,SKU1005,349,PureClean Detergent 1kg
2025-09-06,STR003,SKU1001,289,Alpine Spring Water 1L
2025-09-06,STR003,SKU1002,256,CrispLite Potato Chips
2025-09-06,STR003,SKU1003,249,FreshBrew Coffee 250g
2025-09-06,STR003,SKU1004,249,GlowSkin Face Wash 100ml
2025-09-06,STR003,SKU1005,379,PureClean Detergent 1kg
2025-09-06,STR004,SKU1001,1437,Alpine Spring Water 1L
2025-09-06,STR004,SKU1002,1513,CrispLite Potato Chips
2025-09-06,STR004,SKU1003,1034,FreshBrew Coffee 250g
2025-09-06,STR004,SKU1004,1357,GlowSkin Face Wash 100ml
2025-09-06,STR004,SKU1005,1637,PureClean Detergent 1kg
2025-09-06,STR005,SKU1001,1183,Alpine Spring Water 1L
2025-09-06,STR005,SKU1002,1038,CrispLite Potato Chips
2025-09-06,STR005,SKU1003,1174,FreshBrew Coffee 250g
2025-09-06,STR005,SKU1004,1270,GlowSkin Face Wash 100ml
2025-09-06,STR005,SKU1005,1457,PureClean Detergent 1kg
2025-09-06,STR006,SKU1001,622,Alpine Spring Water 1L
2025-09-06,STR006,SKU1002,735,CrispLite Potato Chips
2025-09-06,STR006,SKU1003,786,FreshBrew Coffee 250g
2025-09-06,STR006,SKU1004,939,GlowSkin Face Wash 100ml
2025-09-06,STR006,SKU1005,754,PureClean Detergent 1kg
2025-09-06,STR007,SKU1001,688,Alpine Spring Water 1L
2025-09-06,STR007,SKU1002,809,CrispLite Potato Chips
2025-09-06,STR007,SKU1003,575,FreshBrew Coffee 250g
2025-09-06,STR007,SKU1004,874,GlowSkin Face Wash 100ml
2025-09-06,STR007,SKU1005,619,PureClean Detergent 1kg
2025-09-06,STR008,SKU1001,706,Alpine Spring Water 1L
2025-09-06,STR008,SKU1002,714,CrispLite Potato Chips
2025-09-06,STR008,SKU1003,897,FreshBrew Coffee 250g
2025-09-06,STR008,SKU1004,572,GlowSkin Face Wash 100ml
2025-09-06,STR008,SKU1005,600,PureClean Detergent 1kg
2025-09-06,STR009,SKU1001,602,Alpine Spring Water 1L
2025-09-06,STR009,SKU1002,573,CrispLite Potato Chips
2025-09-06,STR009,SKU1003,524,FreshBrew Coffee 250g
2025-09-06,STR009,SKU1004,709,GlowSkin Face Wash 100ml
2025-09-06,STR009,SKU1005,570,PureClean Detergent 1kg
2025-09-06,STR010,SKU1001,861,Alpine Spring Water 1L
2025-09-06,STR010,SKU1002,868,CrispLite Potato Chips
2025-09-06,STR010,SKU1003,495,FreshBrew Coffee 250g
2025-09-06,STR010,SKU1004,621,GlowSkin Face Wash 100ml
2025-09-06,STR010,SKU1005,622,PureClean Detergent 1kg
2025-09-07,STR001,SKU1001,379,Alpine Spring Water 1L
2025-09-07,STR001,SKU1002,397,CrispLite Potato Chips
2025-09-07,STR001,SKU1003,317,FreshBrew Coffee 250g
2025-09-07,STR001,SKU1004,268,GlowSkin Face Wash 100ml
2025-09-07,STR001,SKU1005,211,PureClean Detergent 1kg
2025-09-07,STR002,SKU1001,213,Alpine Spring Water 1L
2025-09-07,STR002,SKU1002,372,CrispLite Potato Chips
2025-09-07,STR002,SKU1003,342,FreshBrew Coffee 250g
2025-09-07,STR002,SKU1004,401,GlowSkin Face Wash 100ml
2025-09-07,STR002,SKU1005,294,PureClean Detergent 1kg
2025-09-07,STR003,SKU1001,320,Alpine Spring Water 1L
2025-09-07,STR003,SKU1002,319,CrispLite Potato Chips
2025-09-07,STR003,SKU1003,250,FreshBrew Coffee 250g
2025-09-07,STR003,SKU1004,408,GlowSkin Face Wash 100ml
2025-09-07,STR003,SKU1005,398,PureClean Detergent 1kg
2025-09-07,STR004,SKU1001,1996,Alpine Spring Water 1L
2025-09-07,STR004,SKU1002,1551,CrispLite Potato Chips
2025-09-07,STR004,SKU1003,1860,FreshBrew Coffee 250g
2025-09-07,STR004,SKU1004,1131,GlowSkin Face Wash 100ml
2025-09-07,STR004,SKU1005,1055,PureClean Detergent 1kg
2025-09-07,STR005,SKU1001,1549,Alpine Spring Water 1L
2025-09-07,STR005,SKU1002,1689,CrispLite Potato Chips
2025-09-07,STR005,SKU1003,1345,FreshBrew Coffee 250g
2025-09-07,STR005,SKU1004,1328,GlowSkin Face Wash 100ml
2025-09-07,STR005,SKU1005,1543,PureClean Detergent 1kg
2025-09-07,STR006,SKU1001,751,Alpine Spring Water 1L
2025-09-07,STR006,SKU1002,527,CrispLite Potato Chips
2025-09-07,STR006,SKU1003,507,FreshBrew Coffee 250g
2025-09-07,STR006,SKU1004,599,GlowSkin Face Wash 100ml
2025-09-07,STR006,SKU1005,797,PureClean Detergent 1kg
2025-09-07,STR007,SKU1001,894,Alpine Spring Water 1L
2025-09-07,STR007,SKU1002,872,CrispLite Potato Chips
2025-09-07,STR007,SKU1003,743,FreshBrew Coffee 250g
2025-09-07,STR007,SKU1004,885,GlowSkin Face Wash 100ml
2025-09-07,STR007,SKU1005,557,PureClean Detergent 1kg
2025-09-07,STR008,SKU1001,841,Alpine Spring Water 1L
2025-09-07,STR008,SKU1002,786,CrispLite Potato Chips
2025-09-07,STR008,SKU1003,807,FreshBrew Coffee 250g
2025-09-07,STR008,SKU1004,880,GlowSkin Face Wash 100ml
2025-09-07,STR008,SKU1005,828,PureClean Detergent 1kg
2025-09-07,STR009,SKU1001,546,Alpine Spring Water 1L
2025-09-07,STR009,SKU1002,557,CrispLite Potato Chips
2025-09-07,STR009,SKU1003,626,FreshBrew Coffee 250g
2025-09-07,STR009,SKU1004,848,GlowSkin Face Wash 100ml
2025-09-07,STR009,SKU1005,601,PureClean Detergent 1kg
2025-09-07,STR010,SKU1001,578,Alpine Spring Water 1L
2025-09-07,STR010,SKU1002,629,CrispLite Potato Chips
2025-09-07,STR010,SKU1003,770,FreshBrew Coffee 250g
2025-09-07,STR010,SKU1004,835,GlowSkin Face Wash 100ml
2025-09-07,STR010,SKU1005,860,PureClean Detergent 1kg
2025-09-08,STR001,SKU1001,384,Alpine Spring Water 1L
2025-09-08,STR001,SKU1002,227,CrispLite Potato Chips
2025-09-08,STR001,SKU1003,324,FreshBrew Coffee 250g
2025-09-08,STR001,SKU1004,239,GlowSkin Face Wash 100ml
2025-09-08,STR001,SKU1005,261,PureClean Detergent 1kg
2025-09-08,STR002,SKU1001,289,Alpine Spring Water 1L
2025-09-08,STR002,SKU1002,216,CrispLite Potato Chips
2025-09-08,STR002,SKU1003,240,FreshBrew Coffee 250g
2025-09-08,STR002,SKU1004,399,GlowSkin Face Wash 100ml
2025-09-08,STR002,SKU1005,366,PureClean Detergent 1kg
2025-09-08,STR003,SKU1001,294,Alpine Spring Water 1L
2025-09-08,STR003,SKU1002,281,CrispLite Potato Chips
2025-09-08,STR003,SKU1003,373,FreshBrew Coffee 250g
2025-09-08,STR003,SKU1004,309,GlowSkin Face Wash 100ml
2025-09-08,STR003,SKU1005,391,PureClean Detergent 1kg
2025-09-08,STR004,SKU1001,1392,Alpine Spring Water 1L
2025-09-08,STR004,SKU1002,1384,CrispLite Potato Chips
2025-09-08,STR004,SKU1003,1202,FreshBrew Coffee 250g
2025-09-08,STR004,SKU1004,1395,GlowSkin Face Wash 100ml
2025-09-08,STR004,SKU1005,1257,PureClean Detergent 1kg
2025-09-08,STR005,SKU1001,1861,Alpine Spring Water 1L
2025-09-08,STR005,SKU1002,1141,CrispLite Potato Chips
2025-09-08,STR005,SKU1003,1733,FreshBrew Coffee 250g
2025-09-08,STR005,SKU1004,1529,GlowSkin Face Wash 100ml
2025-09-08,STR005,SKU1005,1329,PureClean Detergent 1kg
2025-09-08,STR006,SKU1001,779,Alpine Spring Water 1L
2025-09-08,STR006,SKU1002,799,CrispLite Potato Chips
2025-09-08,STR006,SKU1003,512,FreshBrew Coffee 250g
2025-09-08,STR006,SKU1004,680,GlowSkin Face Wash 100ml
2025-09-08,STR006,SKU1005,479,PureClean Detergent 1kg
2025-09-08,STR007,SKU1001,633,Alpine Spring Water 1L
2025-09-08,STR007,SKU1002,680,CrispLite Potato Chips
2025-09-08,STR007,SKU1003,530,FreshBrew Coffee 250g
2025-09-08,STR007,SKU1004,709,GlowSkin Face Wash 100ml
2025-09-08,STR007,SKU1005,682,PureClean Detergent 1kg
2025-09-08,STR008,SKU1001,490,Alpine Spring Water 1L
2025-09-08,STR008,SKU1002,800,CrispLite Potato Chips
2025-09-08,STR008,SKU1003,745,FreshBrew Coffee 250g
2025-09-08,STR008,SKU1004,773,GlowSkin Face Wash 100ml
2025-09-08,STR008,SKU1005,810,PureClean Detergent 1kg
2025-09-08,STR009,SKU1001,643,Alpine Spring Water 1L
2025-09-08,STR009,SKU1002,573,CrispLite Potato Chips
2025-09-08,STR009,SKU1003,564,FreshBrew Coffee 250g
2025-09-08,STR009,SKU1004,493,GlowSkin Face Wash 100ml
2025-09-08,STR009,SKU1005,514,PureClean Detergent 1kg
2025-09-08,STR010,SKU1001,808,Alpine Spring Water 1L
2025-09-08,STR010,SKU1002,501,CrispLite Potato Chips
2025-09-08,STR010,SKU1003,518,FreshBrew Coffee 250g
2025-09-08,STR010,SKU1004,811,GlowSkin Face Wash 100ml
2025-09-08,STR010,SKU1005,536,PureClean Detergent 1kg
2025-09-09,STR001,SKU1001,242,Alpine Spring Water 1L
2025-09-09,STR001,SKU1002,299,CrispLite Potato Chips
2025-09-09,STR001,SKU1003,388,FreshBrew Coffee 250g
2025-09-09,STR001,SKU1004,338,GlowSkin Face Wash 100ml
2025-09-09,STR001,SKU1005,291,PureClean Detergent 1kg
2025-09-09,STR002,SKU1001,328,Alpine Spring Water 1L
2025-09-09,STR002,SKU1002,240,CrispLite Potato Chips
2025-09-09,STR002,SKU1003,362,FreshBrew Coffee 250g
2025-09-09,STR002,SKU1004,212,GlowSkin Face Wash 100ml
2025-09-09,STR002,SKU1005,339,PureClean Detergent 1kg
2025-09-09,STR003,SKU1001,243,Alpine Spring Water 1L
2025-09-09,STR003,SKU1002,359,CrispLite Potato Chips
2025-09-09,STR003,SKU1003,222,FreshBrew Coffee 250g
2025-09-09,STR003,SKU1004,289,GlowSkin Face Wash 100ml
2025-09-09,STR003,SKU1005,347,PureClean Detergent 1kg
2025-09-09,STR004,SKU1001,1379,Alpine Spring Water 1L
2025-09-09,STR004,SKU1002,1686,CrispLite Potato Chips
2025-09-09,STR004,SKU1003,1294,FreshBrew Coffee 250g
2025-09-09,STR004,SKU1004,1717,GlowSkin Face Wash 100ml
2025-09-09,STR004,SKU1005,1171,PureClean Detergent 1kg
2025-09-09,STR005,SKU1001,1821,Alpine Spring Water 1L
2025-09-09,STR005,SKU1002,1955,CrispLite Potato Chips
2025-09-09,STR005,SKU1003,1866,FreshBrew Coffee 250g
2025-09-09,STR005,SKU1004,1292,GlowSkin Face Wash 100ml
2025-09-09,STR005,SKU1005,1791,PureClean Detergent 1kg
2025-09-09,STR006,SKU1001,732,Alpine Spring Water 1L
2025-09-09,STR006,SKU1002,677,CrispLite Potato Chips
2025-09-09,STR006,SKU1003,881,FreshBrew Coffee 250g
2025-09-09,STR006,SKU1004,564,GlowSkin Face Wash 100ml
2025-09-09,STR006,SKU1005,608,PureClean Detergent 1kg
2025-09-09,STR007,SKU1001,752,Alpine Spring Water 1L
2025-09-09,STR007,SKU1002,639,CrispLite Potato Chips
2025-09-09,STR007,SKU1003,546,FreshBrew Coffee 250g
2025-09-09,STR007,SKU1004,636,GlowSkin Face Wash 100ml
2025-09-09,STR007,SKU1005,540,PureClean Detergent 1kg
2025-09-09,STR008,SKU1001,598,Alpine Spring Water 1L
2025-09-09,STR008,SKU1002,725,CrispLite Potato Chips
2025-09-09,STR008,SKU1003,823,FreshBrew Coffee 250g
2025-09-09,STR008,SKU1004,653,GlowSkin Face Wash 100ml
2025-09-09,STR008,SKU1005,774,PureClean Detergent 1kg
2025-09-09,STR009,SKU1001,686,Alpine Spring Water 1L
2025-09-09,STR009,SKU1002,781,CrispLite Potato Chips
2025-09-09,STR009,SKU1003,640,FreshBrew Coffee 250g
2025-09-09,STR009,SKU1004,742,GlowSkin Face Wash 100ml
2025-09-09,STR009,SKU1005,553,PureClean Detergent 1kg
2025-09-09,STR010,SKU1001,827,Alpine Spring Water 1L
2025-09-09,STR010,SKU1002,851,CrispLite Potato Chips
2025-09-09,STR010,SKU1003,584,FreshBrew Coffee 250g
2025-09-09,STR010,SKU1004,807,GlowSkin Face Wash 100ml
2025-09-09,STR010,SKU1005,835,PureClean Detergent 1kg
2025-09-10,STR001,SKU1001,229,Alpine Spring Water 1L
2025-09-10,STR001,SKU1002,343,CrispLite Potato Chips
2025-09-10,STR001,SKU1003,239,FreshBrew Coffee 250g
2025-09-10,STR001,SKU1004,300,GlowSkin Face Wash 100ml
2025-09-10,STR001,SKU1005,263,PureClean Detergent 1kg
2025-09-10,STR002,SKU1001,219,Alpine Spring Water 1L
2025-09-10,STR002,SKU1002,330,CrispLite Potato Chips
2025-09-10,STR002,SKU1003,367,FreshBrew Coffee 250g
2025-09-10,STR002,SKU1004,388,GlowSkin Face Wash 100ml
2025-09-10,STR002,SKU1005,396,PureClean Detergent 1kg
2025-09-10,STR003,SKU1001,347,Alpine Spring Water 1L
2025-09-10,STR003,SKU1002,217,CrispLite Potato Chips
2025-09-10,STR003,SKU1003,399,FreshBrew Coffee 250g
2025-09-10,STR003,SKU1004,211,GlowSkin Face Wash 100ml
2025-09-10,STR003,SKU1005,286,PureClean Detergent 1kg
2025-09-10,STR004,SKU1001,1240,Alpine Spring Water 1L
2025-09-10,STR004,SKU1002,1839,CrispLite Potato Chips
2025-09-10,STR004,SKU1003,1293,FreshBrew Coffee 250g
2025-09-10,STR004,SKU1004,1840,GlowSkin Face Wash 100ml
2025-09-10,STR004,SKU1005,1240,PureClean Detergent 1kg
2025-09-10,STR005,SKU1001,1327,Alpine Spring Water 1L
2025-09-10,STR005,SKU1002,1399,CrispLite Potato Chips
2025-09-10,STR005,SKU1003,1216,FreshBrew Coffee 250g
2025-09-10,STR005,SKU1004,1794,GlowSkin Face Wash 100ml
2025-09-10,STR005,SKU1005,1484,PureClean Detergent 1kg
2025-09-10,STR006,SKU1001,776,Alpine Spring Water 1L
2025-09-10,STR006,SKU1002,884,CrispLite Potato Chips
2025-09-10,STR006,SKU1003,672,FreshBrew Coffee 250g
2025-09-10,STR006,SKU1004,904,GlowSkin Face Wash 100ml
2025-09-10,STR006,SKU1005,858,PureClean Detergent 1kg
2025-09-10,STR007,SKU1001,635,Alpine Spring Water 1L
2025-09-10,STR007,SKU1002,501,CrispLite Potato Chips
2025-09-10,STR007,SKU1003,661,FreshBrew Coffee 250g
2025-09-10,STR007,SKU1004,579,GlowSkin Face Wash 100ml
2025-09-10,STR007,SKU1005,760,PureClean Detergent 1kg
2025-09-10,STR008,SKU1001,833,Alpine Spring Water 1L
2025-09-10,STR008,SKU1002,834,CrispLite Potato Chips
2025-09-10,STR008,SKU1003,601,FreshBrew Coffee 250g
2025-09-10,STR008,SKU1004,541,GlowSkin Face Wash 100ml
2025-09-10,STR008,SKU1005,627,PureClean Detergent 1kg
2025-09-10,STR009,SKU1001,786,Alpine Spring Water 1L
2025-09-10,STR009,SKU1002,775,CrispLite Potato Chips
2025-09-10,STR009,SKU1003,572,FreshBrew Coffee 250g
2025-09-10,STR009,SKU1004,805,GlowSkin Face Wash 100ml
2025-09-10,STR009,SKU1005,807,PureClean Detergent 1kg
2025-09-10,STR010,SKU1001,856,Alpine Spring Water 1L
2025-09-10,STR010,SKU1002,786,CrispLite Potato Chips
2025-09-10,STR010,SKU1003,597,FreshBrew Coffee 250g
2025-09-10,STR010,SKU1004,796,GlowSkin Face Wash 100ml
2025-09-10,STR010,SKU1005,503,PureClean Detergent 1kg
2025-09-11,STR001,SKU1001,324,Alpine Spring Water 1L
2025-09-11,STR001,SKU1002,317,CrispLite Potato Chips
2025-09-11,STR001,SKU1003,264,FreshBrew Coffee 250g
2025-09-11,STR001,SKU1004,251,GlowSkin Face Wash 100ml
2025-09-11,STR001,SKU1005,375,PureClean Detergent 1kg
2025-09-11,STR002,SKU1001,317,Alpine Spring Water 1L
2025-09-11,STR002,SKU1002,382,CrispLite Potato Chips
2025-09-11,STR002,SKU1003,338,FreshBrew Coffee 250g
2025-09-11,STR002,SKU1004,255,GlowSkin Face Wash 100ml
2025-09-11,STR002,SKU1005,224,PureClean Detergent 1kg
2025-09-11,STR003,SKU1001,245,Alpine Spring Water 1L
2025-09-11,STR003,SKU1002,400,CrispLite Potato Chips
2025-09-11,STR003,SKU1003,382,FreshBrew Coffee 250g
2025-09-11,STR003,SKU1004,363,GlowSkin Face Wash 100ml
2025-09-11,STR003,SKU1005,225,PureClean Detergent 1kg
2025-09-11,STR004,SKU1001,1157,Alpine Spring Water 1L
2025-09-11,STR004,SKU1002,1722,CrispLite Potato Chips
2025-09-11,STR004,SKU1003,2041,FreshBrew Coffee 250g
2025-09-11,STR004,SKU1004,1334,GlowSkin Face Wash 100ml
2025-09-11,STR004,SKU1005,1561,PureClean Detergent 1kg
2025-09-11,STR005,SKU1001,1716,Alpine Spring Water 1L
2025-09-11,STR005,SKU1002,1112,CrispLite Potato Chips
2025-09-11,STR005,SKU1003,1407,FreshBrew Coffee 250g
2025-09-11,STR005,SKU1004,1635,GlowSkin Face Wash 100ml
2025-09-11,STR005,SKU1005,1549,PureClean Detergent 1kg
2025-09-11,STR006,SKU1001,576,Alpine Spring Water 1L
2025-09-11,STR006,SKU1002,878,CrispLite Potato Chips
2025-09-11,STR006,SKU1003,790,FreshBrew Coffee 250g
2025-09-11,STR006,SKU1004,502,GlowSkin Face Wash 100ml
2025-09-11,STR006,SKU1005,677,PureClean Detergent 1kg
2025-09-11,STR007,SKU1001,841,Alpine Spring Water 1L
2025-09-11,STR007,SKU1002,757,CrispLite Potato Chips
2025-09-11,STR007,SKU1003,825,FreshBrew Coffee 250g
2025-09-11,STR007,SKU1004,529,GlowSkin Face Wash 100ml
2025-09-11,STR007,SKU1005,673,PureClean Detergent 1kg
2025-09-11,STR008,SKU1001,844,Alpine Spring Water 1L
2025-09-11,STR008,SKU1002,844,CrispLite Potato Chips
2025-09-11,STR008,SKU1003,840,FreshBrew Coffee 250g
2025-09-11,STR008,SKU1004,553,GlowSkin Face Wash 100ml
2025-09-11,STR008,SKU1005,880,PureClean Detergent 1kg
2025-09-11,STR009,SKU1001,704,Alpine Spring Water 1L
2025-09-11,STR009,SKU1002,794,CrispLite Potato Chips
2025-09-11,STR009,SKU1003,850,FreshBrew Coffee 250g
2025-09-11,STR009,SKU1004,593,GlowSkin Face Wash 100ml
2025-09-11,STR009,SKU1005,677,PureClean Detergent 1kg
2025-09-11,STR010,SKU1001,635,Alpine Spring Water 1L
2025-09-11,STR010,SKU1002,556,CrispLite Potato Chips
2025-09-11,STR010,SKU1003,889,FreshBrew Coffee 250g
2025-09-11,STR010,SKU1004,683,GlowSkin Face Wash 100ml
2025-09-11,STR010,SKU1005,652,PureClean Detergent 1kg
2025-09-12,STR001,SKU1001,240,Alpine Spring Water 1L
2025-09-12,STR001,SKU1002,286,CrispLite Potato Chips
2025-09-12,STR001,SKU1003,313,FreshBrew Coffee 250g
2025-09-12,STR001,SKU1004,282,GlowSkin Face Wash 100ml
2025-09-12,STR001,SKU1005,295,PureClean Detergent 1kg
2025-09-12,STR002,SKU1001,311,Alpine Spring Water 1L
2025-09-12,STR002,SKU1002,322,CrispLite Potato Chips
2025-09-12,STR002,SKU1003,225,FreshBrew Coffee 250g
2025-09-12,STR002,SKU1004,407,GlowSkin Face Wash 100ml
2025-09-12,STR002,SKU1005,264,PureClean Detergent 1kg
2025-09-12,STR003,SKU1001,235,Alpine Spring Water 1L
2025-09-12,STR003,SKU1002,288,CrispLite Potato Chips
2025-09-12,STR003,SKU1003,232,FreshBrew Coffee 250g
2025-09-12,STR003,SKU1004,372,GlowSkin Face Wash 100ml
2025-09-12,STR003,SKU1005,332,PureClean Detergent 1kg
2025-09-12,STR004,SKU1001,1069,Alpine Spring Water 1L
2025-09-12,STR004,SKU1002,1518,CrispLite Potato Chips
2025-09-12,STR004,SKU1003,1478,FreshBrew Coffee 250g
2025-09-12,STR004,SKU1004,1581,GlowSkin Face Wash 100ml
2025-09-12,STR004,SKU1005,1236,PureClean Detergent 1kg
2025-09-12,STR005,SKU1001,1255,Alpine Spring Water 1L
2025-09-12,STR005,SKU1002,1879,CrispLite Potato Chips
2025-09-12,STR005,SKU1003,1682,FreshBrew Coffee 250g
2025-09-12,STR005,SKU1004,1601,GlowSkin Face Wash 100ml
2025-09-12,STR005,SKU1005,2047,PureClean Detergent 1kg
2025-09-12,STR006,SKU1001,682,Alpine Spring Water 1L
2025-09-12,STR006,SKU1002,819,CrispLite Potato Chips
2025-09-12,STR006,SKU1003,777,FreshBrew Coffee 250g
2025-09-12,STR006,SKU1004,694,GlowSkin Face Wash 100ml
2025-09-12,STR006,SKU1005,528,PureClean Detergent 1kg
2025-09-12,STR007,SKU1001,788,Alpine Spring Water 1L
2025-09-12,STR007,SKU1002,519,CrispLite Potato Chips
2025-09-12,STR007,SKU1003,849,FreshBrew Coffee 250g
2025-09-12,STR007,SKU1004,581,GlowSkin Face Wash 100ml
2025-09-12,STR007,SKU1005,884,PureClean Detergent 1kg
2025-09-12,STR008,SKU1001,613,Alpine Spring Water 1L
2025-09-12,STR008,SKU1002,650,CrispLite Potato Chips
2025-09-12,STR008,SKU1003,858,FreshBrew Coffee 250g
2025-09-12,STR008,SKU1004,528,GlowSkin Face Wash 100ml
2025-09-12,STR008,SKU1005,498,PureClean Detergent 1kg
2025-09-12,STR009,SKU1001,720,Alpine Spring Water 1L
2025-09-12,STR009,SKU1002,619,CrispLite Potato Chips
2025-09-12,STR009,SKU1003,477,FreshBrew Coffee 250g
2025-09-12,STR009,SKU1004,689,GlowSkin Face Wash 100ml
2025-09-12,STR009,SKU1005,476,PureClean Detergent 1kg
2025-09-12,STR010,SKU1001,616,Alpine Spring Water 1L
2025-09-12,STR010,SKU1002,683,CrispLite Potato Chips
2025-09-12,STR010,SKU1003,700,FreshBrew Coffee 250g
2025-09-12,STR010,SKU1004,887,GlowSkin Face Wash 100ml
2025-09-12,STR010,SKU1005,532,PureClean Detergent 1kg
2025-09-13,STR001,SKU1001,223,Alpine Spring Water 1L
2025-09-13,STR001,SKU1002,349,CrispLite Potato Chips
2025-09-13,STR001,SKU1003,203,FreshBrew Coffee 250g
2025-09-13,STR001,SKU1004,202,GlowSkin Face Wash 100ml
2025-09-13,STR001,SKU1005,307,PureClean Detergent 1kg
2025-09-13,STR002,SKU1001,386,Alpine Spring Water 1L
2025-09-13,STR002,SKU1002,199,CrispLite Potato Chips
2025-09-13,STR002,SKU1003,393,FreshBrew Coffee 250g
2025-09-13,STR002,SKU1004,218,GlowSkin Face Wash 100ml
2025-09-13,STR002,SKU1005,202,PureClean Detergent 1kg
2025-09-13,STR003,SKU1001,243,Alpine Spring Water 1L
2025-09-13,STR003,SKU1002,376,CrispLite Potato Chips
2025-09-13,STR003,SKU1003,341,FreshBrew Coffee 250g
2025-09-13,STR003,SKU1004,235,GlowSkin Face Wash 100ml
2025-09-13,STR003,SKU1005,281,PureClean Detergent 1kg
2025-09-13,STR004,SKU1001,1227,Alpine Spring Water 1L
2025-09-13,STR004,SKU1002,1712,CrispLite Potato Chips
2025-09-13,STR004,SKU1003,1493,FreshBrew Coffee 250g
2025-09-13,STR004,SKU1004,1553,GlowSkin Face Wash 100ml
2025-09-13,STR004,SKU1005,1961,PureClean Detergent 1kg
2025-09-13,STR005,SKU1001,1902,Alpine Spring Water 1L
2025-09-13,STR005,SKU1002,1773,CrispLite Potato Chips
2025-09-13,STR005,SKU1003,2063,FreshBrew Coffee 250g
2025-09-13,STR005,SKU1004,1342,GlowSkin Face Wash 100ml
2025-09-13,STR005,SKU1005,1722,PureClean Detergent 1kg
2025-09-13,STR006,SKU1001,795,Alpine Spring Water 1L
2025-09-13,STR006,SKU1002,789,CrispLite Potato Chips
2025-09-13,STR006,SKU1003,669,FreshBrew Coffee 250g
2025-09-13,STR006,SKU1004,624,GlowSkin Face Wash 100ml
2025-09-13,STR006,SKU1005,672,PureClean Detergent 1kg
2025-09-13,STR007,SKU1001,634,Alpine Spring Water 1L
2025-09-13,STR007,SKU1002,711,CrispLite Potato Chips
2025-09-13,STR007,SKU1003,639,FreshBrew Coffee 250g
2025-09-13,STR007,SKU1004,617,GlowSkin Face Wash 100ml
2025-09-13,STR007,SKU1005,719,PureClean Detergent 1kg
2025-09-13,STR008,SKU1001,731,Alpine Spring Water 1L
2025-09-13,STR008,SKU1002,902,CrispLite Potato Chips
2025-09-13,STR008,SKU1003,690,FreshBrew Coffee 250g
2025-09-13,STR008,SKU1004,887,GlowSkin Face Wash 100ml
2025-09-13,STR008,SKU1005,562,PureClean Detergent 1kg
2025-09-13,STR009,SKU1001,548,Alpine Spring Water 1L
2025-09-13,STR009,SKU1002,777,CrispLite Potato Chips
2025-09-13,STR009,SKU1003,916,FreshBrew Coffee 250g
2025-09-13,STR009,SKU1004,495,GlowSkin Face Wash 100ml
2025-09-13,STR009,SKU1005,852,PureClean Detergent 1kg
2025-09-13,STR010,SKU1001,653,Alpine Spring Water 1L
2025-09-13,STR010,SKU1002,612,CrispLite Potato Chips
2025-09-13,STR010,SKU1003,758,FreshBrew Coffee 250g
2025-09-13,STR010,SKU1004,583,GlowSkin Face Wash 100ml
2025-09-13,STR010,SKU1005,794,PureClean Detergent 1kg
2025-09-14,STR001,SKU1001,374,Alpine Spring Water 1L
2025-09-14,STR001,SKU1002,205,CrispLite Potato Chips
2025-09-14,STR001,SKU1003,226,FreshBrew Coffee 250g
2025-09-14,STR001,SKU1004,347,GlowSkin Face Wash 100ml
2025-09-14,STR001,SKU1005,358,PureClean Detergent 1kg
2025-09-14,STR002,SKU1001,347,Alpine Spring Water 1L
2025-09-14,STR002,SKU1002,388,CrispLite Potato Chips
2025-09-14,STR002,SKU1003,386,FreshBrew Coffee 250g
2025-09-14,STR002,SKU1004,282,GlowSkin Face Wash 100ml
2025-09-14,STR002,SKU1005,316,PureClean Detergent 1kg
2025-09-14,STR003,SKU1001,219,Alpine Spring Water 1L
2025-09-14,STR003,SKU1002,269,CrispLite Potato Chips
2025-09-14,STR003,SKU1003,391,FreshBrew Coffee 250g
2025-09-14,STR003,SKU1004,383,GlowSkin Face Wash 100ml
2025-09-14,STR003,SKU1005,231,PureClean Detergent 1kg
2025-09-14,STR004,SKU1001,1185,Alpine Spring Water 1L
2025-09-14,STR004,SKU1002,1179,CrispLite Potato Chips
2025-09-14,STR004,SKU1003,1405,FreshBrew Coffee 250g
2025-09-14,STR004,SKU1004,1798,GlowSkin Face Wash 100ml
2025-09-14,STR004,SKU1005,1848,PureClean Detergent 1kg
2025-09-14,STR005,SKU1001,1028,Alpine Spring Water 1L
2025-09-14,STR005,SKU1002,1912,CrispLite Potato Chips
2025-09-14,STR005,SKU1003,1952,FreshBrew Coffee 250g
2025-09-14,STR005,SKU1004,1289,GlowSkin Face Wash 100ml
2025-09-14,STR005,SKU1005,1456,PureClean Detergent 1kg
2025-09-14,STR006,SKU1001,689,Alpine Spring Water 1L
2025-09-14,STR006,SKU1002,840,CrispLite Potato Chips
2025-09-14,STR006,SKU1003,711,FreshBrew Coffee 250g
2025-09-14,STR006,SKU1004,742,GlowSkin Face Wash 100ml
2025-09-14,STR006,SKU1005,757,PureClean Detergent 1kg
2025-09-14,STR007,SKU1001,759,Alpine Spring Water 1L
2025-09-14,STR007,SKU1002,717,CrispLite Potato Chips
2025-09-14,STR007,SKU1003,574,FreshBrew Coffee 250g
2025-09-14,STR007,SKU1004,789,GlowSkin Face Wash 100ml
2025-09-14,STR007,SKU1005,699,PureClean Detergent 1kg
2025-09-14,STR008,SKU1001,682,Alpine Spring Water 1L
2025-09-14,STR008,SKU1002,922,CrispLite Potato Chips
2025-09-14,STR008,SKU1003,733,FreshBrew Coffee 250g
2025-09-14,STR008,SKU1004,895,GlowSkin Face Wash 100ml
2025-09-14,STR008,SKU1005,685,PureClean Detergent 1kg
2025-09-14,STR009,SKU1001,877,Alpine Spring Water 1L
2025-09-14,STR009,SKU1002,571,CrispLite Potato Chips
2025-09-14,STR009,SKU1003,887,FreshBrew Coffee 250g
2025-09-14,STR009,SKU1004,570,GlowSkin Face Wash 100ml
2025-09-14,STR009,SKU1005,862,PureClean Detergent 1kg
2025-09-14,STR010,SKU1001,597,Alpine Spring Water 1L
2025-09-14,STR010,SKU1002,846,CrispLite Potato Chips
2025-09-14,STR010,SKU1003,743,FreshBrew Coffee 250g
2025-09-14,STR010,SKU1004,607,GlowSkin Face Wash 100ml
2025-09-14,STR010,SKU1005,500,PureClean Detergent 1kg
2025-09-15,STR001,SKU1001,242,Alpine Spring Water 1L
2025-09-15,STR001,SKU1002,211,CrispLite Potato Chips
2025-09-15,STR001,SKU1003,334,FreshBrew Coffee 250g
2025-09-15,STR001,SKU1004,295,GlowSkin Face Wash 100ml
2025-09-15,STR001,SKU1005,304,PureClean Detergent 1kg
2025-09-15,STR002,SKU1001,202,Alpine Spring Water 1L
2025-09-15,STR002,SKU1002,237,CrispLite Potato Chips
2025-09-15,STR002,SKU1003,291,FreshBrew Coffee 250g
2025-09-15,STR002,SKU1004,283,GlowSkin Face Wash 100ml
2025-09-15,STR002,SKU1005,292,PureClean Detergent 1kg
2025-09-15,STR003,SKU1001,410,Alpine Spring Water 1L
2025-09-15,STR003,SKU1002,372,CrispLite Potato Chips
2025-09-15,STR003,SKU1003,240,FreshBrew Coffee 250g
2025-09-15,STR003,SKU1004,346,GlowSkin Face Wash 100ml
2025-09-15,STR003,SKU1005,335,PureClean Detergent 1kg
2025-09-15,STR004,SKU1001,1461,Alpine Spring Water 1L
2025-09-15,STR004,SKU1002,1555,CrispLite Potato Chips
2025-09-15,STR004,SKU1003,1085,FreshBrew Coffee 250g
2025-09-15,STR004,SKU1004,1323,GlowSkin Face Wash 100ml
2025-09-15,STR004,SKU1005,1588,PureClean Detergent 1kg
2025-09-15,STR005,SKU1001,955,Alpine Spring Water 1L
2025-09-15,STR005,SKU1002,1399,CrispLite Potato Chips
2025-09-15,STR005,SKU1003,1326,FreshBrew Coffee 250g
2025-09-15,STR005,SKU1004,1139,GlowSkin Face Wash 100ml
2025-09-15,STR005,SKU1005,1854,PureClean Detergent 1kg
2025-09-15,STR006,SKU1001,852,Alpine Spring Water 1L
2025-09-15,STR006,SKU1002,592,CrispLite Potato Chips
2025-09-15,STR006,SKU1003,582,FreshBrew Coffee 250g
2025-09-15,STR006,SKU1004,814,GlowSkin Face Wash 100ml
2025-09-15,STR006,SKU1005,628,PureClean Detergent 1kg
2025-09-15,STR007,SKU1001,852,Alpine Spring Water 1L
2025-09-15,STR007,SKU1002,670,CrispLite Potato Chips
2025-09-15,STR007,SKU1003,525,FreshBrew Coffee 250g
2025-09-15,STR007,SKU1004,600,GlowSkin Face Wash 100ml
2025-09-15,STR007,SKU1005,728,PureClean Detergent 1kg
2025-09-15,STR008,SKU1001,709,Alpine Spring Water 1L
2025-09-15,STR008,SKU1002,823,CrispLite Potato Chips
2025-09-15,STR008,SKU1003,864,FreshBrew Coffee 250g
2025-09-15,STR008,SKU1004,694,GlowSkin Face Wash 100ml
2025-09-15,STR008,SKU1005,675,PureClean Detergent 1kg
2025-09-15,STR009,SKU1001,653,Alpine Spring Water 1L
2025-09-15,STR009,SKU1002,806,CrispLite Potato Chips
2025-09-15,STR009,SKU1003,547,FreshBrew Coffee 250g
2025-09-15,STR009,SKU1004,938,GlowSkin Face Wash 100ml
2025-09-15,STR009,SKU1005,547,PureClean Detergent 1kg
2025-09-15,STR010,SKU1001,594,Alpine Spring Water 1L
2025-09-15,STR010,SKU1002,665,CrispLite Potato Chips
2025-09-15,STR010,SKU1003,784,FreshBrew Coffee 250g
2025-09-15,STR010,SKU1004,549,GlowSkin Face Wash 100ml
2025-09-15,STR010,SKU1005,647,PureClean Detergent 1kg
2025-09-16,STR001,SKU1001,303,Alpine Spring Water 1L
2025-09-16,STR001,SKU1002,375,CrispLite Potato Chips
2025-09-16,STR001,SKU1003,382,FreshBrew Coffee 250g
2025-09-16,STR001,SKU1004,266,GlowSkin Face Wash 100ml
2025-09-16,STR001,SKU1005,245,PureClean Detergent 1kg
2025-09-16,STR002,SKU1001,312,Alpine Spring Water 1L
2025-09-16,STR002,SKU1002,261,CrispLite Potato Chips
2025-09-16,STR002,SKU1003,225,FreshBrew Coffee 250g
2025-09-16,STR002,SKU1004,228,GlowSkin Face Wash 100ml
2025-09-16,STR002,SKU1005,306,PureClean Detergent 1kg
2025-09-16,STR003,SKU1001,366,Alpine Spring Water 1L
2025-09-16,STR003,SKU1002,387,CrispLite Potato Chips
2025-09-16,STR003,SKU1003,285,FreshBrew Coffee 250g
2025-09-16,STR003,SKU1004,361,GlowSkin Face Wash 100ml
2025-09-16,STR003,SKU1005,220,PureClean Detergent 1kg
2025-09-16,STR004,SKU1001,1920,Alpine Spring Water 1L
2025-09-16,STR004,SKU1002,1804,CrispLite Potato Chips
2025-09-16,STR004,SKU1003,1292,FreshBrew Coffee 250g
2025-09-16,STR004,SKU1004,1523,GlowSkin Face Wash 100ml
2025-09-16,STR004,SKU1005,1264,PureClean Detergent 1kg
2025-09-16,STR005,SKU1001,1618,Alpine Spring Water 1L
2025-09-16,STR005,SKU1002,1159,CrispLite Potato Chips
2025-09-16,STR005,SKU1003,1441,FreshBrew Coffee 250g
2025-09-16,STR005,SKU1004,1064,GlowSkin Face Wash 100ml
2025-09-16,STR005,SKU1005,1290,PureClean Detergent 1kg
2025-09-16,STR006,SKU1001,801,Alpine Spring Water 1L
2025-09-16,STR006,SKU1002,756,CrispLite Potato Chips
2025-09-16,STR006,SKU1003,832,FreshBrew Coffee 250g
2025-09-16,STR006,SKU1004,693,GlowSkin Face Wash 100ml
2025-09-16,STR006,SKU1005,676,PureClean Detergent 1kg
2025-09-16,STR007,SKU1001,851,Alpine Spring Water 1L
2025-09-16,STR007,SKU1002,664,CrispLite Potato Chips
2025-09-16,STR007,SKU1003,889,FreshBrew Coffee 250g
2025-09-16,STR007,SKU1004,627,GlowSkin Face Wash 100ml
2025-09-16,STR007,SKU1005,834,PureClean Detergent 1kg
2025-09-16,STR008,SKU1001,873,Alpine Spring Water 1L
2025-09-16,STR008,SKU1002,550,CrispLite Potato Chips
2025-09-16,STR008,SKU1003,555,FreshBrew Coffee 250g
2025-09-16,STR008,SKU1004,699,GlowSkin Face Wash 100ml
2025-09-16,STR008,SKU1005,598,PureClean Detergent 1kg
2025-09-16,STR009,SKU1001,519,Alpine Spring Water 1L
2025-09-16,STR009,SKU1002,588,CrispLite Potato Chips
2025-09-16,STR009,SKU1003,722,FreshBrew Coffee 250g
2025-09-16,STR009,SKU1004,766,GlowSkin Face Wash 100ml
2025-09-16,STR009,SKU1005,721,PureClean Detergent 1kg
2025-09-16,STR010,SKU1001,803,Alpine Spring Water 1L
2025-09-16,STR010,SKU1002,533,CrispLite Potato Chips
2025-09-16,STR010,SKU1003,559,FreshBrew Coffee 250g
2025-09-16,STR010,SKU1004,750,GlowSkin Face Wash 100ml
2025-09-16,STR010,SKU1005,851,PureClean Detergent 1kg
2025-09-17,STR001,SKU1001,391,Alpine Spring Water 1L
2025-09-17,STR001,SKU1002,272,CrispLite Potato Chips
2025-09-17,STR001,SKU1003,338,FreshBrew Coffee 250g
2025-09-17,STR001,SKU1004,385,GlowSkin Face Wash 100ml
2025-09-17,STR001,SKU1005,333,PureClean Detergent 1kg
2025-09-17,STR002,SKU1001,372,Alpine Spring Water 1L
2025-09-17,STR002,SKU1002,257,CrispLite Potato Chips
2025-09-17,STR002,SKU1003,273,FreshBrew Coffee 250g
2025-09-17,STR002,SKU1004,230,GlowSkin Face Wash 100ml
2025-09-17,STR002,SKU1005,398,PureClean Detergent 1kg
2025-09-17,STR003,SKU1001,335,Alpine Spring Water 1L
2025-09-17,STR003,SKU1002,376,CrispLite Potato Chips
2025-09-17,STR003,SKU1003,311,FreshBrew Coffee 250g
2025-09-17,STR003,SKU1004,364,GlowSkin Face Wash 100ml
2025-09-17,STR003,SKU1005,398,PureClean Detergent 1kg
2025-09-17,STR004,SKU1001,1504,Alpine Spring Water 1L
2025-09-17,STR004,SKU1002,1321,CrispLite Potato Chips
2025-09-17,STR004,SKU1003,1559,FreshBrew Coffee 250g
2025-09-17,STR004,SKU1004,1086,GlowSkin Face Wash 100ml
2025-09-17,STR004,SKU1005,1104,PureClean Detergent 1kg
2025-09-17,STR005,SKU1001,1523,Alpine Spring Water 1L
2025-09-17,STR005,SKU1002,1886,CrispLite Potato Chips
2025-09-17,STR005,SKU1003,1803,FreshBrew Coffee 250g
2025-09-17,STR005,SKU1004,1367,GlowSkin Face Wash 100ml
2025-09-17,STR005,SKU1005,1575,PureClean Detergent 1kg
2025-09-17,STR006,SKU1001,586,Alpine Spring Water 1L
2025-09-17,STR006,SKU1002,687,CrispLite Potato Chips
2025-09-17,STR006,SKU1003,893,FreshBrew Coffee 250g
2025-09-17,STR006,SKU1004,578,GlowSkin Face Wash 100ml
2025-09-17,STR006,SKU1005,507,PureClean Detergent 1kg
2025-09-17,STR007,SKU1001,928,Alpine Spring Water 1L
2025-09-17,STR007,SKU1002,529,CrispLite Potato Chips
2025-09-17,STR007,SKU1003,837,FreshBrew Coffee 250g
2025-09-17,STR007,SKU1004,549,GlowSkin Face Wash 100ml
2025-09-17,STR007,SKU1005,741,PureClean Detergent 1kg
2025-09-17,STR008,SKU1001,712,Alpine Spring Water 1L
2025-09-17,STR008,SKU1002,777,CrispLite Potato Chips
2025-09-17,STR008,SKU1003,610,FreshBrew Coffee 250g
2025-09-17,STR008,SKU1004,881,GlowSkin Face Wash 100ml
2025-09-17,STR008,SKU1005,832,PureClean Detergent 1kg
2025-09-17,STR009,SKU1001,821,Alpine Spring Water 1L
2025-09-17,STR009,SKU1002,647,CrispLite Potato Chips
2025-09-17,STR009,SKU1003,604,FreshBrew Coffee 250g
2025-09-17,STR009,SKU1004,830,GlowSkin Face Wash 100ml
2025-09-17,STR009,SKU1005,589,PureClean Detergent 1kg
2025-09-17,STR010,SKU1001,668,Alpine Spring Water 1L
2025-09-17,STR010,SKU1002,680,CrispLite Potato Chips
2025-09-17,STR010,SKU1003,519,FreshBrew Coffee 250g
2025-09-17,STR010,SKU1004,521,GlowSkin Face Wash 100ml
2025-09-17,STR010,SKU1005,583,PureClean Detergent 1kg
2025-09-18,STR001,SKU1001,332,Alpine Spring Water 1L
2025-09-18,STR001,SKU1002,203,CrispLite Potato Chips
2025-09-18,STR001,SKU1003,374,FreshBrew Coffee 250g
2025-09-18,STR001,SKU1004,301,GlowSkin Face Wash 100ml
2025-09-18,STR001,SKU1005,261,PureClean Detergent 1kg
2025-09-18,STR002,SKU1001,350,Alpine Spring Water 1L
2025-09-18,STR002,SKU1002,354,CrispLite Potato Chips
2025-09-18,STR002,SKU1003,295,FreshBrew Coffee 250g
2025-09-18,STR002,SKU1004,318,GlowSkin Face Wash 100ml
2025-09-18,STR002,SKU1005,377,PureClean Detergent 1kg
2025-09-18,STR003,SKU1001,392,Alpine Spring Water 1L
2025-09-18,STR003,SKU1002,260,CrispLite Potato Chips
2025-09-18,STR003,SKU1003,244,FreshBrew Coffee 250g
2025-09-18,STR003,SKU1004,267,GlowSkin Face Wash 100ml
2025-09-18,STR003,SKU1005,266,PureClean Detergent 1kg
2025-09-18,STR004,SKU1001,1327,Alpine Spring Water 1L
2025-09-18,STR004,SKU1002,1470,CrispLite Potato Chips
2025-09-18,STR004,SKU1003,1573,FreshBrew Coffee 250g
2025-09-18,STR004,SKU1004,1211,GlowSkin Face Wash 100ml
2025-09-18,STR004,SKU1005,926,PureClean Detergent 1kg
2025-09-18,STR005,SKU1001,1714,Alpine Spring Water 1L
2025-09-18,STR005,SKU1002,1364,CrispLite Potato Chips
2025-09-18,STR005,SKU1003,1601,FreshBrew Coffee 250g
2025-09-18,STR005,SKU1004,2109,GlowSkin Face Wash 100ml
2025-09-18,STR005,SKU1005,1687,PureClean Detergent 1kg
2025-09-18,STR006,SKU1001,531,Alpine Spring Water 1L
2025-09-18,STR006,SKU1002,613,CrispLite Potato Chips
2025-09-18,STR006,SKU1003,544,FreshBrew Coffee 250g
2025-09-18,STR006,SKU1004,842,GlowSkin Face Wash 100ml
2025-09-18,STR006,SKU1005,921,PureClean Detergent 1kg
2025-09-18,STR007,SKU1001,691,Alpine Spring Water 1L
2025-09-18,STR007,SKU1002,744,CrispLite Potato Chips
2025-09-18,STR007,SKU1003,684,FreshBrew Coffee 250g
2025-09-18,STR007,SKU1004,897,GlowSkin Face Wash 100ml
2025-09-18,STR007,SKU1005,663,PureClean Detergent 1kg
2025-09-18,STR008,SKU1001,812,Alpine Spring Water 1L
2025-09-18,STR008,SKU1002,625,CrispLite Potato Chips
2025-09-18,STR008,SKU1003,920,FreshBrew Coffee 250g
2025-09-18,STR008,SKU1004,684,GlowSkin Face Wash 100ml
2025-09-18,STR008,SKU1005,746,PureClean Detergent 1kg
2025-09-18,STR009,SKU1001,625,Alpine Spring Water 1L
2025-09-18,STR009,SKU1002,670,CrispLite Potato Chips
2025-09-18,STR009,SKU1003,684,FreshBrew Coffee 250g
2025-09-18,STR009,SKU1004,840,GlowSkin Face Wash 100ml
2025-09-18,STR009,SKU1005,774,PureClean Detergent 1kg
2025-09-18,STR010,SKU1001,715,Alpine Spring Water 1L
2025-09-18,STR010,SKU1002,557,CrispLite Potato Chips
2025-09-18,STR010,SKU1003,545,FreshBrew Coffee 250g
2025-09-18,STR010,SKU1004,710,GlowSkin Face Wash 100ml
2025-09-18,STR010,SKU1005,672,PureClean Detergent 1kg
2025-09-19,STR001,SKU1001,360,Alpine Spring Water 1L
2025-09-19,STR001,SKU1002,323,CrispLite Potato Chips
2025-09-19,STR001,SKU1003,307,FreshBrew Coffee 250g
2025-09-19,STR001,SKU1004,210,GlowSkin Face Wash 100ml
2025-09-19,STR001,SKU1005,282,PureClean Detergent 1kg
2025-09-19,STR002,SKU1001,227,Alpine Spring Water 1L
2025-09-19,STR002,SKU1002,239,CrispLite Potato Chips
2025-09-19,STR002,SKU1003,356,FreshBrew Coffee 250g
2025-09-19,STR002,SKU1004,297,GlowSkin Face Wash 100ml
2025-09-19,STR002,SKU1005,291,PureClean Detergent 1kg
2025-09-19,STR003,SKU1001,321,Alpine Spring Water 1L
2025-09-19,STR003,SKU1002,249,CrispLite Potato Chips
2025-09-19,STR003,SKU1003,217,FreshBrew Coffee 250g
2025-09-19,STR003,SKU1004,361,GlowSkin Face Wash 100ml
2025-09-19,STR003,SKU1005,389,PureClean Detergent 1kg
2025-09-19,STR004,SKU1001,1860,Alpine Spring Water 1L
2025-09-19,STR004,SKU1002,1822,CrispLite Potato Chips
2025-09-19,STR004,SKU1003,1619,FreshBrew Coffee 250g
2025-09-19,STR004,SKU1004,1453,GlowSkin Face Wash 100ml
2025-09-19,STR004,SKU1005,1306,PureClean Detergent 1kg
2025-09-19,STR005,SKU1001,1901,Alpine Spring Water 1L
2025-09-19,STR005,SKU1002,1719,CrispLite Potato Chips
2025-09-19,STR005,SKU1003,1300,FreshBrew Coffee 250g
2025-09-19,STR005,SKU1004,1962,GlowSkin Face Wash 100ml
2025-09-19,STR005,SKU1005,1141,PureClean Detergent 1kg
2025-09-19,STR006,SKU1001,777,Alpine Spring Water 1L
2025-09-19,STR006,SKU1002,532,CrispLite Potato Chips
2025-09-19,STR006,SKU1003,804,FreshBrew Coffee 250g
2025-09-19,STR006,SKU1004,660,GlowSkin Face Wash 100ml
2025-09-19,STR006,SKU1005,687,PureClean Detergent 1kg
2025-09-19,STR007,SKU1001,812,Alpine Spring Water 1L
2025-09-19,STR007,SKU1002,878,CrispLite Potato Chips
2025-09-19,STR007,SKU1003,865,FreshBrew Coffee 250g
2025-09-19,STR007,SKU1004,769,GlowSkin Face Wash 100ml
2025-09-19,STR007,SKU1005,783,PureClean Detergent 1kg
2025-09-19,STR008,SKU1001,626,Alpine Spring Water 1L
2025-09-19,STR008,SKU1002,690,CrispLite Potato Chips
2025-09-19,STR008,SKU1003,529,FreshBrew Coffee 250g
2025-09-19,STR008,SKU1004,733,GlowSkin Face Wash 100ml
2025-09-19,STR008,SKU1005,552,PureClean Detergent 1kg
2025-09-19,STR009,SKU1001,474,Alpine Spring Water 1L
2025-09-19,STR009,SKU1002,596,CrispLite Potato Chips
2025-09-19,STR009,SKU1003,519,FreshBrew Coffee 250g
2025-09-19,STR009,SKU1004,720,GlowSkin Face Wash 100ml
2025-09-19,STR009,SKU1005,805,PureClean Detergent 1kg
2025-09-19,STR010,SKU1001,772,Alpine Spring Water 1L
2025-09-19,STR010,SKU1002,720,CrispLite Potato Chips
2025-09-19,STR010,SKU1003,635,FreshBrew Coffee 250g
2025-09-19,STR010,SKU1004,862,GlowSkin Face Wash 100ml
2025-09-19,STR010,SKU1005,597,PureClean Detergent 1kg
2025-09-20,STR001,SKU1001,290,Alpine Spring Water 1L
2025-09-20,STR001,SKU1002,228,CrispLite Potato Chips
2025-09-20,STR001,SKU1003,238,FreshBrew Coffee 250g
2025-09-20,STR001,SKU1004,292,GlowSkin Face Wash 100ml
2025-09-20,STR001,SKU1005,389,PureClean Detergent 1kg
2025-09-20,STR002,SKU1001,342,Alpine Spring Water 1L
2025-09-20,STR002,SKU1002,208,CrispLite Potato Chips
2025-09-20,STR002,SKU1003,258,FreshBrew Coffee 250g
2025-09-20,STR002,SKU1004,282,GlowSkin Face Wash 100ml
2025-09-20,STR002,SKU1005,273,PureClean Detergent 1kg
2025-09-20,STR003,SKU1001,246,Alpine Spring Water 1L
2025-09-20,STR003,SKU1002,335,CrispLite Potato Chips
2025-09-20,STR003,SKU1003,384,FreshBrew Coffee 250g
2025-09-20,STR003,SKU1004,228,GlowSkin Face Wash 100ml
2025-09-20,STR003,SKU1005,220,PureClean Detergent 1kg
2025-09-20,STR004,SKU1001,1267,Alpine Spring Water 1L
2025-09-20,STR004,SKU1002,1749,CrispLite Potato Chips
2025-09-20,STR004,SKU1003,1181,FreshBrew Coffee 250g
2025-09-20,STR004,SKU1004,1193,GlowSkin Face Wash 100ml
2025-09-20,STR004,SKU1005,1477,PureClean Detergent 1kg
2025-09-20,STR005,SKU1001,1756,Alpine Spring Water 1L
2025-09-20,STR005,SKU1002,1106,CrispLite Potato Chips
2025-09-20,STR005,SKU1003,1618,FreshBrew Coffee 250g
2025-09-20,STR005,SKU1004,1849,GlowSkin Face Wash 100ml
2025-09-20,STR005,SKU1005,1410,PureClean Detergent 1kg
2025-09-20,STR006,SKU1001,484,Alpine Spring Water 1L
2025-09-20,STR006,SKU1002,653,CrispLite Potato Chips
2025-09-20,STR006,SKU1003,905,FreshBrew Coffee 250g
2025-09-20,STR006,SKU1004,534,GlowSkin Face Wash 100ml
2025-09-20,STR006,SKU1005,760,PureClean Detergent 1kg
2025-09-20,STR007,SKU1001,732,Alpine Spring Water 1L
2025-09-20,STR007,SKU1002,621,CrispLite Potato Chips
2025-09-20,STR007,SKU1003,501,FreshBrew Coffee 250g
2025-09-20,STR007,SKU1004,807,GlowSkin Face Wash 100ml
2025-09-20,STR007,SKU1005,846,PureClean Detergent 1kg
2025-09-20,STR008,SKU1001,874,Alpine Spring Water 1L
2025-09-20,STR008,SKU1002,874,CrispLite Potato Chips
2025-09-20,STR008,SKU1003,591,FreshBrew Coffee 250g
2025-09-20,STR008,SKU1004,482,GlowSkin Face Wash 100ml
2025-09-20,STR008,SKU1005,636,PureClean Detergent 1kg
2025-09-20,STR009,SKU1001,856,Alpine Spring Water 1L
2025-09-20,STR009,SKU1002,637,CrispLite Potato Chips
2025-09-20,STR009,SKU1003,597,FreshBrew Coffee 250g
2025-09-20,STR009,SKU1004,670,GlowSkin Face Wash 100ml
2025-09-20,STR009,SKU1005,682,PureClean Detergent 1kg
2025-09-20,STR010,SKU1001,730,Alpine Spring Water 1L
2025-09-20,STR010,SKU1002,953,CrispLite Potato Chips
2025-09-20,STR010,SKU1003,649,FreshBrew Coffee 250g
2025-09-20,STR010,SKU1004,676,GlowSkin Face Wash 100ml
2025-09-20,STR010,SKU1005,865,PureClean Detergent 1kg
2025-09-21,STR001,SKU1001,209,Alpine Spring Water 1L
2025-09-21,STR001,SKU1002,217,CrispLite Potato Chips
2025-09-21,STR001,SKU1003,264,FreshBrew Coffee 250g
2025-09-21,STR001,SKU1004,202,GlowSkin Face Wash 100ml
2025-09-21,STR001,SKU1005,332,PureClean Detergent 1kg
2025-09-21,STR002,SKU1001,224,Alpine Spring Water 1L
2025-09-21,STR002,SKU1002,327,CrispLite Potato Chips
2025-09-21,STR002,SKU1003,263,FreshBrew Coffee 250g
2025-09-21,STR002,SKU1004,207,GlowSkin Face Wash 100ml
2025-09-21,STR002,SKU1005,333,PureClean Detergent 1kg
2025-09-21,STR003,SKU1001,219,Alpine Spring Water 1L
2025-09-21,STR003,SKU1002,308,CrispLite Potato Chips
2025-09-21,STR003,SKU1003,234,FreshBrew Coffee 250g
2025-09-21,STR003,SKU1004,218,GlowSkin Face Wash 100ml
2025-09-21,STR003,SKU1005,388,PureClean Detergent 1kg
2025-09-21,STR004,SKU1001,1965,Alpine Spring Water 1L
2025-09-21,STR004,SKU1002,1795,CrispLite Potato Chips
2025-09-21,STR004,SKU1003,1426,FreshBrew Coffee 250g
2025-09-21,STR004,SKU1004,1597,GlowSkin Face Wash 100ml
2025-09-21,STR004,SKU1005,1201,PureClean Detergent 1kg
2025-09-21,STR005,SKU1001,1170,Alpine Spring Water 1L
2025-09-21,STR005,SKU1002,1181,CrispLite Potato Chips
2025-09-21,STR005,SKU1003,1358,FreshBrew Coffee 250g
2025-09-21,STR005,SKU1004,1333,GlowSkin Face Wash 100ml
2025-09-21,STR005,SKU1005,1540,PureClean Detergent 1kg
2025-09-21,STR006,SKU1001,576,Alpine Spring Water 1L
2025-09-21,STR006,SKU1002,895,CrispLite Potato Chips
2025-09-21,STR006,SKU1003,842,FreshBrew Coffee 250g
2025-09-21,STR006,SKU1004,654,GlowSkin Face Wash 100ml
2025-09-21,STR006,SKU1005,738,PureClean Detergent 1kg
2025-09-21,STR007,SKU1001,519,Alpine Spring Water 1L
2025-09-21,STR007,SKU1002,650,CrispLite Potato Chips
2025-09-21,STR007,SKU1003,776,FreshBrew Coffee 250g
2025-09-21,STR007,SKU1004,856,GlowSkin Face Wash 100ml
2025-09-21,STR007,SKU1005,879,PureClean Detergent 1kg
2025-09-21,STR008,SKU1001,806,Alpine Spring Water 1L
2025-09-21,STR008,SKU1002,532,CrispLite Potato Chips
2025-09-21,STR008,SKU1003,735,FreshBrew Coffee 250g
2025-09-21,STR008,SKU1004,798,GlowSkin Face Wash 100ml
2025-09-21,STR008,SKU1005,804,PureClean Detergent 1kg
2025-09-21,STR009,SKU1001,815,Alpine Spring Water 1L
2025-09-21,STR009,SKU1002,620,CrispLite Potato Chips
2025-09-21,STR009,SKU1003,516,FreshBrew Coffee 250g
2025-09-21,STR009,SKU1004,558,GlowSkin Face Wash 100ml
2025-09-21,STR009,SKU1005,835,PureClean Detergent 1kg
2025-09-21,STR010,SKU1001,567,Alpine Spring Water 1L
2025-09-21,STR010,SKU1002,777,CrispLite Potato Chips
2025-09-21,STR010,SKU1003,809,FreshBrew Coffee 250g
2025-09-21,STR010,SKU1004,723,GlowSkin Face Wash 100ml
2025-09-21,STR010,SKU1005,673,PureClean Detergent 1kg
2025-09-22,STR001,SKU1001,221,Alpine Spring Water 1L
2025-09-22,STR001,SKU1002,354,CrispLite Potato Chips
2025-09-22,STR001,SKU1003,275,FreshBrew Coffee 250g
2025-09-22,STR001,SKU1004,385,GlowSkin Face Wash 100ml
2025-09-22,STR001,SKU1005,348,PureClean Detergent 1kg
2025-09-22,STR002,SKU1001,284,Alpine Spring Water 1L
2025-09-22,STR002,SKU1002,325,CrispLite Potato Chips
2025-09-22,STR002,SKU1003,251,FreshBrew Coffee 250g
2025-09-22,STR002,SKU1004,295,GlowSkin Face Wash 100ml
2025-09-22,STR002,SKU1005,376,PureClean Detergent 1kg
2025-09-22,STR003,SKU1001,386,Alpine Spring Water 1L
2025-09-22,STR003,SKU1002,364,CrispLite Potato Chips
2025-09-22,STR003,SKU1003,209,FreshBrew Coffee 250g
2025-09-22,STR003,SKU1004,281,GlowSkin Face Wash 100ml
2025-09-22,STR003,SKU1005,249,PureClean Detergent 1kg
2025-09-22,STR004,SKU1001,1337,Alpine Spring Water 1L
2025-09-22,STR004,SKU1002,1779,CrispLite Potato Chips
2025-09-22,STR004,SKU1003,1875,FreshBrew Coffee 250g
2025-09-22,STR004,SKU1004,1203,GlowSkin Face Wash 100ml
2025-09-22,STR004,SKU1005,1683,PureClean Detergent 1kg
2025-09-22,STR005,SKU1001,1062,Alpine Spring Water 1L
2025-09-22,STR005,SKU1002,1497,CrispLite Potato Chips
2025-09-22,STR005,SKU1003,1820,FreshBrew Coffee 250g
2025-09-22,STR005,SKU1004,1067,GlowSkin Face Wash 100ml
2025-09-22,STR005,SKU1005,1057,PureClean Detergent 1kg
2025-09-22,STR006,SKU1001,653,Alpine Spring Water 1L
2025-09-22,STR006,SKU1002,826,CrispLite Potato Chips
2025-09-22,STR006,SKU1003,807,FreshBrew Coffee 250g
2025-09-22,STR006,SKU1004,620,GlowSkin Face Wash 100ml
2025-09-22,STR006,SKU1005,784,PureClean Detergent 1kg
2025-09-22,STR007,SKU1001,919,Alpine Spring Water 1L
2025-09-22,STR007,SKU1002,594,CrispLite Potato Chips
2025-09-22,STR007,SKU1003,617,FreshBrew Coffee 250g
2025-09-22,STR007,SKU1004,723,GlowSkin Face Wash 100ml
2025-09-22,STR007,SKU1005,830,PureClean Detergent 1kg
2025-09-22,STR008,SKU1001,622,Alpine Spring Water 1L
2025-09-22,STR008,SKU1002,497,CrispLite Potato Chips
2025-09-22,STR008,SKU1003,772,FreshBrew Coffee 250g
2025-09-22,STR008,SKU1004,819,GlowSkin Face Wash 100ml
2025-09-22,STR008,SKU1005,742,PureClean Detergent 1kg
2025-09-22,STR009,SKU1001,538,Alpine Spring Water 1L
2025-09-22,STR009,SKU1002,840,CrispLite Potato Chips
2025-09-22,STR009,SKU1003,832,FreshBrew Coffee 250g
2025-09-22,STR009,SKU1004,689,GlowSkin Face Wash 100ml
2025-09-22,STR009,SKU1005,608,PureClean Detergent 1kg
2025-09-22,STR010,SKU1001,526,Alpine Spring Water 1L
2025-09-22,STR010,SKU1002,828,CrispLite Potato Chips
2025-09-22,STR010,SKU1003,798,FreshBrew Coffee 250g
2025-09-22,STR010,SKU1004,869,GlowSkin Face Wash 100ml
2025-09-22,STR010,SKU1005,527,PureClean Detergent 1kg
2025-09-23,STR001,SKU1001,211,Alpine Spring Water 1L
2025-09-23,STR001,SKU1002,219,CrispLite Potato Chips
2025-09-23,STR001,SKU1003,360,FreshBrew Coffee 250g
2025-09-23,STR001,SKU1004,369,GlowSkin Face Wash 100ml
2025-09-23,STR001,SKU1005,355,PureClean Detergent 1kg
2025-09-23,STR002,SKU1001,381,Alpine Spring Water 1L
2025-09-23,STR002,SKU1002,308,CrispLite Potato Chips
2025-09-23,STR002,SKU1003,368,FreshBrew Coffee 250g
2025-09-23,STR002,SKU1004,319,GlowSkin Face Wash 100ml
2025-09-23,STR002,SKU1005,244,PureClean Detergent 1kg
2025-09-23,STR003,SKU1001,283,Alpine Spring Water 1L
2025-09-23,STR003,SKU1002,294,CrispLite Potato Chips
2025-09-23,STR003,SKU1003,205,FreshBrew Coffee 250g
2025-09-23,STR003,SKU1004,390,GlowSkin Face Wash 100ml
2025-09-23,STR003,SKU1005,394,PureClean Detergent 1kg
2025-09-23,STR004,SKU1001,1194,Alpine Spring Water 1L
2025-09-23,STR004,SKU1002,1490,CrispLite Potato Chips
2025-09-23,STR004,SKU1003,1201,FreshBrew Coffee 250g
2025-09-23,STR004,SKU1004,1619,GlowSkin Face Wash 100ml
2025-09-23,STR004,SKU1005,1375,PureClean Detergent 1kg
2025-09-23,STR005,SKU1001,1546,Alpine Spring Water 1L
2025-09-23,STR005,SKU1002,1015,CrispLite Potato Chips
2025-09-23,STR005,SKU1003,1388,FreshBrew Coffee 250g
2025-09-23,STR005,SKU1004,1112,GlowSkin Face Wash 100ml
2025-09-23,STR005,SKU1005,1025,PureClean Detergent 1kg
2025-09-23,STR006,SKU1001,635,Alpine Spring Water 1L
2025-09-23,STR006,SKU1002,610,CrispLite Potato Chips
2025-09-23,STR006,SKU1003,575,FreshBrew Coffee 250g
2025-09-23,STR006,SKU1004,850,GlowSkin Face Wash 100ml
2025-09-23,STR006,SKU1005,639,PureClean Detergent 1kg
2025-09-23,STR007,SKU1001,812,Alpine Spring Water 1L
2025-09-23,STR007,SKU1002,595,CrispLite Potato Chips
2025-09-23,STR007,SKU1003,775,FreshBrew Coffee 250g
2025-09-23,STR007,SKU1004,858,GlowSkin Face Wash 100ml
2025-09-23,STR007,SKU1005,827,PureClean Detergent 1kg
2025-09-23,STR008,SKU1001,830,Alpine Spring Water 1L
2025-09-23,STR008,SKU1002,826,CrispLite Potato Chips
2025-09-23,STR008,SKU1003,592,FreshBrew Coffee 250g
2025-09-23,STR008,SKU1004,626,GlowSkin Face Wash 100ml
2025-09-23,STR008,SKU1005,528,PureClean Detergent 1kg
2025-09-23,STR009,SKU1001,785,Alpine Spring Water 1L
2025-09-23,STR009,SKU1002,619,CrispLite Potato Chips
2025-09-23,STR009,SKU1003,641,FreshBrew Coffee 250g
2025-09-23,STR009,SKU1004,811,GlowSkin Face Wash 100ml
2025-09-23,STR009,SKU1005,758,PureClean Detergent 1kg
2025-09-23,STR010,SKU1001,693,Alpine Spring Water 1L
2025-09-23,STR010,SKU1002,708,CrispLite Potato Chips
2025-09-23,STR010,SKU1003,603,FreshBrew Coffee 250g
2025-09-23,STR010,SKU1004,813,GlowSkin Face Wash 100ml
2025-09-23,STR010,SKU1005,721,PureClean Detergent 1kg
2025-09-24,STR001,SKU1001,221,Alpine Spring Water 1L
2025-09-24,STR001,SKU1002,303,CrispLite Potato Chips
2025-09-24,STR001,SKU1003,365,FreshBrew Coffee 250g
2025-09-24,STR001,SKU1004,380,GlowSkin Face Wash 100ml
2025-09-24,STR001,SKU1005,372,PureClean Detergent 1kg
2025-09-24,STR002,SKU1001,384,Alpine Spring Water 1L
2025-09-24,STR002,SKU1002,361,CrispLite Potato Chips
2025-09-24,STR002,SKU1003,337,FreshBrew Coffee 250g
2025-09-24,STR002,SKU1004,256,GlowSkin Face Wash 100ml
2025-09-24,STR002,SKU1005,263,PureClean Detergent 1kg
2025-09-24,STR003,SKU1001,335,Alpine Spring Water 1L
2025-09-24,STR003,SKU1002,329,CrispLite Potato Chips
2025-09-24,STR003,SKU1003,362,FreshBrew Coffee 250g
2025-09-24,STR003,SKU1004,372,GlowSkin Face Wash 100ml
2025-09-24,STR003,SKU1005,250,PureClean Detergent 1kg
2025-09-24,STR004,SKU1001,1691,Alpine Spring Water 1L
2025-09-24,STR004,SKU1002,1803,CrispLite Potato Chips
2025-09-24,STR004,SKU1003,1496,FreshBrew Coffee 250g
2025-09-24,STR004,SKU1004,1163,GlowSkin Face Wash 100ml
2025-09-24,STR004,SKU1005,1470,PureClean Detergent 1kg
2025-09-24,STR005,SKU1001,1836,Alpine Spring Water 1L
2025-09-24,STR005,SKU1002,1558,CrispLite Potato Chips
2025-09-24,STR005,SKU1003,2080,FreshBrew Coffee 250g
2025-09-24,STR005,SKU1004,1988,GlowSkin Face Wash 100ml
2025-09-24,STR005,SKU1005,1819,PureClean Detergent 1kg
2025-09-24,STR006,SKU1001,913,Alpine Spring Water 1L
2025-09-24,STR006,SKU1002,621,CrispLite Potato Chips
2025-09-24,STR006,SKU1003,589,FreshBrew Coffee 250g
2025-09-24,STR006,SKU1004,838,GlowSkin Face Wash 100ml
2025-09-24,STR006,SKU1005,853,PureClean Detergent 1kg
2025-09-24,STR007,SKU1001,731,Alpine Spring Water 1L
2025-09-24,STR007,SKU1002,757,CrispLite Potato Chips
2025-09-24,STR007,SKU1003,621,FreshBrew Coffee 250g
2025-09-24,STR007,SKU1004,637,GlowSkin Face Wash 100ml
2025-09-24,STR007,SKU1005,511,PureClean Detergent 1kg
2025-09-24,STR008,SKU1001,640,Alpine Spring Water 1L
2025-09-24,STR008,SKU1002,810,CrispLite Potato Chips
2025-09-24,STR008,SKU1003,521,FreshBrew Coffee 250g
2025-09-24,STR008,SKU1004,726,GlowSkin Face Wash 100ml
2025-09-24,STR008,SKU1005,898,PureClean Detergent 1kg
2025-09-24,STR009,SKU1001,785,Alpine Spring Water 1L
2025-09-24,STR009,SKU1002,867,CrispLite Potato Chips
2025-09-24,STR009,SKU1003,509,FreshBrew Coffee 250g
2025-09-24,STR009,SKU1004,643,GlowSkin Face Wash 100ml
2025-09-24,STR009,SKU1005,558,PureClean Detergent 1kg
2025-09-24,STR010,SKU1001,838,Alpine Spring Water 1L
2025-09-24,STR010,SKU1002,820,CrispLite Potato Chips
2025-09-24,STR010,SKU1003,541,FreshBrew Coffee 250g
2025-09-24,STR010,SKU1004,758,GlowSkin Face Wash 100ml
2025-09-24,STR010,SKU1005,846,PureClean Detergent 1kg
2025-09-25,STR001,SKU1001,204,Alpine Spring Water 1L
2025-09-25,STR001,SKU1002,395,CrispLite Potato Chips
2025-09-25,STR001,SKU1003,345,FreshBrew Coffee 250g
2025-09-25,STR001,SKU1004,398,GlowSkin Face Wash 100ml
2025-09-25,STR001,SKU1005,287,PureClean Detergent 1kg
2025-09-25,STR002,SKU1001,239,Alpine Spring Water 1L
2025-09-25,STR002,SKU1002,246,CrispLite Potato Chips
2025-09-25,STR002,SKU1003,338,FreshBrew Coffee 250g
2025-09-25,STR002,SKU1004,271,GlowSkin Face Wash 100ml
2025-09-25,STR002,SKU1005,270,PureClean Detergent 1kg
2025-09-25,STR003,SKU1001,385,Alpine Spring Water 1L
2025-09-25,STR003,SKU1002,365,CrispLite Potato Chips
2025-09-25,STR003,SKU1003,270,FreshBrew Coffee 250g
2025-09-25,STR003,SKU1004,239,GlowSkin Face Wash 100ml
2025-09-25,STR003,SKU1005,343,PureClean Detergent 1kg
2025-09-25,STR004,SKU1001,1697,Alpine Spring Water 1L
2025-09-25,STR004,SKU1002,1162,CrispLite Potato Chips
2025-09-25,STR004,SKU1003,1879,FreshBrew Coffee 250g
2025-09-25,STR004,SKU1004,1384,GlowSkin Face Wash 100ml
2025-09-25,STR004,SKU1005,1259,PureClean Detergent 1kg
2025-09-25,STR005,SKU1001,1217,Alpine Spring Water 1L
2025-09-25,STR005,SKU1002,1866,CrispLite Potato Chips
2025-09-25,STR005,SKU1003,2071,FreshBrew Coffee 250g
2025-09-25,STR005,SKU1004,1523,GlowSkin Face Wash 100ml
2025-09-25,STR005,SKU1005,1105,PureClean Detergent 1kg
2025-09-25,STR006,SKU1001,857,Alpine Spring Water 1L
2025-09-25,STR006,SKU1002,850,CrispLite Potato Chips
2025-09-25,STR006,SKU1003,665,FreshBrew Coffee 250g
2025-09-25,STR006,SKU1004,619,GlowSkin Face Wash 100ml
2025-09-25,STR006,SKU1005,599,PureClean Detergent 1kg
2025-09-25,STR007,SKU1001,523,Alpine Spring Water 1L
2025-09-25,STR007,SKU1002,713,CrispLite Potato Chips
2025-09-25,STR007,SKU1003,570,FreshBrew Coffee 250g
2025-09-25,STR007,SKU1004,939,GlowSkin Face Wash 100ml
2025-09-25,STR007,SKU1005,654,PureClean Detergent 1kg
2025-09-25,STR008,SKU1001,834,Alpine Spring Water 1L
2025-09-25,STR008,SKU1002,731,CrispLite Potato Chips
2025-09-25,STR008,SKU1003,806,FreshBrew Coffee 250g
2025-09-25,STR008,SKU1004,640,GlowSkin Face Wash 100ml
2025-09-25,STR008,SKU1005,728,PureClean Detergent 1kg
2025-09-25,STR009,SKU1001,697,Alpine Spring Water 1L
2025-09-25,STR009,SKU1002,913,CrispLite Potato Chips
2025-09-25,STR009,SKU1003,733,FreshBrew Coffee 250g
2025-09-25,STR009,SKU1004,618,GlowSkin Face Wash 100ml
2025-09-25,STR009,SKU1005,861,PureClean Detergent 1kg
2025-09-25,STR010,SKU1001,816,Alpine Spring Water 1L
2025-09-25,STR010,SKU1002,912,CrispLite Potato Chips
2025-09-25,STR010,SKU1003,542,FreshBrew Coffee 250g
2025-09-25,STR010,SKU1004,793,GlowSkin Face Wash 100ml
2025-09-25,STR010,SKU1005,804,PureClean Detergent 1kg
2025-09-26,STR001,SKU1001,230,Alpine Spring Water 1L
2025-09-26,STR001,SKU1002,194,CrispLite Potato Chips
2025-09-26,STR001,SKU1003,224,FreshBrew Coffee 250g
2025-09-26,STR001,SKU1004,264,GlowSkin Face Wash 100ml
2025-09-26,STR001,SKU1005,327,PureClean Detergent 1kg
2025-09-26,STR002,SKU1001,404,Alpine Spring Water 1L
2025-09-26,STR002,SKU1002,231,CrispLite Potato Chips
2025-09-26,STR002,SKU1003,369,FreshBrew Coffee 250g
2025-09-26,STR002,SKU1004,326,GlowSkin Face Wash 100ml
2025-09-26,STR002,SKU1005,346,PureClean Detergent 1kg
2025-09-26,STR003,SKU1001,358,Alpine Spring Water 1L
2025-09-26,STR003,SKU1002,408,CrispLite Potato Chips
2025-09-26,STR003,SKU1003,226,FreshBrew Coffee 250g
2025-09-26,STR003,SKU1004,403,GlowSkin Face Wash 100ml
2025-09-26,STR003,SKU1005,354,PureClean Detergent 1kg
2025-09-26,STR004,SKU1001,1881,Alpine Spring Water 1L
2025-09-26,STR004,SKU1002,1893,CrispLite Potato Chips
2025-09-26,STR004,SKU1003,1633,FreshBrew Coffee 250g
2025-09-26,STR004,SKU1004,1125,GlowSkin Face Wash 100ml
2025-09-26,STR004,SKU1005,1784,PureClean Detergent 1kg
2025-09-26,STR005,SKU1001,1712,Alpine Spring Water 1L
2025-09-26,STR005,SKU1002,1386,CrispLite Potato Chips
2025-09-26,STR005,SKU1003,1618,FreshBrew Coffee 250g
2025-09-26,STR005,SKU1004,1195,GlowSkin Face Wash 100ml
2025-09-26,STR005,SKU1005,1325,PureClean Detergent 1kg
2025-09-26,STR006,SKU1001,681,Alpine Spring Water 1L
2025-09-26,STR006,SKU1002,699,CrispLite Potato Chips
2025-09-26,STR006,SKU1003,745,FreshBrew Coffee 250g
2025-09-26,STR006,SKU1004,671,GlowSkin Face Wash 100ml
2025-09-26,STR006,SKU1005,720,PureClean Detergent 1kg
2025-09-26,STR007,SKU1001,568,Alpine Spring Water 1L
2025-09-26,STR007,SKU1002,515,CrispLite Potato Chips
2025-09-26,STR007,SKU1003,896,FreshBrew Coffee 250g
2025-09-26,STR007,SKU1004,616,GlowSkin Face Wash 100ml
2025-09-26,STR007,SKU1005,647,PureClean Detergent 1kg
2025-09-26,STR008,SKU1001,650,Alpine Spring Water 1L
2025-09-26,STR008,SKU1002,577,CrispLite Potato Chips
2025-09-26,STR008,SKU1003,515,FreshBrew Coffee 250g
2025-09-26,STR008,SKU1004,584,GlowSkin Face Wash 100ml
2025-09-26,STR008,SKU1005,584,PureClean Detergent 1kg
2025-09-26,STR009,SKU1001,746,Alpine Spring Water 1L
2025-09-26,STR009,SKU1002,821,CrispLite Potato Chips
2025-09-26,STR009,SKU1003,555,FreshBrew Coffee 250g
2025-09-26,STR009,SKU1004,924,GlowSkin Face Wash 100ml
2025-09-26,STR009,SKU1005,709,PureClean Detergent 1kg
2025-09-26,STR010,SKU1001,575,Alpine Spring Water 1L
2025-09-26,STR010,SKU1002,861,CrispLite Potato Chips
2025-09-26,STR010,SKU1003,708,FreshBrew Coffee 250g
2025-09-26,STR010,SKU1004,501,GlowSkin Face Wash 100ml
2025-09-26,STR010,SKU1005,728,PureClean Detergent 1kg
2025-09-27,STR001,SKU1001,361,Alpine Spring Water 1L
2025-09-27,STR001,SKU1002,256,CrispLite Potato Chips
2025-09-27,STR001,SKU1003,319,FreshBrew Coffee 250g
2025-09-27,STR001,SKU1004,247,GlowSkin Face Wash 100ml
2025-09-27,STR001,SKU1005,301,PureClean Detergent 1kg
2025-09-27,STR002,SKU1001,196,Alpine Spring Water 1L
2025-09-27,STR002,SKU1002,385,CrispLite Potato Chips
2025-09-27,STR002,SKU1003,299,FreshBrew Coffee 250g
2025-09-27,STR002,SKU1004,314,GlowSkin Face Wash 100ml
2025-09-27,STR002,SKU1005,236,PureClean Detergent 1kg
2025-09-27,STR003,SKU1001,324,Alpine Spring Water 1L
2025-09-27,STR003,SKU1002,309,CrispLite Potato Chips
2025-09-27,STR003,SKU1003,392,FreshBrew Coffee 250g
2025-09-27,STR003,SKU1004,313,GlowSkin Face Wash 100ml
2025-09-27,STR003,SKU1005,391,PureClean Detergent 1kg
2025-09-27,STR004,SKU1001,1257,Alpine Spring Water 1L
2025-09-27,STR004,SKU1002,1620,CrispLite Potato Chips
2025-09-27,STR004,SKU1003,1397,FreshBrew Coffee 250g
2025-09-27,STR004,SKU1004,2016,GlowSkin Face Wash 100ml
2025-09-27,STR004,SKU1005,1770,PureClean Detergent 1kg
2025-09-27,STR005,SKU1001,1626,Alpine Spring Water 1L
2025-09-27,STR005,SKU1002,1001,CrispLite Potato Chips
2025-09-27,STR005,SKU1003,1203,FreshBrew Coffee 250g
2025-09-27,STR005,SKU1004,1360,GlowSkin Face Wash 100ml
2025-09-27,STR005,SKU1005,1759,PureClean Detergent 1kg
2025-09-27,STR006,SKU1001,834,Alpine Spring Water 1L
2025-09-27,STR006,SKU1002,847,CrispLite Potato Chips
2025-09-27,STR006,SKU1003,547,FreshBrew Coffee 250g
2025-09-27,STR006,SKU1004,874,GlowSkin Face Wash 100ml
2025-09-27,STR006,SKU1005,576,PureClean Detergent 1kg
2025-09-27,STR007,SKU1001,883,Alpine Spring Water 1L
2025-09-27,STR007,SKU1002,651,CrispLite Potato Chips
2025-09-27,STR007,SKU1003,478,FreshBrew Coffee 250g
2025-09-27,STR007,SKU1004,900,GlowSkin Face Wash 100ml
2025-09-27,STR007,SKU1005,472,PureClean Detergent 1kg
2025-09-27,STR008,SKU1001,777,Alpine Spring Water 1L
2025-09-27,STR008,SKU1002,527,CrispLite Potato Chips
2025-09-27,STR008,SKU1003,675,FreshBrew Coffee 250g
2025-09-27,STR008,SKU1004,879,GlowSkin Face Wash 100ml
2025-09-27,STR008,SKU1005,942,PureClean Detergent 1kg
2025-09-27,STR009,SKU1001,746,Alpine Spring Water 1L
2025-09-27,STR009,SKU1002,759,CrispLite Potato Chips
2025-09-27,STR009,SKU1003,486,FreshBrew Coffee 250g
2025-09-27,STR009,SKU1004,785,GlowSkin Face Wash 100ml
2025-09-27,STR009,SKU1005,855,PureClean Detergent 1kg
2025-09-27,STR010,SKU1001,688,Alpine Spring Water 1L
2025-09-27,STR010,SKU1002,844,CrispLite Potato Chips
2025-09-27,STR010,SKU1003,603,FreshBrew Coffee 250g
2025-09-27,STR010,SKU1004,831,GlowSkin Face Wash 100ml
2025-09-27,STR010,SKU1005,828,PureClean Detergent 1kg
2025-09-28,STR001,SKU1001,279,Alpine Spring Water 1L
2025-09-28,STR001,SKU1002,349,CrispLite Potato Chips
2025-09-28,STR001,SKU1003,209,FreshBrew Coffee 250g
2025-09-28,STR001,SKU1004,304,GlowSkin Face Wash 100ml
2025-09-28,STR001,SKU1005,215,PureClean Detergent 1kg
2025-09-28,STR002,SKU1001,285,Alpine Spring Water 1L
2025-09-28,STR002,SKU1002,274,CrispLite Potato Chips
2025-09-28,STR002,SKU1003,291,FreshBrew Coffee 250g
2025-09-28,STR002,SKU1004,225,GlowSkin Face Wash 100ml
2025-09-28,STR002,SKU1005,318,PureClean Detergent 1kg
2025-09-28,STR003,SKU1001,258,Alpine Spring Water 1L
2025-09-28,STR003,SKU1002,388,CrispLite Potato Chips
2025-09-28,STR003,SKU1003,277,FreshBrew Coffee 250g
2025-09-28,STR003,SKU1004,298,GlowSkin Face Wash 100ml
2025-09-28,STR003,SKU1005,210,PureClean Detergent 1kg
2025-09-28,STR004,SKU1001,1904,Alpine Spring Water 1L
2025-09-28,STR004,SKU1002,1403,CrispLite Potato Chips
2025-09-28,STR004,SKU1003,1543,FreshBrew Coffee 250g
2025-09-28,STR004,SKU1004,1965,GlowSkin Face Wash 100ml
2025-09-28,STR004,SKU1005,995,PureClean Detergent 1kg
2025-09-28,STR005,SKU1001,1864,Alpine Spring Water 1L
2025-09-28,STR005,SKU1002,1711,CrispLite Potato Chips
2025-09-28,STR005,SKU1003,1448,FreshBrew Coffee 250g
2025-09-28,STR005,SKU1004,1791,GlowSkin Face Wash 100ml
2025-09-28,STR005,SKU1005,1639,PureClean Detergent 1kg
2025-09-28,STR006,SKU1001,911,Alpine Spring Water 1L
2025-09-28,STR006,SKU1002,631,CrispLite Potato Chips
2025-09-28,STR006,SKU1003,886,FreshBrew Coffee 250g
2025-09-28,STR006,SKU1004,597,GlowSkin Face Wash 100ml
2025-09-28,STR006,SKU1005,564,PureClean Detergent 1kg
2025-09-28,STR007,SKU1001,766,Alpine Spring Water 1L
2025-09-28,STR007,SKU1002,594,CrispLite Potato Chips
2025-09-28,STR007,SKU1003,818,FreshBrew Coffee 250g
2025-09-28,STR007,SKU1004,535,GlowSkin Face Wash 100ml
2025-09-28,STR007,SKU1005,734,PureClean Detergent 1kg
2025-09-28,STR008,SKU1001,925,Alpine Spring Water 1L
2025-09-28,STR008,SKU1002,514,CrispLite Potato Chips
2025-09-28,STR008,SKU1003,514,FreshBrew Coffee 250g
2025-09-28,STR008,SKU1004,807,GlowSkin Face Wash 100ml
2025-09-28,STR008,SKU1005,619,PureClean Detergent 1kg
2025-09-28,STR009,SKU1001,626,Alpine Spring Water 1L
2025-09-28,STR009,SKU1002,756,CrispLite Potato Chips
2025-09-28,STR009,SKU1003,626,FreshBrew Coffee 250g
2025-09-28,STR009,SKU1004,803,GlowSkin Face Wash 100ml
2025-09-28,STR009,SKU1005,567,PureClean Detergent 1kg
2025-09-28,STR010,SKU1001,559,Alpine Spring Water 1L
2025-09-28,STR010,SKU1002,769,CrispLite Potato Chips
2025-09-28,STR010,SKU1003,577,FreshBrew Coffee 250g
2025-09-28,STR010,SKU1004,770,GlowSkin Face Wash 100ml
2025-09-28,STR010,SKU1005,869,PureClean Detergent 1kg
2025-09-29,STR001,SKU1001,262,Alpine Spring Water 1L
2025-09-29,STR001,SKU1002,277,CrispLite Potato Chips
2025-09-29,STR001,SKU1003,327,FreshBrew Coffee 250g
2025-09-29,STR001,SKU1004,250,GlowSkin Face Wash 100ml
2025-09-29,STR001,SKU1005,276,PureClean Detergent 1kg
2025-09-29,STR002,SKU1001,226,Alpine Spring Water 1L
2025-09-29,STR002,SKU1002,293,CrispLite Potato Chips
2025-09-29,STR002,SKU1003,288,FreshBrew Coffee 250g
2025-09-29,STR002,SKU1004,295,GlowSkin Face Wash 100ml
2025-09-29,STR002,SKU1005,373,PureClean Detergent 1kg
2025-09-29,STR003,SKU1001,252,Alpine Spring Water 1L
2025-09-29,STR003,SKU1002,328,CrispLite Potato Chips
2025-09-29,STR003,SKU1003,253,FreshBrew Coffee 250g
2025-09-29,STR003,SKU1004,225,GlowSkin Face Wash 100ml
2025-09-29,STR003,SKU1005,350,PureClean Detergent 1kg
2025-09-29,STR004,SKU1001,1371,Alpine Spring Water 1L
2025-09-29,STR004,SKU1002,1650,CrispLite Potato Chips
2025-09-29,STR004,SKU1003,1645,FreshBrew Coffee 250g
2025-09-29,STR004,SKU1004,1589,GlowSkin Face Wash 100ml
2025-09-29,STR004,SKU1005,1689,PureClean Detergent 1kg
2025-09-29,STR005,SKU1001,2033,Alpine Spring Water 1L
2025-09-29,STR005,SKU1002,1100,CrispLite Potato Chips
2025-09-29,STR005,SKU1003,1396,FreshBrew Coffee 250g
2025-09-29,STR005,SKU1004,1867,GlowSkin Face Wash 100ml
2025-09-29,STR005,SKU1005,1429,PureClean Detergent 1kg
2025-09-29,STR006,SKU1001,634,Alpine Spring Water 1L
2025-09-29,STR006,SKU1002,501,CrispLite Potato Chips
2025-09-29,STR006,SKU1003,843,FreshBrew Coffee 250g
2025-09-29,STR006,SKU1004,551,GlowSkin Face Wash 100ml
2025-09-29,STR006,SKU1005,841,PureClean Detergent 1kg
2025-09-29,STR007,SKU1001,613,Alpine Spring Water 1L
2025-09-29,STR007,SKU1002,688,CrispLite Potato Chips
2025-09-29,STR007,SKU1003,518,FreshBrew Coffee 250g
2025-09-29,STR007,SKU1004,727,GlowSkin Face Wash 100ml
2025-09-29,STR007,SKU1005,615,PureClean Detergent 1kg
2025-09-29,STR008,SKU1001,697,Alpine Spring Water 1L
2025-09-29,STR008,SKU1002,651,CrispLite Potato Chips
2025-09-29,STR008,SKU1003,646,FreshBrew Coffee 250g
2025-09-29,STR008,SKU1004,592,GlowSkin Face Wash 100ml
2025-09-29,STR008,SKU1005,645,PureClean Detergent 1kg
2025-09-29,STR009,SKU1001,562,Alpine Spring Water 1L
2025-09-29,STR009,SKU1002,782,CrispLite Potato Chips
2025-09-29,STR009,SKU1003,609,FreshBrew Coffee 250g
2025-09-29,STR009,SKU1004,700,GlowSkin Face Wash 100ml
2025-09-29,STR009,SKU1005,926,PureClean Detergent 1kg
2025-09-29,STR010,SKU1001,648,Alpine Spring Water 1L
2025-09-29,STR010,SKU1002,536,CrispLite Potato Chips
2025-09-29,STR010,SKU1003,750,FreshBrew Coffee 250g
2025-09-29,STR010,SKU1004,707,GlowSkin Face Wash 100ml
2025-09-29,STR010,SKU1005,544,PureClean Detergent 1kg
2025-09-30,STR001,SKU1001,374,Alpine Spring Water 1L
2025-09-30,STR001,SKU1002,290,CrispLite Potato Chips
2025-09-30,STR001,SKU1003,274,FreshBrew Coffee 250g
2025-09-30,STR001,SKU1004,368,GlowSkin Face Wash 100ml
2025-09-30,STR001,SKU1005,335,PureClean Detergent 1kg
2025-09-30,STR002,SKU1001,398,Alpine Spring Water 1L
2025-09-30,STR002,SKU1002,284,CrispLite Potato Chips
2025-09-30,STR002,SKU1003,222,FreshBrew Coffee 250g
2025-09-30,STR002,SKU1004,208,GlowSkin Face Wash 100ml
2025-09-30,STR002,SKU1005,327,PureClean Detergent 1kg
2025-09-30,STR003,SKU1001,205,Alpine Spring Water 1L
2025-09-30,STR003,SKU1002,356,CrispLite Potato Chips
2025-09-30,STR003,SKU1003,383,FreshBrew Coffee 250g
2025-09-30,STR003,SKU1004,296,GlowSkin Face Wash 100ml
2025-09-30,STR003,SKU1005,324,PureClean Detergent 1kg
2025-09-30,STR004,SKU1001,1444,Alpine Spring Water 1L
2025-09-30,STR004,SKU1002,1113,CrispLite Potato Chips
2025-09-30,STR004,SKU1003,1491,FreshBrew Coffee 250g
2025-09-30,STR004,SKU1004,1666,GlowSkin Face Wash 100ml
2025-09-30,STR004,SKU1005,1658,PureClean Detergent 1kg
2025-09-30,STR005,SKU1001,1430,Alpine Spring Water 1L
2025-09-30,STR005,SKU1002,1254,CrispLite Potato Chips
2025-09-30,STR005,SKU1003,1362,FreshBrew Coffee 250g
2025-09-30,STR005,SKU1004,1624,GlowSkin Face Wash 100ml
2025-09-30,STR005,SKU1005,1161,PureClean Detergent 1kg
2025-09-30,STR006,SKU1001,551,Alpine Spring Water 1L
2025-09-30,STR006,SKU1002,892,CrispLite Potato Chips
2025-09-30,STR006,SKU1003,863,FreshBrew Coffee 250g
2025-09-30,STR006,SKU1004,726,GlowSkin Face Wash 100ml
2025-09-30,STR006,SKU1005,780,PureClean Detergent 1kg
2025-09-30,STR007,SKU1001,791,Alpine Spring Water 1L
2025-09-30,STR007,SKU1002,800,CrispLite Potato Chips
2025-09-30,STR007,SKU1003,738,FreshBrew Coffee 250g
2025-09-30,STR007,SKU1004,578,GlowSkin Face Wash 100ml
2025-09-30,STR007,SKU1005,881,PureClean Detergent 1kg
2025-09-30,STR008,SKU1001,574,Alpine Spring Water 1L
2025-09-30,STR008,SKU1002,579,CrispLite Potato Chips
2025-09-30,STR008,SKU1003,871,FreshBrew Coffee 250g
2025-09-30,STR008,SKU1004,783,GlowSkin Face Wash 100ml
2025-09-30,STR008,SKU1005,822,PureClean Detergent 1kg
2025-09-30,STR009,SKU1001,655,Alpine Spring Water 1L
2025-09-30,STR009,SKU1002,569,CrispLite Potato Chips
2025-09-30,STR009,SKU1003,622,FreshBrew Coffee 250g
2025-09-30,STR009,SKU1004,751,GlowSkin Face Wash 100ml
2025-09-30,STR009,SKU1005,577,PureClean Detergent 1kg
2025-09-30,STR010,SKU1001,806,Alpine Spring Water 1L
2025-09-30,STR010,SKU1002,750,CrispLite Potato Chips
2025-09-30,STR010,SKU1003,766,FreshBrew Coffee 250g
2025-09-30,STR010,SKU1004,889,GlowSkin Face Wash 100ml
2025-09-30,STR010,SKU1005,635,PureClean Detergent 1kg
2025-10-01,STR001,SKU1001,361,Alpine Spring Water 1L
2025-10-01,STR001,SKU1002,229,CrispLite Potato Chips
2025-10-01,STR001,SKU1003,279,FreshBrew Coffee 250g
2025-10-01,STR001,SKU1004,282,GlowSkin Face Wash 100ml
2025-10-01,STR001,SKU1005,344,PureClean Detergent 1kg
2025-10-01,STR002,SKU1001,285,Alpine Spring Water 1L
2025-10-01,STR002,SKU1002,378,CrispLite Potato Chips
2025-10-01,STR002,SKU1003,363,FreshBrew Coffee 250g
2025-10-01,STR002,SKU1004,316,GlowSkin Face Wash 100ml
2025-10-01,STR002,SKU1005,200,PureClean Detergent 1kg
2025-10-01,STR003,SKU1001,243,Alpine Spring Water 1L
2025-10-01,STR003,SKU1002,264,CrispLite Potato Chips
2025-10-01,STR003,SKU1003,277,FreshBrew Coffee 250g
2025-10-01,STR003,SKU1004,343,GlowSkin Face Wash 100ml
2025-10-01,STR003,SKU1005,343,PureClean Detergent 1kg
2025-10-01,STR004,SKU1001,1546,Alpine Spring Water 1L
2025-10-01,STR004,SKU1002,1175,CrispLite Potato Chips
2025-10-01,STR004,SKU1003,2068,FreshBrew Coffee 250g
2025-10-01,STR004,SKU1004,1790,GlowSkin Face Wash 100ml
2025-10-01,STR004,SKU1005,1131,PureClean Detergent 1kg
2025-10-01,STR005,SKU1001,1869,Alpine Spring Water 1L
2025-10-01,STR005,SKU1002,1242,CrispLite Potato Chips
2025-10-01,STR005,SKU1003,1715,FreshBrew Coffee 250g
2025-10-01,STR005,SKU1004,1796,GlowSkin Face Wash 100ml
2025-10-01,STR005,SKU1005,1328,PureClean Detergent 1kg
2025-10-01,STR006,SKU1001,785,Alpine Spring Water 1L
2025-10-01,STR006,SKU1002,856,CrispLite Potato Chips
2025-10-01,STR006,SKU1003,556,FreshBrew Coffee 250g
2025-10-01,STR006,SKU1004,517,GlowSkin Face Wash 100ml
2025-10-01,STR006,SKU1005,586,PureClean Detergent 1kg
2025-10-01,STR007,SKU1001,533,Alpine Spring Water 1L
2025-10-01,STR007,SKU1002,755,CrispLite Potato Chips
2025-10-01,STR007,SKU1003,681,FreshBrew Coffee 250g
2025-10-01,STR007,SKU1004,827,GlowSkin Face Wash 100ml
2025-10-01,STR007,SKU1005,790,PureClean Detergent 1kg
2025-10-01,STR008,SKU1001,883,Alpine Spring Water 1L
2025-10-01,STR008,SKU1002,641,CrispLite Potato Chips
2025-10-01,STR008,SKU1003,826,FreshBrew Coffee 250g
2025-10-01,STR008,SKU1004,865,GlowSkin Face Wash 100ml
2025-10-01,STR008,SKU1005,615,PureClean Detergent 1kg
2025-10-01,STR009,SKU1001,602,Alpine Spring Water 1L
2025-10-01,STR009,SKU1002,723,CrispLite Potato Chips
2025-10-01,STR009,SKU1003,812,FreshBrew Coffee 250g
2025-10-01,STR009,SKU1004,793,GlowSkin Face Wash 100ml
2025-10-01,STR009,SKU1005,514,PureClean Detergent 1kg
2025-10-01,STR010,SKU1001,517,Alpine Spring Water 1L
2025-10-01,STR010,SKU1002,863,CrispLite Potato Chips
2025-10-01,STR010,SKU1003,539,FreshBrew Coffee 250g
2025-10-01,STR010,SKU1004,912,GlowSkin Face Wash 100ml
2025-10-01,STR010,SKU1005,610,PureClean Detergent 1kg
2025-10-02,STR001,SKU1001,309,Alpine Spring Water 1L
2025-10-02,STR001,SKU1002,233,CrispLite Potato Chips
2025-10-02,STR001,SKU1003,213,FreshBrew Coffee 250g
2025-10-02,STR001,SKU1004,239,GlowSkin Face Wash 100ml
2025-10-02,STR001,SKU1005,240,PureClean Detergent 1kg
2025-10-02,STR002,SKU1001,249,Alpine Spring Water 1L
2025-10-02,STR002,SKU1002,396,CrispLite Potato Chips
2025-10-02,STR002,SKU1003,287,FreshBrew Coffee 250g
2025-10-02,STR002,SKU1004,258,GlowSkin Face Wash 100ml
2025-10-02,STR002,SKU1005,335,PureClean Detergent 1kg
2025-10-02,STR003,SKU1001,234,Alpine Spring Water 1L
2025-10-02,STR003,SKU1002,308,CrispLite Potato Chips
2025-10-02,STR003,SKU1003,309,FreshBrew Coffee 250g
2025-10-02,STR003,SKU1004,373,GlowSkin Face Wash 100ml
2025-10-02,STR003,SKU1005,356,PureClean Detergent 1kg
2025-10-02,STR004,SKU1001,1370,Alpine Spring Water 1L
2025-10-02,STR004,SKU1002,1289,CrispLite Potato Chips
2025-10-02,STR004,SKU1003,1540,FreshBrew Coffee 250g
2025-10-02,STR004,SKU1004,1725,GlowSkin Face Wash 100ml
2025-10-02,STR004,SKU1005,1498,PureClean Detergent 1kg
2025-10-02,STR005,SKU1001,1019,Alpine Spring Water 1L
2025-10-02,STR005,SKU1002,1326,CrispLite Potato Chips
2025-10-02,STR005,SKU1003,1560,FreshBrew Coffee 250g
2025-10-02,STR005,SKU1004,966,GlowSkin Face Wash 100ml
2025-10-02,STR005,SKU1005,1810,PureClean Detergent 1kg
2025-10-02,STR006,SKU1001,560,Alpine Spring Water 1L
2025-10-02,STR006,SKU1002,854,CrispLite Potato Chips
2025-10-02,STR006,SKU1003,690,FreshBrew Coffee 250g
2025-10-02,STR006,SKU1004,509,GlowSkin Face Wash 100ml
2025-10-02,STR006,SKU1005,750,PureClean Detergent 1kg
2025-10-02,STR007,SKU1001,710,Alpine Spring Water 1L
2025-10-02,STR007,SKU1002,614,CrispLite Potato Chips
2025-10-02,STR007,SKU1003,615,FreshBrew Coffee 250g
2025-10-02,STR007,SKU1004,875,GlowSkin Face Wash 100ml
2025-10-02,STR007,SKU1005,501,PureClean Detergent 1kg
2025-10-02,STR008,SKU1001,751,Alpine Spring Water 1L
2025-10-02,STR008,SKU1002,606,CrispLite Potato Chips
2025-10-02,STR008,SKU1003,627,FreshBrew Coffee 250g
2025-10-02,STR008,SKU1004,863,GlowSkin Face Wash 100ml
2025-10-02,STR008,SKU1005,717,PureClean Detergent 1kg
2025-10-02,STR009,SKU1001,818,Alpine Spring Water 1L
2025-10-02,STR009,SKU1002,827,CrispLite Potato Chips
2025-10-02,STR009,SKU1003,575,FreshBrew Coffee 250g
2025-10-02,STR009,SKU1004,864,GlowSkin Face Wash 100ml
2025-10-02,STR009,SKU1005,768,PureClean Detergent 1kg
2025-10-02,STR010,SKU1001,576,Alpine Spring Water 1L
2025-10-02,STR010,SKU1002,529,CrispLite Potato Chips
2025-10-02,STR010,SKU1003,672,FreshBrew Coffee 250g
2025-10-02,STR010,SKU1004,917,GlowSkin Face Wash 100ml
2025-10-02,STR010,SKU1005,607,PureClean Detergent 1kg
2025-10-03,STR001,SKU1001,318,Alpine Spring Water 1L
2025-10-03,STR001,SKU1002,360,CrispLite Potato Chips
2025-10-03,STR001,SKU1003,285,FreshBrew Coffee 250g
2025-10-03,STR001,SKU1004,288,GlowSkin Face Wash 100ml
2025-10-03,STR001,SKU1005,390,PureClean Detergent 1kg
2025-10-03,STR002,SKU1001,367,Alpine Spring Water 1L
2025-10-03,STR002,SKU1002,277,CrispLite Potato Chips
2025-10-03,STR002,SKU1003,338,FreshBrew Coffee 250g
2025-10-03,STR002,SKU1004,312,GlowSkin Face Wash 100ml
2025-10-03,STR002,SKU1005,258,PureClean Detergent 1kg
2025-10-03,STR003,SKU1001,371,Alpine Spring Water 1L
2025-10-03,STR003,SKU1002,394,CrispLite Potato Chips
2025-10-03,STR003,SKU1003,262,FreshBrew Coffee 250g
2025-10-03,STR003,SKU1004,251,GlowSkin Face Wash 100ml
2025-10-03,STR003,SKU1005,407,PureClean Detergent 1kg
2025-10-03,STR004,SKU1001,1457,Alpine Spring Water 1L
2025-10-03,STR004,SKU1002,1042,CrispLite Potato Chips
2025-10-03,STR004,SKU1003,1711,FreshBrew Coffee 250g
2025-10-03,STR004,SKU1004,1808,GlowSkin Face Wash 100ml
2025-10-03,STR004,SKU1005,1267,PureClean Detergent 1kg
2025-10-03,STR005,SKU1001,1341,Alpine Spring Water 1L
2025-10-03,STR005,SKU1002,1870,CrispLite Potato Chips
2025-10-03,STR005,SKU1003,1781,FreshBrew Coffee 250g
2025-10-03,STR005,SKU1004,963,GlowSkin Face Wash 100ml
2025-10-03,STR005,SKU1005,1603,PureClean Detergent 1kg
2025-10-03,STR006,SKU1001,564,Alpine Spring Water 1L
2025-10-03,STR006,SKU1002,490,CrispLite Potato Chips
2025-10-03,STR006,SKU1003,673,FreshBrew Coffee 250g
2025-10-03,STR006,SKU1004,877,GlowSkin Face Wash 100ml
2025-10-03,STR006,SKU1005,906,PureClean Detergent 1kg
2025-10-03,STR007,SKU1001,507,Alpine Spring Water 1L
2025-10-03,STR007,SKU1002,551,CrispLite Potato Chips
2025-10-03,STR007,SKU1003,650,FreshBrew Coffee 250g
2025-10-03,STR007,SKU1004,733,GlowSkin Face Wash 100ml
2025-10-03,STR007,SKU1005,676,PureClean Detergent 1kg
2025-10-03,STR008,SKU1001,853,Alpine Spring Water 1L
2025-10-03,STR008,SKU1002,745,CrispLite Potato Chips
2025-10-03,STR008,SKU1003,694,FreshBrew Coffee 250g
2025-10-03,STR008,SKU1004,536,GlowSkin Face Wash 100ml
2025-10-03,STR008,SKU1005,684,PureClean Detergent 1kg
2025-10-03,STR009,SKU1001,860,Alpine Spring Water 1L
2025-10-03,STR009,SKU1002,560,CrispLite Potato Chips
2025-10-03,STR009,SKU1003,844,FreshBrew Coffee 250g
2025-10-03,STR009,SKU1004,718,GlowSkin Face Wash 100ml
2025-10-03,STR009,SKU1005,650,PureClean Detergent 1kg
2025-10-03,STR010,SKU1001,599,Alpine Spring Water 1L
2025-10-03,STR010,SKU1002,887,CrispLite Potato Chips
2025-10-03,STR010,SKU1003,794,FreshBrew Coffee 250g
2025-10-03,STR010,SKU1004,487,GlowSkin Face Wash 100ml
2025-10-03,STR010,SKU1005,795,PureClean Detergent 1kg
2025-10-04,STR001,SKU1001,247,Alpine Spring Water 1L
2025-10-04,STR001,SKU1002,248,CrispLite Potato Chips
2025-10-04,STR001,SKU1003,242,FreshBrew Coffee 250g
2025-10-04,STR001,SKU1004,393,GlowSkin Face Wash 100ml
2025-10-04,STR001,SKU1005,293,PureClean Detergent 1kg
2025-10-04,STR002,SKU1001,355,Alpine Spring Water 1L
2025-10-04,STR002,SKU1002,296,CrispLite Potato Chips
2025-10-04,STR002,SKU1003,382,FreshBrew Coffee 250g
2025-10-04,STR002,SKU1004,254,GlowSkin Face Wash 100ml
2025-10-04,STR002,SKU1005,387,PureClean Detergent 1kg
2025-10-04,STR003,SKU1001,321,Alpine Spring Water 1L
2025-10-04,STR003,SKU1002,311,CrispLite Potato Chips
2025-10-04,STR003,SKU1003,308,FreshBrew Coffee 250g
2025-10-04,STR003,SKU1004,323,GlowSkin Face Wash 100ml
2025-10-04,STR003,SKU1005,232,PureClean Detergent 1kg
2025-10-04,STR004,SKU1001,1746,Alpine Spring Water 1L
2025-10-04,STR004,SKU1002,1745,CrispLite Potato Chips
2025-10-04,STR004,SKU1003,1437,FreshBrew Coffee 250g
2025-10-04,STR004,SKU1004,1780,GlowSkin Face Wash 100ml
2025-10-04,STR004,SKU1005,1674,PureClean Detergent 1kg
2025-10-04,STR005,SKU1001,951,Alpine Spring Water 1L
2025-10-04,STR005,SKU1002,1683,CrispLite Potato Chips
2025-10-04,STR005,SKU1003,1972,FreshBrew Coffee 250g
2025-10-04,STR005,SKU1004,1737,GlowSkin Face Wash 100ml
2025-10-04,STR005,SKU1005,1253,PureClean Detergent 1kg
2025-10-04,STR006,SKU1001,660,Alpine Spring Water 1L
2025-10-04,STR006,SKU1002,770,CrispLite Potato Chips
2025-10-04,STR006,SKU1003,571,FreshBrew Coffee 250g
2025-10-04,STR006,SKU1004,744,GlowSkin Face Wash 100ml
2025-10-04,STR006,SKU1005,580,PureClean Detergent 1kg
2025-10-04,STR007,SKU1001,542,Alpine Spring Water 1L
2025-10-04,STR007,SKU1002,683,CrispLite Potato Chips
2025-10-04,STR007,SKU1003,900,FreshBrew Coffee 250g
2025-10-04,STR007,SKU1004,661,GlowSkin Face Wash 100ml
2025-10-04,STR007,SKU1005,613,PureClean Detergent 1kg
2025-10-04,STR008,SKU1001,755,Alpine Spring Water 1L
2025-10-04,STR008,SKU1002,642,CrispLite Potato Chips
2025-10-04,STR008,SKU1003,829,FreshBrew Coffee 250g
2025-10-04,STR008,SKU1004,730,GlowSkin Face Wash 100ml
2025-10-04,STR008,SKU1005,756,PureClean Detergent 1kg
2025-10-04,STR009,SKU1001,702,Alpine Spring Water 1L
2025-10-04,STR009,SKU1002,660,CrispLite Potato Chips
2025-10-04,STR009,SKU1003,737,FreshBrew Coffee 250g
2025-10-04,STR009,SKU1004,850,GlowSkin Face Wash 100ml
2025-10-04,STR009,SKU1005,554,PureClean Detergent 1kg
2025-10-04,STR010,SKU1001,712,Alpine Spring Water 1L
2025-10-04,STR010,SKU1002,631,CrispLite Potato Chips
2025-10-04,STR010,SKU1003,622,FreshBrew Coffee 250g
2025-10-04,STR010,SKU1004,805,GlowSkin Face Wash 100ml
2025-10-04,STR010,SKU1005,767,PureClean Detergent 1kg
2025-10-05,STR001,SKU1001,351,Alpine Spring Water 1L
2025-10-05,STR001,SKU1002,360,CrispLite Potato Chips
2025-10-05,STR001,SKU1003,201,FreshBrew Coffee 250g
2025-10-05,STR001,SKU1004,331,GlowSkin Face Wash 100ml
2025-10-05,STR001,SKU1005,352,PureClean Detergent 1kg
2025-10-05,STR002,SKU1001,262,Alpine Spring Water 1L
2025-10-05,STR002,SKU1002,371,CrispLite Potato Chips
2025-10-05,STR002,SKU1003,310,FreshBrew Coffee 250g
2025-10-05,STR002,SKU1004,290,GlowSkin Face Wash 100ml
2025-10-05,STR002,SKU1005,347,PureClean Detergent 1kg
2025-10-05,STR003,SKU1001,380,Alpine Spring Water 1L
2025-10-05,STR003,SKU1002,287,CrispLite Potato Chips
2025-10-05,STR003,SKU1003,343,FreshBrew Coffee 250g
2025-10-05,STR003,SKU1004,203,GlowSkin Face Wash 100ml
2025-10-05,STR003,SKU1005,241,PureClean Detergent 1kg
2025-10-05,STR004,SKU1001,1931,Alpine Spring Water 1L
2025-10-05,STR004,SKU1002,1263,CrispLite Potato Chips
2025-10-05,STR004,SKU1003,1717,FreshBrew Coffee 250g
2025-10-05,STR004,SKU1004,1983,GlowSkin Face Wash 100ml
2025-10-05,STR004,SKU1005,1522,PureClean Detergent 1kg
2025-10-05,STR005,SKU1001,1542,Alpine Spring Water 1L
2025-10-05,STR005,SKU1002,1431,CrispLite Potato Chips
2025-10-05,STR005,SKU1003,1586,FreshBrew Coffee 250g
2025-10-05,STR005,SKU1004,1474,GlowSkin Face Wash 100ml
2025-10-05,STR005,SKU1005,1098,PureClean Detergent 1kg
2025-10-05,STR006,SKU1001,691,Alpine Spring Water 1L
2025-10-05,STR006,SKU1002,678,CrispLite Potato Chips
2025-10-05,STR006,SKU1003,613,FreshBrew Coffee 250g
2025-10-05,STR006,SKU1004,569,GlowSkin Face Wash 100ml
2025-10-05,STR006,SKU1005,547,PureClean Detergent 1kg
2025-10-05,STR007,SKU1001,757,Alpine Spring Water 1L
2025-10-05,STR007,SKU1002,796,CrispLite Potato Chips
2025-10-05,STR007,SKU1003,714,FreshBrew Coffee 250g
2025-10-05,STR007,SKU1004,581,GlowSkin Face Wash 100ml
2025-10-05,STR007,SKU1005,825,PureClean Detergent 1kg
2025-10-05,STR008,SKU1001,818,Alpine Spring Water 1L
2025-10-05,STR008,SKU1002,522,CrispLite Potato Chips
2025-10-05,STR008,SKU1003,661,FreshBrew Coffee 250g
2025-10-05,STR008,SKU1004,851,GlowSkin Face Wash 100ml
2025-10-05,STR008,SKU1005,837,PureClean Detergent 1kg
2025-10-05,STR009,SKU1001,837,Alpine Spring Water 1L
2025-10-05,STR009,SKU1002,682,CrispLite Potato Chips
2025-10-05,STR009,SKU1003,524,FreshBrew Coffee 250g
2025-10-05,STR009,SKU1004,697,GlowSkin Face Wash 100ml
2025-10-05,STR009,SKU1005,818,PureClean Detergent 1kg
2025-10-05,STR010,SKU1001,515,Alpine Spring Water 1L
2025-10-05,STR010,SKU1002,554,CrispLite Potato Chips
2025-10-05,STR010,SKU1003,817,FreshBrew Coffee 250g
2025-10-05,STR010,SKU1004,827,GlowSkin Face Wash 100ml
2025-10-05,STR010,SKU1005,871,PureClean Detergent 1kg
2025-10-06,STR001,SKU1001,343,Alpine Spring Water 1L
2025-10-06,STR001,SKU1002,249,CrispLite Potato Chips
2025-10-06,STR001,SKU1003,362,FreshBrew Coffee 250g
2025-10-06,STR001,SKU1004,274,GlowSkin Face Wash 100ml
2025-10-06,STR001,SKU1005,225,PureClean Detergent 1kg
2025-10-06,STR002,SKU1001,317,Alpine Spring Water 1L
2025-10-06,STR002,SKU1002,236,CrispLite Potato Chips
2025-10-06,STR002,SKU1003,229,FreshBrew Coffee 250g
2025-10-06,STR002,SKU1004,213,GlowSkin Face Wash 100ml
2025-10-06,STR002,SKU1005,331,PureClean Detergent 1kg
2025-10-06,STR003,SKU1001,406,Alpine Spring Water 1L
2025-10-06,STR003,SKU1002,256,CrispLite Potato Chips
2025-10-06,STR003,SKU1003,351,FreshBrew Coffee 250g
2025-10-06,STR003,SKU1004,346,GlowSkin Face Wash 100ml
2025-10-06,STR003,SKU1005,204,PureClean Detergent 1kg
2025-10-06,STR004,SKU1001,1600,Alpine Spring Water 1L
2025-10-06,STR004,SKU1002,2076,CrispLite Potato Chips
2025-10-06,STR004,SKU1003,1986,FreshBrew Coffee 250g
2025-10-06,STR004,SKU1004,1415,GlowSkin Face Wash 100ml
2025-10-06,STR004,SKU1005,1237,PureClean Detergent 1kg
2025-10-06,STR005,SKU1001,1233,Alpine Spring Water 1L
2025-10-06,STR005,SKU1002,1885,CrispLite Potato Chips
2025-10-06,STR005,SKU1003,1508,FreshBrew Coffee 250g
2025-10-06,STR005,SKU1004,1405,GlowSkin Face Wash 100ml
2025-10-06,STR005,SKU1005,2003,PureClean Detergent 1kg
2025-10-06,STR006,SKU1001,584,Alpine Spring Water 1L
2025-10-06,STR006,SKU1002,481,CrispLite Potato Chips
2025-10-06,STR006,SKU1003,521,FreshBrew Coffee 250g
2025-10-06,STR006,SKU1004,683,GlowSkin Face Wash 100ml
2025-10-06,STR006,SKU1005,892,PureClean Detergent 1kg
2025-10-06,STR007,SKU1001,539,Alpine Spring Water 1L
2025-10-06,STR007,SKU1002,516,CrispLite Potato Chips
2025-10-06,STR007,SKU1003,485,FreshBrew Coffee 250g
2025-10-06,STR007,SKU1004,611,GlowSkin Face Wash 100ml
2025-10-06,STR007,SKU1005,554,PureClean Detergent 1kg
2025-10-06,STR008,SKU1001,694,Alpine Spring Water 1L
2025-10-06,STR008,SKU1002,684,CrispLite Potato Chips
2025-10-06,STR008,SKU1003,770,FreshBrew Coffee 250g
2025-10-06,STR008,SKU1004,490,GlowSkin Face Wash 100ml
2025-10-06,STR008,SKU1005,902,PureClean Detergent 1kg
2025-10-06,STR009,SKU1001,806,Alpine Spring Water 1L
2025-10-06,STR009,SKU1002,884,CrispLite Potato Chips
2025-10-06,STR009,SKU1003,817,FreshBrew Coffee 250g
2025-10-06,STR009,SKU1004,813,GlowSkin Face Wash 100ml
2025-10-06,STR009,SKU1005,690,PureClean Detergent 1kg
2025-10-06,STR010,SKU1001,898,Alpine Spring Water 1L
2025-10-06,STR010,SKU1002,615,CrispLite Potato Chips
2025-10-06,STR010,SKU1003,595,FreshBrew Coffee 250g
2025-10-06,STR010,SKU1004,746,GlowSkin Face Wash 100ml
2025-10-06,STR010,SKU1005,686,PureClean Detergent 1kg
2025-10-07,STR001,SKU1001,316,Alpine Spring Water 1L
2025-10-07,STR001,SKU1002,307,CrispLite Potato Chips
2025-10-07,STR001,SKU1003,252,FreshBrew Coffee 250g
2025-10-07,STR001,SKU1004,386,GlowSkin Face Wash 100ml
2025-10-07,STR001,SKU1005,315,PureClean Detergent 1kg
2025-10-07,STR002,SKU1001,369,Alpine Spring Water 1L
2025-10-07,STR002,SKU1002,334,CrispLite Potato Chips
2025-10-07,STR002,SKU1003,283,FreshBrew Coffee 250g
2025-10-07,STR002,SKU1004,207,GlowSkin Face Wash 100ml
2025-10-07,STR002,SKU1005,256,PureClean Detergent 1kg
2025-10-07,STR003,SKU1001,367,Alpine Spring Water 1L
2025-10-07,STR003,SKU1002,230,CrispLite Potato Chips
2025-10-07,STR003,SKU1003,255,FreshBrew Coffee 250g
2025-10-07,STR003,SKU1004,199,GlowSkin Face Wash 100ml
2025-10-07,STR003,SKU1005,283,PureClean Detergent 1kg
2025-10-07,STR004,SKU1001,1013,Alpine Spring Water 1L
2025-10-07,STR004,SKU1002,1653,CrispLite Potato Chips
2025-10-07,STR004,SKU1003,1582,FreshBrew Coffee 250g
2025-10-07,STR004,SKU1004,1590,GlowSkin Face Wash 100ml
2025-10-07,STR004,SKU1005,1669,PureClean Detergent 1kg
2025-10-07,STR005,SKU1001,1154,Alpine Spring Water 1L
2025-10-07,STR005,SKU1002,1852,CrispLite Potato Chips
2025-10-07,STR005,SKU1003,1832,FreshBrew Coffee 250g
2025-10-07,STR005,SKU1004,1234,GlowSkin Face Wash 100ml
2025-10-07,STR005,SKU1005,2061,PureClean Detergent 1kg
2025-10-07,STR006,SKU1001,949,Alpine Spring Water 1L
2025-10-07,STR006,SKU1002,764,CrispLite Potato Chips
2025-10-07,STR006,SKU1003,786,FreshBrew Coffee 250g
2025-10-07,STR006,SKU1004,873,GlowSkin Face Wash 100ml
2025-10-07,STR006,SKU1005,617,PureClean Detergent 1kg
2025-10-07,STR007,SKU1001,671,Alpine Spring Water 1L
2025-10-07,STR007,SKU1002,729,CrispLite Potato Chips
2025-10-07,STR007,SKU1003,707,FreshBrew Coffee 250g
2025-10-07,STR007,SKU1004,564,GlowSkin Face Wash 100ml
2025-10-07,STR007,SKU1005,701,PureClean Detergent 1kg
2025-10-07,STR008,SKU1001,494,Alpine Spring Water 1L
2025-10-07,STR008,SKU1002,747,CrispLite Potato Chips
2025-10-07,STR008,SKU1003,612,FreshBrew Coffee 250g
2025-10-07,STR008,SKU1004,567,GlowSkin Face Wash 100ml
2025-10-07,STR008,SKU1005,728,PureClean Detergent 1kg
2025-10-07,STR009,SKU1001,748,Alpine Spring Water 1L
2025-10-07,STR009,SKU1002,810,CrispLite Potato Chips
2025-10-07,STR009,SKU1003,821,FreshBrew Coffee 250g
2025-10-07,STR009,SKU1004,737,GlowSkin Face Wash 100ml
2025-10-07,STR009,SKU1005,805,PureClean Detergent 1kg
2025-10-07,STR010,SKU1001,921,Alpine Spring Water 1L
2025-10-07,STR010,SKU1002,481,CrispLite Potato Chips
2025-10-07,STR010,SKU1003,701,FreshBrew Coffee 250g
2025-10-07,STR010,SKU1004,505,GlowSkin Face Wash 100ml
2025-10-07,STR010,SKU1005,720,PureClean Detergent 1kg
