Store ID,RMSE,MAE,MAPE,n
S004,433.7185817356912,349.7165077164913,13.828106920041977,144
S001,483.60400453483504,390.37967403263417,15.14948916822115,144
S003,531.3311485950345,422.6286087898728,15.825820783636383,144
S005,528.0416038422164,417.6468464795677,16.463746957347848,144
S002,501.0210575226011,405.7877512544376,16.54765559053802,144
